timestamp,car_position_x,car_position_y,angle,speed,sensor_distances,traffic_light_state,action_taken,reward,ai_mode,scenario
1765199216.869623,0.5246422242724077,0.05,47.71680661463634,0.9393351931428775,"[0.18626557010198305, 0.3320108054968611, 0.621303120445386, 0.6584124748189738, 0.698271666311171, 0.9003657862334364, 0.9531853498353262]",yellow,"{""turn_left"": true}",5.036845296833372,hybrid,edge_case_road_boundary
1765199217.869623,0.6219023058859852,0.25051049558038696,-164.58177671816802,3.318228447057492,"[0.6222425107665925, 0.7326077256778226, 0.754503692655272, 0.7919380667444877, 0.6782816615340346, 0.6624314252008203, 0.5290777076799695]",green,"{""turn_left"": true}",7.323976488938635,pure_ml,normal_driving
1765199218.869623,0.6225739515769927,0.4470636598874972,124.60592793991776,2.9853052427141984,"[0.7292016053822465, 0.7246274981393648, 0.4760145051429148, 0.7239991842470671, 0.46175604258746666, 0.9753244646789752, 0.5061168424525762]",green,"{""accelerate"": true}",9.627838656265958,hybrid,normal_driving
1765199219.869623,0.5661045058308162,0.6361652104886473,-85.20399113664551,4.439985510642499,"[0.4622355387737668, 0.7125650004989399, 0.5578054154204716, 0.8624814371223155, 0.7453760466699706, 0.6568359441018511, 0.7982645317698134]",green,"{""accelerate"": true}",13.888057292257665,pure_ml,normal_driving
1765199220.869623,0.5205963901663703,0.7968988344849877,-40.98830575016091,2.6670103063816164,"[0.6702638480450898, 0.8000069212229121, 0.45960495049716227, 0.555512941940006, 0.9900823424165761, 0.4787403139046352, 0.7420284202826373]",green,"{""turn_left"": true}",4.790649151723121,hybrid,normal_driving
1765199221.869623,0.6465394932175292,0.2959030135016519,-33.13468934257774,0.43364178304684786,"[0.19199097077438076, 0.09259700351237521, 0.09678123439505182, 0.29854739960785304, 0.26392244271214654, 0.4332569537084372, 0.6157671352182655]",yellow,"{""brake"": true}",-4.285266704868971,pure_ml,collision_avoidance
1765199222.869623,0.4144400923044137,0.36900373644292367,-67.84884293669107,3.5352435513096614,"[0.5822480205493608, 0.6717049389528744, 0.7317466895344718, 0.5945021876196861, 0.4583886164917287, 0.944208657041953, 0.9566003857293082]",yellow,"{""change_lane_left"": true}",9.080546161467032,hybrid,normal_driving
1765199223.869623,0.18410578667140706,0.33038083974690036,-94.65047040095766,2.6728832520836803,"[0.5948081882548805, 0.92973765687297, 0.7188870087689434, 0.40770137319519917, 0.7668303492601858, 0.708273282507978, 0.5744001936840843]",yellow,"{""change_lane_left"": true}",6.384593358721174,pure_ml,normal_driving
1765199224.869623,0.7440386090044436,0.5608720615617451,-118.55610458829203,4.0473163791398745,"[0.4290488315187248, 0.8012182539965556, 0.47526519753594315, 0.7248052237730576, 0.6080675915152141, 0.9435768002787592, 0.736088269497223]",green,"{""accelerate"": true}",11.638276051787216,hybrid,normal_driving
1765199225.869623,0.8899814075378143,0.7590862445421809,-176.619437084842,2.6409039771796614,"[0.6097846740490372, 0.8931086483416626, 0.9590788318836224, 0.7639983060826712, 0.7355683520197499, 0.6340864293637425, 0.5582638388532821]",yellow,"{""accelerate"": true}",13.199121094710451,pure_ml,normal_driving
1765199226.869623,0.37903085059327657,0.5400802585355996,151.14412886760192,2.6489621902721305,"[0.588597113179548, 0.6111960555330593, 0.40546186823280467, 0.9990249963588914, 0.756562227125244, 0.4387788202578947, 0.597491087689508]",green,"{""accelerate"": true}",10.439177120725844,hybrid,normal_driving
1765199227.869623,0.23391314967829305,0.5676569135821559,29.305361976548475,4.133090757806218,"[0.41229732028594124, 0.8404576315202514, 0.6131471654653604, 0.9491607985719996, 0.9671291778040226, 0.8488789131943397, 0.8628736870621077]",green,"{""accelerate"": true}",8.841001304548193,pure_ml,normal_driving
1765199228.869623,0.748012825917103,0.4570772278941056,26.392403035908263,1.4153149371219782,"[0.0010419097581714444, 0.11992567131788022, 0.1469153013922821, 0.2729363530879806, 0.3992421076065791, 0.3160175812950131, 0.45992116327857097]",green,"{""turn_right"": true}",0.8082868712020748,hybrid,collision_avoidance
1765199229.869623,0.3081371802867219,0.5074825185987992,41.315063880311214,0.36797861694454975,"[0.0, 0.0, 0.0, 0.0, 0.0, 0.0, 0.0]",green,"{""brake"": true}",-16.714276091803512,pure_ml,sensor_failure_complete_failure
1765199230.869623,0.21978092638399974,0.6316599388823336,178.17179772117348,2.8173499381651084,"[0.5477115107993431, 0.9297582856721093, 0.4376420654936508, 0.672544664840769, 0.7929853656562772, 0.7175213527395123, 0.6443159785828184]",green,"{""accelerate"": true}",9.69288443969386,hybrid,normal_driving
1765199231.869623,0.4682245320372619,0.34689793963791227,-151.96013602919606,2.7342351185796328,"[0.4966497917983763, 0.8388044740074616, 0.8570680474194088, 0.7860838597997846, 0.5610879503408075, 0.7463259893464921, 0.5877280534288101]",green,"{""change_lane_right"": true}",8.86332394377269,pure_ml,normal_driving
1765199232.869623,0.48527769786449404,0.21678033137343525,8.17483608629508,1.9366235637944809,"[0.0, 0.0, 0.4382193297361853, 0.4168157521521375, 1.0, 0.6349764550675793, 0.0]",red,"{""brake"": true}",1.8700268870393622,hybrid,sensor_failure_stuck_sensor
1765199233.869623,0.252101198174014,0.625135669473546,159.5795433168548,2.6365095050605727,"[0.5162767764491517, 0.8104847528409915, 0.7907029821830512, 0.8044386933876365, 0.5497325564154181, 0.8499178093081468, 0.6690092104510184]",yellow,"{""change_lane_right"": true}",9.562174833757165,pure_ml,normal_driving
1765199234.869623,0.315221164281929,0.5793399142061291,48.241998088907,0.6160502595345174,"[0.003139344341515549, 0.07926434452416359, 0.08718069173931725, 0.14094401977360446, 0.23478630865637137, 0.2969195179616183, 0.6689500164342213]",red,"{""brake"": true}",-8.860702083338074,hybrid,collision_avoidance
1765199235.869623,0.647295514508095,0.6387971216878556,12.221436640655615,1.5854324324677322,"[0.7846317056023346, 0.6383836777412873, 0.8311689352055491, 0.6496509794548904, 0.6449929617588124, 0.6944313603107561, 0.4162952587619062]",green,"{""turn_right"": true}",7.861075379100306,pure_ml,normal_driving
1765199236.869623,0.26727869618377814,0.7531319457868788,-48.17375039060495,4.12850992595433,"[0.7551471689865014, 0.9456427306870747, 0.6759020336906725, 0.6663782625585954, 0.6534931412771691, 0.6273606027184397, 0.8771122977804928]",red,"{""accelerate"": true}",-20.6875344500374,hybrid,traffic_violation
1765199237.869623,0.3415811154819718,0.6286480667482358,155.5363905309216,1.2317966790136543,"[0.9731087350380072, 0.7209783290256353, 0.9627137034840099, 0.8457155396215086, 0.5618733378314809, 0.4192083368156293, 0.8292638207595265]",yellow,"{""brake"": true}",3.8360466019817556,pure_ml,normal_driving
1765199238.869623,0.12387737083127055,0.640577083036947,5.07619285511243,1.470808029406998,"[0.0823562529463296, 0.16976435953777147, 0.19579918801045243, 0.256585671031685, 0.2105999929341561, 0.3625763257878265, 0.611279712608833]",green,"{""turn_right"": true}",3.5268402059893322,hybrid,collision_avoidance
1765199239.869623,0.6146752418283864,0.5631892702166187,-179.38267858333936,0.5149791909410733,"[0.09713263953987634, 0.04867157268371967, 0.0969288911326095, 0.16886676163670794, 0.3081203160231504, 0.44051831402044994, 0.6368046772400837]",red,"{""brake"": true}",-2.8126683006756164,pure_ml,collision_avoidance
1765199240.869623,0.2113752035366253,0.367498641125215,179.24091475322322,2.2162573161246506,"[0.8656066556187633, 0.6495105524475979, 0.9418728517613139, 0.8207170936869516, 0.5913809043625557, 0.7788615746161354, 0.8092542880453475]",yellow,"{""accelerate"": true}",10.551183627693183,hybrid,normal_driving
1765199241.869623,0.6077192526158102,0.3448106941787433,-58.86715317513277,3.7511501387007735,"[0.6921082861347734, 0.729466945091862, 0.8650480645613235, 0.4750535677804554, 0.42126142221005614, 0.8477008784705606, 0.7485063036897655]",yellow,"{""change_lane_right"": true}",8.570300417137144,pure_ml,normal_driving
1765199242.869623,0.6400651960272798,0.732251718747343,142.23199064049052,0.9706032572521175,"[0.7342860176353607, 0.6780119248412649, 0.4126220942881183, 0.6125537200686356, 0.9389987262632501, 0.8063699550108281, 0.9184247384805513]",green,"{""brake"": true}",4.1054678926553,hybrid,normal_driving
1765199243.869623,0.6031150683027888,0.4375058832457146,-176.13664462095326,4.028007663498748,"[0.4159144320703074, 0.7749582377303795, 0.8738447407850025, 0.4334006664464327, 0.7188163938948708, 0.41527807171409037, 0.967036787500789]",green,"{""accelerate"": true}",10.078693938820788,pure_ml,normal_driving
1765199244.869623,0.39112223886642217,0.3245990462908188,-168.8543722654972,1.5170582396591763,"[0.0025047561495911367, 0.12203469028230025, 0.08678853280473763, 0.16126618673178786, 0.2502749622940693, 0.3585045902313497, 0.7001392995581541]",red,"{""turn_left"": true}",5.069154854432126,hybrid,collision_avoidance
1765199245.869623,0.47114596995388824,0.3736083245074975,-150.78560548856683,1.181353822726749,"[0.15642857129353063, 0.26505667085137774, 0.2519989725944327, 0.25108957431047907, 0.3500170329088267, 0.4420137232797856, 0.5309318032998924]",yellow,"{""accelerate"": false}",3.2747249013780593,pure_ml,edge_case_extreme_weather
1765199246.869623,0.4834262605499282,0.308337528688139,144.13285965158985,2.5430965273883315,"[0.4339688156632724, 0.7310071646488824, 0.6317672188302589, 0.6622755319909182, 0.8827315772332227, 0.4001810799953035, 0.4623636873146626]",yellow,"{""accelerate"": true}",6.741444046623223,hybrid,normal_driving
1765199247.869623,0.5422455741958311,0.3318692313887188,-20.216909214402676,3.957889430052581,"[0.6247686099123814, 0.6767619525223044, 0.5244005522011037, 0.9520307910540631, 0.9308708990821754, 0.6982278073567942, 0.691459506993876]",green,"{""accelerate"": true}",8.37049582565621,pure_ml,normal_driving
1765199248.869623,0.7502660370801773,0.26257230753619937,162.5718524004827,1.9445863223290738,"[0.6344429492936061, 0.5660972425679247, 0.6342165892075475, 0.6531166051520358, 0.4401755280524515, 0.7133012361749185, 0.9193601548890603]",yellow,"{""change_lane_right"": true}",4.972210239574411,hybrid,normal_driving
1765199249.869623,0.4188358061145675,0.49291056189242993,160.44401615388742,1.9669856223700648,"[0.41769541057468795, 0.4620525794467051, 0.2984720313150576, 0.39393209783622984, 0.02701699854834183, 0.011945703525651274, 0.3840033623902743]",yellow,"{""brake"": true}",-8.671365996078393,pure_ml,sensor_failure_noisy_sensor
1765199250.869623,0.7528435687911338,0.95,-162.08698328763225,1.2987782676805195,"[0.37931181929317526, 0.48861904564688, 0.6127430403527501, 0.7942780323710174, 0.6058785567616712, 0.7688821457256857, 0.8587697328286424]",yellow,"{""turn_right"": true}",-0.18867840019195015,hybrid,edge_case_road_boundary
1765199251.869623,0.39851652929673165,0.23347579699871257,90.81238962567674,1.453247578554586,"[0.0, 0.0, 0.0, 0.7611727133783279, 0.44489391308168047, 0.5195563279876056, 0.4103033056353449]",green,"{""brake"": true}",-12.7304002516058,pure_ml,sensor_failure_partial_failure
1765199252.869623,0.5858316151710348,0.23639974919671514,94.34668457837212,2.231166889732177,"[0.5715153370175626, 0.7940267098962018, 0.4716130681622296, 0.8925227882491631, 0.9669822222119675, 0.7347563635038796, 0.40520392620047013]",green,"{""change_lane_left"": true}",8.73952885805616,hybrid,normal_driving
1765199253.869623,0.6468303291286761,0.33462269248342036,44.286914914881365,2.1512641673393906,"[0.6460865326767133, 0.9429432170662201, 0.9452032606856399, 0.42702843925742134, 0.7752169119664429, 0.8670665959664172, 0.8472322175867769]",green,"{""change_lane_right"": true}",4.180349661701976,pure_ml,normal_driving
1765199254.869623,0.29659443007276864,0.6943943553626906,-38.977255925041945,3.788075331237252,"[0.5415249735074057, 0.9785600611039131, 0.9580788511555105, 0.8521417012442976, 0.5053486636285522, 0.7300514951531719, 0.6225125735362558]",yellow,"{""change_lane_right"": true}",6.301205014409835,hybrid,normal_driving
1765199255.869623,0.3930795016113642,0.5101812900787863,163.81602674645154,2.584716762070059,"[0.7512172514785058, 0.8649602977478765, 0.6778904290942771, 0.6968344662775163, 0.8087383389955172, 0.9742969811930259, 0.5594119497138833]",green,"{""turn_right"": true}",6.0579447877217785,pure_ml,normal_driving
1765199256.869623,0.5590292673968794,0.34380654314080406,160.57897420167455,1.4962229535956473,"[0.043525465124768674, 0.15624637549525883, 0.09382643451647316, 0.1142952536098828, 0.1046933892305058, 0.3335977778288538, 0.684372891188622]",yellow,"{""turn_right"": true}",7.915093246829212,hybrid,collision_avoidance
1765199257.869623,0.7456869404903647,0.27719804775445595,36.075459815291126,2.387431471950749,"[0.669154655516217, 0.7134426403402379, 0.5782120137164823, 0.5614219512751237, 0.5437759368209985, 0.8860639277919865, 0.9064126709542439]",green,"{""brake"": true}",5.583734524298156,pure_ml,normal_driving
1765199258.869623,0.7957832942250093,0.36559913471489347,-21.123276009353443,1.534363584976298,"[1.0, 1.0, 0.1, 1.0, 0.5935148386230283, 0.6060626215109804, 0.40064034477244215]",green,"{""turn_left"": true}",4.908367056149932,hybrid,edge_case_sensor_edge
1765199259.869623,0.6018205038415616,0.5472786387419637,166.2971259106653,3.124779551211138,"[0.4589614472144296, 0.9942156286000958, 0.5515450919569928, 0.7686417622474114, 0.7762791005489882, 0.5668173849657553, 0.5754806377727172]",yellow,"{""turn_left"": true}",8.256761359792986,pure_ml,normal_driving
1765199260.869623,0.5655111651859989,0.7930786240801948,-31.750508326207918,2.9200945212394025,"[0.42900486480006084, 0.979976484157019, 0.5881465698210113, 0.46846620461326877, 0.8169033736279898, 0.40268739986868085, 0.5845090267917713]",yellow,"{""change_lane_right"": true}",7.895306183122817,hybrid,normal_driving
1765199261.869623,0.6006241485188573,0.4116578797238112,-4.781800554459788,2.6588070795936796,"[0.725571161697344, 0.6906156662152689, 0.8514700228922094, 0.5734726852257919, 0.9118161880265048, 0.8787666841643857, 0.6459639733556616]",green,"{""accelerate"": true}",12.410075559725701,pure_ml,normal_driving
1765199262.869623,0.2701404426284449,0.05,-132.6364536870361,1.181164183435709,"[0.2069656682014836, 0.3326469748075339, 0.5457748936023076, 0.49987428404110185, 0.5396685009390575, 0.869650149799392, 0.8903166386283784]",green,"{""turn_left"": true}",2.148804327514286,hybrid,edge_case_road_boundary
1765199263.869623,0.5673269419665491,0.766387897359486,135.17080354914,2.1133450226394523,"[0.7601851969640403, 0.5094626424279819, 0.6059873160045736, 0.7855625359085114, 0.534136022850495, 0.8417882686423148, 0.7824842297909391]",red,"{""accelerate"": true}",6.525638876155842,pure_ml,normal_driving
1765199264.869623,0.6917807663650241,0.29146589955860003,-31.845403708473192,2.8530105078672987,"[0.7972158323146217, 0.666977536451542, 0.9072178198247774, 0.9463366505188313, 0.45879632547910104, 0.9216205553632435, 0.7140620624156782]",green,"{""turn_right"": true}",3.4264496320757285,hybrid,normal_driving
1765199265.869623,0.21068850293621227,0.325822796524015,-1.1038908983764426,2.053562570904008,"[0.798376505740763, 0.6852216332718272, 0.6712775158679027, 0.4043151784557094, 0.8141081502261189, 0.8664902862045566, 0.9275627785816107]",green,"{""brake"": true}",2.5694691195457526,pure_ml,normal_driving
1765199266.869623,0.36576375504171577,0.5665540237567586,-79.443724068792,3.4721550032357325,"[0.5752269898018277, 0.5336230813468746, 0.45849538603508183, 0.7367038345638586, 0.40723281126151645, 0.5309330997981163, 0.5354075070650209]",green,"{""change_lane_left"": true}",4.427209460138403,hybrid,normal_driving
1765199267.869623,0.6282537982420171,0.7979698638865982,4.369952624655915,0.9713254504408995,"[0.13029950214700414, 0.06017071044228553, 0.11826497366144005, 0.1804318114986861, 0.3655647584687829, 0.41621481130633586, 0.7606559867750438]",red,"{""turn_left"": true}",2.5271915583083526,pure_ml,collision_avoidance
1765199268.869623,0.5593628547212489,0.5327114277107357,-20.112626100118817,0.656615916303085,"[0.16424374150013532, 0.03223134749680321, 0.010744331253591045, 0.2660949155989222, 0.28481157294845616, 0.2721640376397749, 0.7582235420310173]",red,"{""brake"": true}",-2.2541148177017947,hybrid,collision_avoidance
1765199269.869623,0.18542265112463144,0.6068507679745987,32.22617830123996,3.387724530514089,"[0.5560362888686696, 0.7342598554489006, 0.5192577105845386, 0.9424730076885105, 0.8063664240938344, 0.518658657364659, 0.4681184095628509]",yellow,"{""change_lane_left"": true}",7.421106705637658,pure_ml,normal_driving
1765199270.869623,0.22989356916856218,0.7641574904269453,112.85953201013882,4.37489034376617,"[0.8611321294400064, 0.5431934050805278, 0.8936647918693421, 0.4298486745414828, 0.6754322966473898, 0.522899208557319, 0.676430745501901]",green,"{""accelerate"": true}",7.236642370871894,hybrid,normal_driving
1765199271.869623,0.19384347992049103,0.4380127967461441,20.73034358450478,2.1602865011043573,"[0.7521289016715127, 0.9198825382996074, 0.9907844548477844, 0.7643200685224543, 0.408400383320755, 0.7023213596381443, 0.7376770243264684]",green,"{""turn_left"": true}",5.911339484754655,pure_ml,normal_driving
1765199272.869623,0.37120411405421594,0.5605874455271413,144.45293469494115,0.7141361716602801,"[0.4922289484938511, 0.5224134035377873, 0.79522545103627, 0.9292811160771658, 0.7059118030104088, 0.628434914536854, 0.7982531026628165]",green,"{""brake"": true}",5.40318783527311,hybrid,normal_driving
1765199273.869623,0.47911590486999756,0.7756553527822012,118.23631206259962,4.991076893232807,"[0.9656555429486093, 0.8333490658068303, 0.8783879517477791, 0.7644291368469234, 0.8822212457509603, 0.7783469057898973, 0.8245035360316416]",green,"{""accelerate"": true}",-1.8636696630771254,pure_ml,edge_case_speed_limit
1765199274.869623,0.7319909932618053,0.4510125847443489,-26.93504797776985,0.302629259138807,"[0.018629496401549896, 0.18938337484309725, 0.07004239122175995, 0.10356982391480185, 0.278159977949928, 0.5976353927312363, 0.5787102109843048]",red,"{""brake"": true}",-4.4768542807342495,hybrid,collision_avoidance
1765199275.869623,0.5564422804660649,0.3198364197592574,36.66968790027875,0.9447542451602693,"[0.09552347541807887, 0.09616800505465246, 0.03814166127300285, 0.13539999075085754, 0.22902689160985445, 0.5695156132311159, 0.669758856434029]",red,"{""brake"": true}",-9.259087032812841,pure_ml,collision_avoidance
1765199276.869623,0.3172903724435616,0.5656504934966693,-18.30891690655269,3.344648517245124,"[0.8721432429026628, 0.9068380772337321, 0.40694219223196176, 0.6687378366453625, 0.6792537284158371, 0.7938878372246512, 0.7991857988706865]",green,"{""accelerate"": true}",14.755586337668726,hybrid,normal_driving
1765199277.869623,0.11197174842512868,0.35693136051590646,39.57740857028445,2.47770687607371,"[0.433501300364892, 0.45071973877287164, 0.44265146266269595, 0.5709329241790535, 0.6471836207086454, 0.791704107994039, 0.9780789278879111]",green,"{""change_lane_right"": true}",7.127465711328221,pure_ml,normal_driving
1765199278.869623,0.8256360608581046,0.7346230164173919,-165.6888134979576,3.482860337194838,"[0.6418242308731236, 0.7613815528800172, 0.5261018311347312, 0.6221445301682945, 0.994440838382206, 0.9685346362653607, 0.4882864531598153]",green,"{""accelerate"": true}",14.906749134452038,hybrid,normal_driving
1765199279.869623,0.15312035179470573,0.43343719703666866,11.690274949947355,2.2597914966933463,"[0.6432288890517904, 0.663897884313048, 0.8948544040796919, 0.6591867081670089, 0.5788149155844514, 0.5778145258543812, 0.450533564434031]",red,"{""turn_right"": true}",4.362156376971812,pure_ml,normal_driving
1765199280.869623,0.30753689830265474,0.6816846570384087,17.219417992399162,2.639524072100415,"[0.9031894251715159, 0.94590703933873, 0.9396043802658323, 0.8063077086287598, 0.7502648501078202, 0.6885307019498287, 0.5141329867549573]",green,"{""accelerate"": true}",8.5443135469014,hybrid,normal_driving
1765199281.869623,0.23239182793501945,0.783883968425658,-128.91315944330432,2.9701380121504544,"[0.9267210810822469, 0.8860843254625961, 0.9551456673441621, 0.43386158977730793, 0.43278709405851895, 0.6764580915810989, 0.7182629843369159]",yellow,"{""change_lane_left"": true}",4.241708818887986,pure_ml,normal_driving
1765199282.869623,0.609418205119893,0.586053530214793,-62.4219043246365,3.130376885398239,"[0.6991206776426776, 0.6863267519998745, 0.6806335382512576, 0.7535474000460247, 0.6252150116479571, 0.4363891399505653, 0.6968181841836016]",yellow,"{""turn_left"": true}",5.4649106850438205,hybrid,normal_driving
1765199283.869623,0.2692867722684267,0.4246682097216517,157.52175088582118,2.7717704934608762,"[0.49122443541413063, 0.5418851000050212, 0.5070535418231142, 0.6364473975485804, 0.5319317717092293, 0.46830913494734494, 0.4170598012305666]",yellow,"{""accelerate"": true}",13.03477748143642,pure_ml,normal_driving
1765199284.869623,0.2699431071408205,0.7114442460348502,-152.55147200991019,0.2261449768642384,"[0.1558062245673813, 0.06369015395823562, 0.1345213391026771, 0.29817669389946344, 0.144221270097639, 0.3731406400235355, 0.6345807283841911]",yellow,"{""brake"": true}",-9.707499056175395,hybrid,collision_avoidance
1765199285.869623,0.5823450807302645,0.33618232920632674,170.98265790825698,3.1275584626750286,"[0.7757293245372061, 0.8940927019931666, 0.9509313487462905, 0.5643558442737503, 0.8694403197663676, 0.8009345897762918, 0.5139830040013273]",green,"{""change_lane_left"": true}",7.652719069321168,pure_ml,normal_driving
1765199286.869623,0.40143118786628385,0.7526629316810891,-159.7008041728188,2.2538396476849942,"[0.8509742448341423, 0.6047217023463396, 0.7392936196459534, 0.5626816878007477, 0.984936702007176, 0.8095443037060197, 0.9575429855262204]",green,"{""accelerate"": true}",5.5705618154436545,hybrid,normal_driving
1765199287.869623,0.4915212828947858,0.507970220400513,-177.14330318020976,3.6252878743572214,"[0.5895867255863361, 0.8072306098376234, 0.581135653650892, 0.654671275271431, 0.9815052450790313, 0.7081919747254322, 0.9492022063073503]",green,"{""change_lane_left"": true}",11.852658617589391,pure_ml,normal_driving
1765199288.869623,0.6551483152544253,0.4638575984856314,-152.5518536904587,1.1506319942349428,"[0.9017408552648832, 0.9199483483325074, 0.5675672314037042, 0.4199846312385673, 0.6497332023490171, 0.8468594710401318, 0.5243660296830028]",yellow,"{""brake"": true}",2.396384361099728,hybrid,normal_driving
1765199289.869623,0.2938190759308562,0.6425398149993937,-167.9899669052784,1.4010520859604292,"[0.19356067263060744, 0.029920275592273483, 0.06346641304927625, 0.11830930771199194, 0.24878546855623204, 0.3148465916984733, 0.722616890124991]",red,"{""turn_left"": true}",9.014959029487995,pure_ml,collision_avoidance
1765199290.869623,0.2831928275624984,0.562175032538921,-75.79630818766206,1.2375068285162811,"[0.7912359462538758, 0.9971822498145573, 0.4569660550424462, 0.719233579518326, 0.4504717465699567, 0.8760981581361815, 0.8838745929592019]",green,"{""brake"": true}",6.948090659969628,hybrid,normal_driving
1765199291.869623,0.6769396573519806,0.5922021516427938,20.712197834846815,0.8204113736646723,"[0.8, 0.0, 0.0, 0.5890743813014466, 0.708003786846402, 0.7203667773590952, 0.4201336915473659]",yellow,"{""brake"": true}",-9.563561670132932,pure_ml,sensor_failure_partial_failure
1765199292.869623,0.386201713954922,0.5553568037901842,-134.48022612686592,3.220111317260103,"[0.4002711502072457, 0.5908041714148233, 0.8891918841421654, 0.9842755065008888, 0.8562894850873862, 0.4948055999171375, 0.8928117335382143]",red,"{""change_lane_left"": true}",11.685526344278077,hybrid,normal_driving
1765199293.869623,0.643538330466762,0.32550516780745054,174.14017601516105,1.2762207676922832,"[0.04922565870748544, 0.10181823683059549, 0.10440682210739533, 0.1197182203329241, 0.316641342974896, 0.5446918482045913, 0.3208429937340264]",red,"{""turn_right"": true}",-0.8572143242451027,pure_ml,collision_avoidance
1765199294.869623,0.21430994060610936,0.3749326584701492,-178.19637701389942,3.9490435309029506,"[0.748768172721231, 0.8443974708012356, 0.8714125728573797, 0.583230642295092, 0.6459072672725593, 0.6164267732989994, 0.6205801433983367]",green,"{""accelerate"": true}",13.736539906075947,hybrid,normal_driving
1765199295.869623,0.3267694948508304,0.7149625034790259,4.441876939035275,4.756499250711404,"[0.971363379680207, 0.8959236497008685, 0.8699755324082498, 0.9029586810117717, 0.7571322035378688, 0.9398258197571663, 0.751391160008578]",red,"{""accelerate"": true}",-2.2498556090914352,pure_ml,edge_case_speed_limit
1765199296.869623,0.7444284979431681,0.7099381705812311,-19.626518508044423,0.8874620228687772,"[0.013716342446422858, 0.03640881928953184, 0.1519130293523875, 0.1439401683312451, 0.3365389203456076, 0.5855310421419753, 0.3869481495395385]",yellow,"{""brake"": true}",3.3199032170069014,hybrid,collision_avoidance
1765199297.869623,0.43849219904120096,0.6726654123555255,136.88589268762638,1.5302691205392744,"[0.9240545265894767, 0.47305212333186253, 0.5091108413716603, 0.55456505793904, 0.5848100752216895, 0.8353363979005335, 0.41747305417684344]",green,"{""brake"": true}",2.9454798317106974,pure_ml,normal_driving
1765199298.869623,0.48100188737029925,0.33958103085134983,-43.48970478409153,1.8714748127688727,"[0.083404234891293, 0.09703662536428331, 0.15733434994436057, 0.21442298187137726, 0.15996321991200765, 0.5419463855203361, 0.4310720573101923]",red,"{""turn_right"": true}",1.5533278375454902,hybrid,collision_avoidance
1765199299.869623,0.8782171958236457,0.4075888329141257,-38.840251699997104,2.1380475152707508,"[1.0, 0.0, 0.49944150586178626, 0.32448928961957485, 0.0, 0.6690223793789922, 0.0]",red,"{""turn_right"": true}",-5.495777703879652,pure_ml,sensor_failure_stuck_sensor
1765199300.869623,0.3633873076565871,0.42320597030128254,-23.137102061660467,2.484209418470636,"[1.0, 0.1, 1.0, 1.0, 0.43501808764162964, 0.45392656800140174, 0.6303849823117187]",green,"{""brake"": true}",8.258143011936495,hybrid,edge_case_sensor_edge
1765199301.869623,0.8397332594892353,0.5006684635900882,32.40669211051343,2.2751817857865912,"[0.6274140766632743, 0.7892310477267073, 0.5243492947038326, 0.847070206251658, 0.9956280270736534, 0.6999013480924925, 0.8619068994703277]",green,"{""change_lane_right"": true}",5.90220290084576,pure_ml,normal_driving
1765199302.869623,0.18086696834325908,0.5436890504858232,148.73328237540508,2.710394135630003,"[0.6019964203998727, 0.9603499002434173, 0.742491539590153, 0.6451373489020263, 0.6072999983298206, 0.4767977973087335, 0.432498378444057]",green,"{""accelerate"": true}",9.764943398081975,hybrid,normal_driving
1765199303.869623,0.7353821455144532,0.5296135400821942,17.320700072235134,1.0935185699973429,"[0.8269550976341301, 0.6727606729813743, 0.7461522570927379, 0.822462626502609, 0.697510091481094, 0.8784833999669628, 0.9654937427943744]",yellow,"{""brake"": true}",2.265356074714653,pure_ml,normal_driving
1765199304.869623,0.7205720269624329,0.2837864643345052,129.46881215764049,4.4069930715893735,"[0.8360228125081303, 0.7141349999274763, 0.9722943955923123, 0.6905069005795429, 0.9561279966390026, 0.8435948700783322, 0.9458283961897898]",red,"{""accelerate"": true}",-32.90586108291059,hybrid,traffic_violation
1765199305.869623,0.8802133703187492,0.6500539792226123,-4.639412691128444,2.765408247612246,"[0.7666796852545796, 0.4065098935468823, 0.517928843279184, 0.9522759390107075, 0.8156580328684779, 0.7150236993897278, 0.748873578375185]",red,"{""accelerate"": true}",11.673569390683515,pure_ml,normal_driving
1765199306.869623,0.3617693910723009,0.552580118931182,93.50061855972444,3.5571425050639407,"[0.8268563735147954, 0.7499836101996109, 0.9310101546422586, 0.642073486654611, 0.8951766753511189, 0.7761090000518857, 0.6509964488463971]",green,"{""accelerate"": true}",11.901463215768207,hybrid,normal_driving
1765199307.869623,0.2698470465581811,0.6345945078103946,148.72782171077824,2.115519706660954,"[0.5118946473603683, 0.7914135644617653, 0.6167655925918694, 0.4696909743765644, 0.861101432276006, 0.43256263968749414, 0.41257889049198576]",green,"{""change_lane_left"": true}",6.055716404278106,pure_ml,normal_driving
1765199308.869623,0.5524126021882364,0.95,-138.05637808604817,0.5020455432395643,"[0.16575019010463904, 0.31825097920966516, 0.5767490770029684, 0.47518224118861185, 0.6227699354234479, 0.9425654971951581, 0.7150391879414297]",yellow,"{""turn_right"": true}",-0.8154883263941866,hybrid,edge_case_road_boundary
1765199309.869623,0.29892682796651765,0.23796579067069057,161.51022522988808,4.003969689527122,"[0.9922646084319829, 0.9178769249146799, 0.8434164663371894, 0.8691752941733244, 0.9033501821975541, 0.902825170905314, 0.7278440082565505]",yellow,"{""accelerate"": true}",-14.885247241515735,pure_ml,traffic_violation
1765199310.869623,0.12790741446002915,0.7906426334650893,34.329710528664066,2.685897582157586,"[0.4408051540702166, 0.5656521713293332, 0.9762230074212247, 0.93336975633426, 0.6481083431240993, 0.8635990676559062, 0.8616100037997891]",green,"{""turn_left"": true}",4.841332413558451,hybrid,normal_driving
1765199311.869623,0.7555423626299802,0.27770413815510064,18.6082244630753,1.7101121420620187,"[0.030762903473780124, 0.13336045020873818, 0.14553652861624305, 0.29720714275943005, 0.2996822029772713, 0.4811218658532187, 0.6458662953749991]",green,"{""turn_left"": true}",3.1230103371271394,pure_ml,collision_avoidance
1765199312.869623,0.7104163743719684,0.4948810887819601,39.88920317186454,1.3234335181492085,"[0.08278954681040263, 0.01337628121539316, 0.12806005603236675, 0.16374564349964038, 0.16855220273340826, 0.4776188374327836, 0.6695539763132683]",yellow,"{""turn_right"": true}",-1.0492104310481287,hybrid,collision_avoidance
1765199313.869623,0.6641692758350093,0.4231015609147973,15.147278534896802,1.8342771066280297,"[0.009222238998699962, 0.1915193574841573, 0.054814289784818795, 0.2533919319699601, 0.1002526539563489, 0.25672114345008595, 0.6941207262324156]",red,"{""turn_left"": true}",2.1195414891606372,pure_ml,collision_avoidance
1765199314.869623,0.6766307431590254,0.2843635825229424,116.00781582464244,3.8720483811726947,"[0.9112292445058873, 0.8108708095015096, 0.7157707462499538, 0.8691957704863663, 0.8972607210598506, 0.7219700364826339, 0.6459164086294051]",red,"{""turn_left"": true}",-1.342590233137095,hybrid,traffic_violation
1765199315.869623,0.21015737950143176,0.42206090916988287,171.96153306909878,4.022002275639982,"[0.5535004154174625, 0.8139548501574099, 0.9199574706112315, 0.4993560058545285, 0.8095787994054993, 0.9398203025519233, 0.5218863905418476]",yellow,"{""accelerate"": true}",7.65947425795127,pure_ml,normal_driving
1765199316.869623,0.1402309399311127,0.5781454262310977,42.75409541992764,3.5370034327119706,"[0.8401283475829204, 0.8942866697341842, 0.8578702774810557, 0.7681463729073669, 0.6654302424988269, 0.8579698511701335, 0.8577771440566045]",red,"{""turn_left"": true}",-16.82501074799253,hybrid,traffic_violation
1765199317.869623,0.8629033989613335,0.3520174339989871,39.82265984663871,0.5344994053942725,"[0.14017599239967954, 0.15110691396535547, 0.0713150077885218, 0.24456792114946077, 0.1402792215702028, 0.23006550570423168, 0.319467444380351]",red,"{""brake"": true}",-0.8145936662333462,pure_ml,collision_avoidance
1765199318.869623,0.682213007537146,0.5301850591994703,3.415292035284168,4.929486378104858,"[0.7091618279913019, 0.7991917275565928, 0.793169221356589, 0.7968751851153089, 0.6779049240681558, 0.6188592435835562, 0.7282328141208575]",red,"{""accelerate"": true}",-22.25016051728167,hybrid,traffic_violation
1765199319.869623,0.4092406371483208,0.7528031837034073,33.596239072541,0.16390810856791593,"[0.04706725959198304, 0.07589750242756932, 0.014897359638602815, 0.22461956964871893, 0.26423027754643513, 0.5209628694411088, 0.337140983080916]",green,"{""brake"": true}",0.07896611439748114,pure_ml,collision_avoidance
1765199320.869623,0.38248982403363385,0.615182327003831,7.062575964482563,1.7822763647808206,"[0.16496881513703784, 0.050982832946829905, 0.1141649319250979, 0.26826793826201184, 0.14691045495872107, 0.24760397328836167, 0.30495719884039996]",red,"{""turn_right"": true}",-3.045923402513197,hybrid,collision_avoidance
1765199321.869623,0.8395442537906112,0.6528645415133016,43.78115200144745,1.4776069833625716,"[0.7817251227044233, 0.9198220378196318, 0.7471495381037029, 0.8924776030054014, 0.7630162023522857, 0.5853785566189855, 0.4427778346214565]",green,"{""brake"": true}",3.935955651637367,pure_ml,normal_driving
1765199322.869623,0.3546827307057093,0.6878116062547227,-66.82126763369664,0.4422110882130732,"[0.028789587977279752, 0.17759509983829033, 0.1923348950108342, 0.2255608430125611, 0.14751831678768068, 0.5094102220693085, 0.6905209254360172]",yellow,"{""brake"": true}",-5.76453078061522,hybrid,collision_avoidance
1765199323.869623,0.4950982241531302,0.4437377389125597,-53.359472385421604,0.5493704401164343,"[0.10343457592347778, 0.03915635029069671, 0.033865524137602354, 0.2048150502508915, 0.15849856051195416, 0.36584869940610026, 0.5821171759991093]",red,"{""brake"": true}",-9.474011533294316,pure_ml,collision_avoidance
1765199324.869623,0.6716239477951494,0.5198490817085939,-145.05221210073447,4.847428162299615,"[0.644362977936583, 0.6271364724557554, 0.8994217392274892, 0.8419692828405059, 0.987050489699597, 0.8597287536414873, 0.9406729649272697]",green,"{""accelerate"": true}",-16.414312489584347,hybrid,traffic_violation
1765199325.869623,0.7321602115011231,0.6002044124289363,-70.03517358121967,2.19106099194853,"[0.806068092927172, 0.6258997314409259, 0.48651241968817627, 0.550796539951468, 0.46020240046425404, 0.7690284019047338, 0.9395860289562116]",green,"{""accelerate"": true}",11.028194915613513,pure_ml,normal_driving
1765199326.869623,0.6026269944042745,0.49143825589250245,-26.174046048375118,2.6661229411891023,"[0.5817937657797089, 0.6278690806943024, 0.7982894829620399, 0.5149146510134421, 0.9227224923736451, 0.5767438487260719, 0.702988678368579]",green,"{""accelerate"": true}",8.860845919890394,hybrid,normal_driving
1765199327.869623,0.2042615256389583,0.42266645256774443,-4.699757994446789,0.9885767862029073,"[0.9456510707737579, 0.8532353609555059, 0.6875002287444165, 0.514511941492279, 0.9292938774911229, 0.5782292165844187, 0.9995570635593699]",green,"{""brake"": true}",5.950056392684539,pure_ml,normal_driving
1765199328.869623,0.3541304630907568,0.7332565076195718,53.85828432554102,1.0641175808628163,"[0.1294897271575471, 0.2909546737819562, 0.10009446001617957, 0.14227263821534492, 0.3575602205929944, 0.42085123190518525, 0.577664801445997]",yellow,"{""accelerate"": false}",-3.8283272222907474,hybrid,edge_case_extreme_weather
1765199329.869623,0.6979315916426944,0.44243299485737503,150.16936628630515,3.0575931310370006,"[0.9474904018810077, 0.7023353197737199, 0.9716463927336558, 0.8873313977747288, 0.8841456550766549, 0.9643653757954563, 0.49889725169337173]",yellow,"{""accelerate"": true}",12.297320135605428,pure_ml,normal_driving
1765199330.869623,0.7272230428209341,0.5850899129172757,13.579804464710183,1.791903070934716,"[0.1, 0.1, 1.0, 0.1, 0.3973358926697597, 0.697123451624689, 0.6338401132695334]",green,"{""turn_left"": true}",4.396480261459356,hybrid,edge_case_sensor_edge
1765199331.869623,0.10789307632349505,0.4569809659465472,-170.15127874373658,4.669402303637011,"[0.7013734913194691, 0.7374925862824346, 0.8060688305230926, 0.8095652310668454, 0.7447846396832687, 0.775848133920867, 0.7949300342192578]",red,"{""accelerate"": true}",-12.264268061345433,pure_ml,edge_case_speed_limit
1765199332.869623,0.87855008373758,0.32271033466897725,-97.7973213217916,1.1041810827695295,"[0.15750602027435068, 0.06351172962384426, 0.14029608384504108, 0.1330424160577958, 0.14288502398767447, 0.37164615635254367, 0.34722476385873763]",green,"{""turn_left"": true}",-2.096538025202595,hybrid,collision_avoidance
1765199333.869623,0.36688291862456035,0.4376155331345395,-122.65175702497397,4.772120293638647,"[0.8952215295701583, 0.7079656268838049, 0.9093397610207876, 0.9647798989439548, 0.7150206300271023, 0.9717313976881812, 0.7037279549497433]",yellow,"{""accelerate"": true}",-9.213386784390499,pure_ml,edge_case_speed_limit
1765199334.869623,0.3125941686230763,0.5125019957965906,159.64477190606345,2.017627130980467,"[0.7411028272889408, 0.6034952859137559, 0.6370102151126689, 0.8842866720176747, 0.451366496897449, 0.80273542948271, 0.5739397227079164]",green,"{""accelerate"": true}",9.444830066975916,hybrid,normal_driving
1765199335.869623,0.3987597997111124,0.26486878641843276,-71.48595672345361,4.674858412177047,"[0.8760760476970431, 0.6320337368317758, 0.6893087488740368, 0.779390807723519, 0.8682476295151801, 0.8458663318014062, 0.7769209276160609]",red,"{""accelerate"": true}",-13.081128427872628,pure_ml,traffic_violation
1765199336.869623,0.860229013504158,0.6301259574484417,-27.93986852829018,4.933756987372757,"[0.9408268459871993, 0.8481088670067011, 0.9056438880906212, 0.926585989992791, 0.664837978826725, 0.8900121480551034, 0.7963628651035827]",green,"{""accelerate"": true}",-31.444847854449506,hybrid,traffic_violation
1765199337.869623,0.7090472619553533,0.6198863466656728,-41.49532988052116,4.807698073651027,"[0.901101173753873, 0.9609173684602463, 0.8267305816695742, 0.8334009981687233, 0.8158253508857942, 0.6758164442263587, 0.8589044903553933]",red,"{""accelerate"": true}",-21.74143612367436,pure_ml,traffic_violation
1765199338.869623,0.18575209311411928,0.7679275586993992,-93.08588703751046,1.371384107752221,"[0.848164053597046, 0.6468272128129328, 0.4875120306996933, 0.48193949536586156, 0.9766860289925994, 0.44640782312783567, 0.6910906279089035]",red,"{""brake"": true}",6.037358126184295,hybrid,normal_driving
1765199339.869623,0.847988792681025,0.20835493158946083,-34.41501596838756,1.8598086124005395,"[0.16518038525009748, 0.6503126722163673, 0.23140536842529957, 0.9924811254971452, 0.32781346975709, 0.606481434418075, 0.9314610032932518]",green,"{""brake"": true}",-2.472482548469272,pure_ml,sensor_failure_noisy_sensor
1765199340.869623,0.807144835851133,0.5571200330298247,-18.686165544633013,1.8963610229575114,"[0.0716432010226451, 0.04132179000538605, 0.2559417415360158, 0.710758132787245, 0.30455962281766114, 0.4402643861516139, 0.06939640589943163]",yellow,"{""brake"": true}",-9.809841515282368,hybrid,sensor_failure_noisy_sensor
1765199341.869623,0.8428145268468009,0.7100369786176413,-133.62450256649157,0.21166095398639406,"[0.15994949057258478, 0.1606456811811409, 0.10959188409047721, 0.3748261901818748, 0.20161367593972365, 0.5412586678379252, 0.6432518905532693]",red,"{""accelerate"": false}",6.098970953351595,pure_ml,edge_case_extreme_weather
1765199342.869623,0.3592610291891495,0.24825517342601117,-37.08063408084841,3.7502098179564873,"[0.6461309727314771, 0.6156373690405785, 0.5992225477373518, 0.5414125588720601, 0.5219070804408683, 0.5556556518278656, 0.5941704319553804]",green,"{""accelerate"": true}",10.833542059431263,hybrid,normal_driving
1765199343.869623,0.8098132613108388,0.3688164468786763,34.18859914410567,0.25973602415917096,"[0.19963103224131631, 0.02476933961446459, 0.15896412533604606, 0.1288657831088661, 0.20077921951500832, 0.5933160506721002, 0.7000465286407216]",green,"{""brake"": true}",-3.54175411508651,pure_ml,collision_avoidance
1765199344.869623,0.8021102888923677,0.33591253156893214,-144.07718059641246,0.8303015936909415,"[0.598507977486705, 0.8329095846028092, 0.46606327195109976, 0.5062899888266514, 0.479852157255133, 0.6366050898506087, 0.735336338635986]",green,"{""brake"": true}",3.7580324122353623,hybrid,normal_driving
1765199345.869623,0.7387656714246956,0.745300751365713,-22.18520322627652,1.4909459133190466,"[0.15078332150243517, 0.2635566734546019, 0.24668276960355293, 0.2494379715692949, 0.3063990761948242, 0.5001266421059425, 0.6907812922862111]",green,"{""accelerate"": false}",-2.3583560811696564,pure_ml,edge_case_extreme_weather
1765199346.869623,0.38766422165874737,0.29811001887759375,152.35346056066604,4.075097058115315,"[0.6083115916457066, 0.7611991975399757, 0.8120101351412654, 0.8019077374388381, 0.8543602562707393, 0.9716113053777229, 0.6715739961922057]",red,"{""accelerate"": true}",-20.684604423333216,hybrid,traffic_violation
1765199347.869623,0.4849059424688936,0.95,-31.627000520517882,0.7080036904415548,"[0.2287115865686043, 0.5021154257178496, 0.305973468935643, 0.4165781893746824, 0.7519131409266703, 0.8949911711125, 0.9907240893177656]",green,"{""turn_right"": true}",3.668181106527541,pure_ml,edge_case_road_boundary
1765199348.869623,0.6798071107140096,0.6554895786863095,-5.522535158834748,0.636398906817522,"[0.14251298862016964, 0.13787648599439906, 0.2911887172431797, 0.35803602672157475, 0.3811451917804634, 0.31728560126776023, 0.5191468509001926]",yellow,"{""accelerate"": false}",-4.858924466062229,hybrid,edge_case_extreme_weather
1765199349.869623,0.6145478773611945,0.7320007296450461,155.97234926160672,3.196877382953291,"[0.48767716156691704, 0.5359736488066837, 0.7365617872013049, 0.7407891393842264, 0.600654552548475, 0.4848125171808406, 0.4801321739828953]",yellow,"{""accelerate"": true}",7.963386102690404,pure_ml,normal_driving
1765199350.869623,0.3864319904042379,0.3678204310164336,36.686705395264916,4.012719707744754,"[0.5907120166922535, 0.4419754128015426, 0.666811459582729, 0.7075417636732513, 0.7841303580717005, 0.7791249763972791, 0.46711244356827897]",green,"{""accelerate"": true}",5.235276226098154,hybrid,normal_driving
1765199351.869623,0.30482582329216107,0.20025368803263113,144.4451357384181,2.1996705684478113,"[0.979318141764243, 0.8330086180148981, 0.5241073339156053, 0.8000684304995781, 0.9634704469603506, 0.6309223689624585, 0.855370543438767]",green,"{""turn_right"": true}",3.903371174461547,pure_ml,normal_driving
1765199352.869623,0.6014365691954479,0.7735302801894084,140.48702883870894,3.0625466452182835,"[0.8404575228167914, 0.5985921019674888, 0.7986593819637264, 0.5679282682087785, 0.4670624588013208, 0.9323124636394168, 0.7885014805835526]",green,"{""turn_right"": true}",4.30789869305262,hybrid,normal_driving
1765199353.869623,0.7583978408829837,0.5423240147917601,146.9037059022488,4.923319186777915,"[0.7478088159528385, 0.8399132422613972, 0.8768391481258907, 0.9090288799443491, 0.8143959425781443, 0.9201381916322289, 0.7371203977354467]",green,"{""accelerate"": true}",-4.094209420027386,pure_ml,edge_case_speed_limit
1765199354.869623,0.3800876326285003,0.3846469928655115,153.2299351458809,2.021739397803906,"[0.1, 0.1, 1.0, 1.0, 0.31977898609184385, 0.5853075248648454, 0.616810466186242]",red,"{""turn_right"": true}",0.7672873456893221,hybrid,edge_case_sensor_edge
1765199355.869623,0.10366554678622367,0.7517008142409722,36.2974618457547,1.6291388525021488,"[0.4302239178685473, 0.5872400967242429, 0.8961451847352189, 0.599480095511232, 0.4067797611027722, 0.4857912488795925, 0.9159706535559938]",green,"{""brake"": true}",7.743179184914748,pure_ml,normal_driving
1765199356.869623,0.20724974446951885,0.3282235099928177,-91.90984085029031,0.9989385266492277,"[0.12476073383568241, 0.09668133756726466, 0.02168306336943624, 0.24627130524442178, 0.37471482917902155, 0.2683393636398347, 0.41351317378294533]",red,"{""brake"": true}",-0.4604869324513423,hybrid,collision_avoidance
1765199357.869623,0.756599941822285,0.7827376790994998,115.65885624523506,2.8193802659375775,"[0.9440991253951978, 0.6701236984226768, 0.5691621802676177, 0.4846885770702022, 0.5575789343896371, 0.6981614635387317, 0.9517529886025828]",red,"{""change_lane_left"": true}",9.328954006715083,pure_ml,normal_driving
1765199358.869623,0.8169726688702615,0.3658365908243831,172.03291416861313,3.0858884418103045,"[0.6868242832419683, 0.6985243523315531, 0.7181466202245765, 0.6730376405134801, 0.8243732454570033, 0.9616517339680339, 0.6858530437180579]",red,"{""turn_right"": true}",4.2411771715357816,hybrid,traffic_violation
1765199359.869623,0.5347273451867134,0.7182734915693925,151.71347561497268,0.35991721639688135,"[0.14983565262919843, 0.2071896393526131, 0.1714664074947065, 0.19911749386843597, 0.3636791258859231, 0.3842697181552823, 0.5485396904906769]",yellow,"{""brake"": true}",7.257619021634884,pure_ml,edge_case_extreme_weather
1765199360.869623,0.12479417448246943,0.3650573561299679,-49.62560340414162,2.8706157343636933,"[0.5988152174591894, 0.8496417746988842, 0.609042876931665, 0.5456125353620132, 0.5424933576622005, 0.7016688926589147, 0.9053955975491498]",green,"{""turn_left"": true}",3.518189274373691,hybrid,normal_driving
1765199361.869623,0.7501267234915084,0.2630950783603165,-158.2052417447048,3.61069551431905,"[0.8294638916278576, 0.9339088105140609, 0.9364392155989006, 0.9792756443892574, 0.9944959544407193, 0.990336705210883, 0.983808937917555]",red,"{""accelerate"": true}",5.268693015937852,pure_ml,normal_driving
1765199362.869623,0.6812482281243574,0.4749660144671341,-18.514567632295588,0.8561685532223168,"[0.8257506470440341, 0.07705830597304775, 0.7426697702932193, 0.3927933389960264, 0.40297264119546994, 0.05892089262193401, 0.6721842453078944]",green,"{""accelerate"": false}",-2.061708312600631,hybrid,sensor_failure_noisy_sensor
1765199363.869623,0.20572049358955413,0.6310837665624061,-177.50195133063286,2.530892996314737,"[0.5657607045299076, 0.9137964915290033, 0.4404755455385041, 0.794770545446207, 0.7775090695999296, 0.4900494634964171, 0.8472822648670337]",green,"{""accelerate"": true}",6.794207261806311,pure_ml,normal_driving
1765199364.869623,0.7866721654146553,0.31633528856904236,-3.8513723271207985,3.737679774862479,"[0.4296209255819923, 0.5865640726490051, 0.5807709392434024, 0.6977587300805784, 0.5410331577585706, 0.8362144024446088, 0.4567377115551756]",green,"{""change_lane_left"": true}",4.485004749600122,hybrid,normal_driving
1765199365.869623,0.49515529170679184,0.746663455985916,-176.59143454423446,2.110700346890465,"[0.498277402969962, 0.5814612273777569, 0.5976496113555135, 0.8147334253156524, 0.8017163301386969, 0.880973620538589, 0.8635952285217068]",yellow,"{""accelerate"": true}",9.787325849677075,pure_ml,normal_driving
1765199366.869623,0.5259062782585087,0.7252142845162877,-102.10466658453015,1.3061453451050633,"[0.6916368051101693, 0.4962119509974538, 0.9175056989208042, 0.614938115872271, 0.8651892323289171, 0.7450712339205634, 0.5498706420622668]",yellow,"{""brake"": true}",6.784603713199015,hybrid,normal_driving
1765199367.869623,0.2830564522129966,0.7729208207703351,-79.12865912896577,1.7174735750565395,"[0.1518332954174311, 0.09324110030144245, 0.07860751358185705, 0.2989574804912226, 0.2021376169148211, 0.4539327878652409, 0.43386675494954563]",red,"{""turn_left"": true}",-2.3559596658826036,pure_ml,collision_avoidance
1765199368.869623,0.2516768495017191,0.2552031675453208,15.265623186747613,2.156072815752321,"[0.6431945028820122, 0.42248239782288977, 0.433571626983636, 0.7413045786575914, 0.6552849211879637, 0.9170997042258285, 0.5537147807006821]",yellow,"{""accelerate"": true}",13.038745614331669,hybrid,normal_driving
1765199369.869623,0.7574177287783296,0.24581198561368725,-179.14555367268937,3.830652939929142,"[0.7101789627329345, 0.9297497205325453, 0.8251296779815269, 0.7328352178187234, 0.9494613209102528, 0.926475068958231, 0.9987409423994038]",yellow,"{""turn_left"": true}",4.630171419807549,pure_ml,traffic_violation
1765199370.869623,0.8168671761174677,0.6053972236776113,42.50303689589681,3.7025093974229537,"[0.7244461645873417, 0.9067866486072492, 0.6294311952156475, 0.5099265126981162, 0.7018250888819157, 0.4512803466075015, 0.9052169520206722]",green,"{""accelerate"": true}",6.64085614797931,hybrid,normal_driving
1765199371.869623,0.708967885229613,0.47895403066571257,-6.196140506783077,4.375294637990352,"[0.8340214401257947, 0.8571899467324875, 0.821860117969538, 0.7728276598071792, 0.7582739342722389, 0.9702634915688015, 0.7052337413989583]",yellow,"{""turn_right"": true}",2.91181605908033,pure_ml,traffic_violation
1765199372.869623,0.49904326640301333,0.6750515266734487,7.135413002981181,4.819913871560355,"[0.8711340277006376, 0.7919761986182404, 0.7158965385536333, 0.905011307267887, 0.8166714697919137, 0.9809899831470145, 0.6351299793818471]",yellow,"{""accelerate"": true}",-47.163906324912446,hybrid,traffic_violation
1765199373.869623,0.7546351196665992,0.2902595535368169,-172.922418769234,3.1640656335426383,"[0.8045432377055162, 0.7480629497735614, 0.6857633699167982, 0.5521246512219029, 0.5546693420284861, 0.9194783797059661, 0.6190736487000192]",green,"{""change_lane_left"": true}",4.076340846661348,pure_ml,normal_driving
1765199374.869623,0.4841159946251409,0.7949920913154895,-10.373295300408625,1.298323759998791,"[0.16199873862202557, 0.22895259041847854, 0.17121397674845723, 0.3087661035675028, 0.2970902239218311, 0.3364976862908576, 0.5837698774518196]",red,"{""brake"": true}",7.420833808689441,hybrid,edge_case_extreme_weather
1765199375.869623,0.37111976948768377,0.5001489410283501,152.81138592279544,4.806316214503577,"[0.7237766433328191, 0.8442508191823985, 0.6130939535297695, 0.8656652106478091, 0.7533086640278237, 0.7602496559924677, 0.7676139082300826]",red,"{""accelerate"": true}",-34.164244662710765,pure_ml,traffic_violation
1765199376.869623,0.8263340054697333,0.6503072633839575,18.103985892006506,1.5605157010066835,"[0.04740195433248622, 0.148561051953177, 0.04678649704591318, 0.24287250514379094, 0.33341525481705814, 0.5373655041527645, 0.5088963886721476]",red,"{""turn_right"": true}",8.08884198158547,hybrid,collision_avoidance
1765199377.869623,0.5693827490932007,0.25656831372758115,10.72790954244869,0.0865754694757076,"[0.042379860241318595, 0.13178454577442061, 0.18518837222122933, 0.2881330719567148, 0.324383258036972, 0.46762496697232564, 0.5558470424834643]",red,"{""brake"": true}",-6.1077001286581964,pure_ml,collision_avoidance
1765199378.869623,0.3324396930127076,0.3463832200076513,42.347576611447074,4.534332162819046,"[0.9979525681605277, 0.709973864718655, 0.933760297618675, 0.8562301441128354, 0.8371596742299188, 0.7679671687146247, 0.7186628366088439]",green,"{""accelerate"": true}",-12.367292332174522,hybrid,edge_case_speed_limit
1765199379.869623,0.502704661057838,0.39919104773899694,-157.1308226944374,4.039416955937597,"[0.9668566229284107, 0.8841115835835917, 0.7101574335308216, 0.6716313355145253, 0.7361757246820546, 0.6953153769073189, 0.8715693641416518]",red,"{""turn_left"": true}",-4.274460362680587,pure_ml,traffic_violation
1765199380.869623,0.6774505158186963,0.4334881253243982,-149.28848793357716,2.6231711421631214,"[0.6523685503352812, 0.47891081677173886, 0.5047710913861627, 0.7149505166205227, 0.8794881246525097, 0.43672719929103715, 0.768463104548986]",green,"{""turn_right"": true}",4.703826798175438,hybrid,normal_driving
1765199381.869623,0.6086904023106373,0.5531556185194795,-164.7934927050635,4.042950125789899,"[0.7818117414703524, 0.6962363005829486, 0.9852376123992802, 0.9639253300967974, 0.850332026942471, 0.8007222333488777, 0.8422999760740566]",red,"{""accelerate"": true}",-16.383873979203315,pure_ml,traffic_violation
1765199382.869623,0.30802583374686177,0.7759103875500342,-83.81005751090018,2.0934817629769107,"[0.4595345127250632, 0.7402931843947613, 0.9973789858210886, 0.48700998482034, 0.8111240760811305, 0.4723688188506418, 0.9633842942632147]",green,"{""brake"": true}",7.8931042900435875,hybrid,normal_driving
1765199383.869623,0.8261417388616262,0.5463103330548242,-58.89014022904844,0.5886654174122726,"[0.049139631400362954, 0.011227307105262275, 0.09729372747567677, 0.21557270875122153, 0.3564118783457839, 0.24211693276580531, 0.43283478452400487]",green,"{""brake"": true}",-7.764049151792108,pure_ml,collision_avoidance
1765199384.869623,0.7424508351552433,0.22543865366040086,-119.4173889409424,1.6332209425321667,"[0.8901702120475845, 0.9821604751138713, 0.8967134535808436, 0.9688795640531569, 0.562324888619147, 0.4782164260657481, 0.7052705675634585]",yellow,"{""turn_left"": true}",5.393108566228574,hybrid,normal_driving
1765199385.869623,0.306341977614057,0.43674198432624034,125.9209186536066,4.1970598737666664,"[0.9537636089208686, 0.6331387841345391, 0.6307645079687658, 0.9583559218737965, 0.9887449252060452, 0.5450497359797841, 0.7844440445979559]",yellow,"{""accelerate"": true}",7.372974541034059,pure_ml,normal_driving
1765199386.869623,0.2575682210554844,0.7513471333223094,-19.319493314503013,4.3007698502442455,"[0.6144058841700458, 0.6509414864704905, 0.9810611884438922, 0.8161711594485428, 0.521039334890058, 0.8278176723451891, 0.4649648932327602]",yellow,"{""accelerate"": true}",10.432566356517505,hybrid,normal_driving
1765199387.869623,0.2695114281684987,0.42912769871156836,-55.588261454933864,3.082505311322713,"[0.9664979188795477, 0.7734042680388985, 0.8157569157012539, 0.8799080830683146, 0.5315058225906406, 0.8339622403819498, 0.45056630076585563]",green,"{""accelerate"": true}",6.082732330872032,pure_ml,normal_driving
1765199388.869623,0.8456950055048413,0.7834730686428057,-4.435585417956697,1.9466843683166786,"[0.6992640493579165, 0.7887246135341968, 0.6079756524794715, 0.6015335751068338, 0.6753705867263949, 0.710659034418482, 0.9844095502589009]",yellow,"{""turn_right"": true}",7.245854267680612,hybrid,normal_driving
1765199389.869623,0.6693030942493073,0.35522170063855457,-127.12768695008076,2.7189749262365854,"[0.48419620317930434, 0.4642782277127176, 0.47782383594157807, 0.7349832880012783, 0.570038358097481, 0.908501333513333, 0.46786536312651117]",red,"{""turn_left"": true}",6.0580949021554105,pure_ml,normal_driving
1765199390.869623,0.25979508700757786,0.6789075831793387,121.74334103542606,1.3778191266545525,"[0.6971472563732648, 0.9908141153994738, 0.4569714339673373, 0.8806964472769593, 0.6755070235634342, 0.5758492384199008, 0.7694621344204433]",red,"{""brake"": true}",7.940833957183207,hybrid,normal_driving
1765199391.869623,0.8334434698583406,0.41991627458092545,34.010596478139725,2.9522285524883554,"[0.9632433948365052, 0.949336301161729, 0.7348192400422986, 0.9881790582004404, 0.705232521953463, 0.45789284087464016, 0.44687137819855133]",yellow,"{""change_lane_left"": true}",4.486180149933695,pure_ml,normal_driving
1765199392.869623,0.29207673939360146,0.5775855992534054,-107.05875957884197,2.2866692426880983,"[0.8598708720369688, 0.975533304947773, 0.6228592836771136, 0.841679191702863, 0.7596875935739582, 0.7745264939940719, 0.5771531986219619]",green,"{""accelerate"": true}",14.589692916821305,hybrid,normal_driving
1765199393.869623,0.27752929512519975,0.7550360526846858,61.215104753766575,4.363623923139323,"[0.7818081750384979, 0.8594621238216837, 0.6252406732461468, 0.868784523978066, 0.6050065052211404, 0.6509426396073549, 0.8840992677320966]",yellow,"{""accelerate"": true}",-30.204870709711496,pure_ml,traffic_violation
1765199394.869623,0.6091537958691402,0.369323695906543,162.4223254719441,4.676025550244216,"[0.923009454238135, 0.865002437662238, 0.9146793711998036, 0.7777505573011557, 0.9837897563402493, 0.9587376983338174, 0.868863568467499]",green,"{""accelerate"": true}",-5.390005758034729,hybrid,edge_case_speed_limit
1765199395.869623,0.42055537396254916,0.317208278653464,92.19369343128828,2.6804221986772148,"[0.8728780060582881, 0.40068196608167833, 0.9834169770548669, 0.9805070838142698, 0.7433621607772194, 0.7668556058808548, 0.50392586984875]",green,"{""accelerate"": true}",9.057120922073743,pure_ml,normal_driving
1765199396.869623,0.4951519922911962,0.5622669481699469,-138.07445028728364,2.481900753643849,"[0.9829405987333977, 0.933271793012352, 0.738134932119924, 0.7061936401923379, 0.8802214747322558, 0.41967609790343796, 0.837665876163247]",green,"{""change_lane_left"": true}",8.397757658491347,hybrid,normal_driving
1765199397.869623,0.3805240985730144,0.528427802829867,-45.33129738105,4.816503508314933,"[0.6170118533895141, 0.9758818001483267, 0.7982179655082243, 0.7558666751581484, 0.7633146025537749, 0.7916496454482442, 0.9128426454423253]",red,"{""accelerate"": true}",-40.54183772233821,pure_ml,traffic_violation
1765199398.869623,0.310724603919562,0.79913688300151,-134.0883942603507,2.8629102436901066,"[0.80354849130051, 0.9423066779398975, 0.6562342496099633, 0.6774660004093225, 0.6771750748889342, 0.8775293717710115, 0.6834103668368092]",red,"{""accelerate"": true}",11.443949986832344,hybrid,normal_driving
1765199399.869623,0.7620813544308751,0.31781687734092967,44.950702873376464,0.5206073020290527,"[0.0, 0.8, 0.8, 0.5493861463573284, 0.7226331659035313, 0.40337871235333445, 0.7846792642224226]",red,"{""brake"": true}",-7.727169328644097,pure_ml,sensor_failure_partial_failure
1765199400.869623,0.7078644255728781,0.2703660143293771,69.84164781531234,0.8300586190408087,"[0.1, 0.1, 1.0, 0.1, 0.6944784481429003, 0.6627473042386389, 0.35967184601072305]",red,"{""turn_right"": true}",11.737925670230245,hybrid,edge_case_sensor_edge
1765199401.869623,0.556813687133775,0.2906754132921806,33.18025426905587,3.8017527592272735,"[0.5481840291454531, 0.8643577398321085, 0.8978792875803993, 0.48018021109365355, 0.6872487481662783, 0.7700483515961201, 0.5296675106325164]",green,"{""accelerate"": true}",7.750761629893379,pure_ml,normal_driving
1765199402.869623,0.2929423689115998,0.6008091363721266,40.046766443844064,2.8526791567523464,"[0.6015983548185583, 0.8552321638264687, 0.7606053637750443, 0.5377651807522773, 0.5981145044087146, 0.9103931808524504, 0.9279537825416301]",yellow,"{""accelerate"": true}",12.509094991552029,hybrid,normal_driving
1765199403.869623,0.4558110408672874,0.6321014632270282,-166.94481273102764,3.42915751291193,"[0.4715879542026949, 0.6746603656642315, 0.5113244985434969, 0.4671646969843166, 0.9339339802345038, 0.4110531790758663, 0.9695760057261738]",yellow,"{""accelerate"": true}",9.226846747685453,pure_ml,normal_driving
1765199404.869623,0.8195930593406462,0.45061777893420246,69.52247385933576,3.503121869481035,"[0.9677593860827391, 0.8506202387018429, 0.4548540710701361, 0.6369245745361728, 0.5471385043868437, 0.9136375930547684, 0.815975293940405]",green,"{""change_lane_right"": true}",5.978014151824146,hybrid,normal_driving
1765199405.869623,0.6228788273518658,0.5778259043520796,163.56393155651327,2.0764625215970063,"[0.7429351417946701, 0.4577635489678028, 0.7205448475840319, 0.40611513413791955, 0.40620914447996626, 0.4579943349517828, 0.6896756522249727]",red,"{""accelerate"": true}",12.995102368383364,pure_ml,normal_driving
1765199406.869623,0.7137214939830392,0.2779602164424213,-136.62999248386603,0.8022593344504925,"[0.0642239893004642, 0.0521504550899862, 0.10449007603155834, 0.26968486668312774, 0.1754474444137367, 0.26329041134514397, 0.5176399662392892]",green,"{""turn_right"": true}",5.8494339484750135,hybrid,collision_avoidance
1765199407.869623,0.14009253364546315,0.7279976023464625,-144.5240758740333,3.65591283604551,"[0.8532438576308152, 0.4038109051475463, 0.49256095305429964, 0.5865563043775175, 0.8752351925797448, 0.6478739870414431, 0.5045308830635541]",green,"{""accelerate"": true}",14.483612557233181,pure_ml,normal_driving
1765199408.869623,0.3664309451314677,0.26480415863369827,-125.12277685731652,0.4062888384899608,"[0.24641968454060972, 0.19633769358582373, 0.2887245140382053, 0.34867774164141874, 0.34229017074537793, 0.4670575783020602, 0.4626150677216244]",green,"{""accelerate"": false}",0.5913922746414055,hybrid,edge_case_extreme_weather
1765199409.869623,0.15918819500634004,0.29849459188197836,124.58079777565592,0.930211266230249,"[0.22564624200095396, 0.8386757693088935, 0.5094845115302393, 0.8681668738606771, 0.1971250291980794, 0.942060694183932, 0.21402970898888196]",green,"{""brake"": true}",-5.309534324728375,pure_ml,sensor_failure_noisy_sensor
1765199410.869623,0.21645881351440793,0.3377559766257877,82.80876015690626,1.7756340584531367,"[0.0, 0.0, 0.33527255415043566, 0.5706989901092236, 0.0, 0.3679740210909189, 0.0]",green,"{""turn_left"": true}",-1.3032693716386685,hybrid,sensor_failure_stuck_sensor
1765199411.869623,0.15255388552712967,0.5245525701153162,-31.183624697191167,3.4874235955658284,"[0.9726926404586191, 0.6853709076070753, 0.49083140708617085, 0.46962155708381426, 0.5747648126335706, 0.7419459632686431, 0.7557995662468548]",yellow,"{""accelerate"": true}",6.198294775022238,pure_ml,normal_driving
1765199412.869623,0.7972811238838866,0.22344287875238977,-134.0138546390723,3.183884095950647,"[0.8713980895450743, 0.47832517591124984, 0.8378680089404891, 0.7326480748280799, 0.5530621701299995, 0.5671823773248225, 0.7069375404617289]",green,"{""accelerate"": true}",11.822420396211992,hybrid,normal_driving
1765199413.869623,0.18245133809235714,0.7991865885935014,149.52773258127993,2.7065425757016275,"[0.8032540666620054, 0.4331669270490674, 0.4607809687964672, 0.7810213523349666, 0.8058878826940183, 0.6286108194448892, 0.7819298972411062]",red,"{""accelerate"": true}",11.154585352563002,pure_ml,normal_driving
1765199414.869623,0.4802589682313767,0.6668716815199174,97.6510799526068,3.147858329967553,"[0.4240614700206779, 0.7385269700041188, 0.8087249275964417, 0.8315676632440794, 0.6241317847814929, 0.4357641684543498, 0.6109303833811174]",yellow,"{""accelerate"": true}",5.019514209928783,hybrid,normal_driving
1765199415.869623,0.6433580680700566,0.3266533683546383,-166.066157773694,3.374077631364765,"[0.47373316361068246, 0.6814521330827674, 0.8891758676639989, 0.7414946154408032, 0.795667872055803, 0.9604426758757237, 0.4827634906504148]",green,"{""accelerate"": true}",12.106979831834128,pure_ml,normal_driving
1765199416.869623,0.12565871023834074,0.3308999839347267,103.30744960332152,2.541541848636283,"[0.8047183694406885, 0.45956656271475826, 0.5600596626417103, 0.47041914965355647, 0.4463812846857321, 0.758921375433596, 0.5819256129287197]",yellow,"{""change_lane_right"": true}",6.118105765597345,hybrid,normal_driving
1765199417.869623,0.679213056579991,0.5553155764836796,-23.214546469461407,1.4987015512291277,"[0.13296834890934883, 0.530824025367776, 0.10553923466362436, 0.27441108558476623, 0.6756633778978747, 0.43678190649408344, 0.35414259389451486]",red,"{""accelerate"": false}",-9.760822703609028,pure_ml,sensor_failure_noisy_sensor
1765199418.869623,0.6140112257714379,0.33304873381994915,99.18655437961536,2.003878888647539,"[0.6074893596637101, 0.9502337939243826, 0.6466499537567153, 0.4193001918713021, 0.9848758428856996, 0.8735480031372933, 0.7244808534554472]",yellow,"{""brake"": true}",7.106991835466404,hybrid,normal_driving
1765199419.869623,0.2922943678869186,0.3031561052820252,-154.861335605548,1.2080913674593998,"[0.369747751294801, 0.9977612469473702, 0.6851884582507491, 0.6040089297918068, 0.7086528583816607, 0.9128035865632189, 0.9445925325330101]",green,"{""brake"": true}",-0.9369247911167307,pure_ml,sensor_failure_noisy_sensor
1765199420.869623,0.2782493958331377,0.4499124734769619,-145.14101244586038,2.3606423213677763,"[0.975969899072052, 0.6599302247008578, 0.916232385171212, 0.5247474052096063, 0.42090272602110385, 0.9359214490060654, 0.9283796789201452]",green,"{""accelerate"": true}",6.448531275388385,hybrid,normal_driving
1765199421.869623,0.55512106687475,0.7363807128671991,-138.10814637397638,3.172641836319357,"[0.7625517887280228, 0.4526105212940033, 0.4731558493320792, 0.7546308511798744, 0.5099883518225654, 0.6865262758612256, 0.6284549922496003]",green,"{""accelerate"": true}",12.087670319011846,pure_ml,normal_driving
1765199422.869623,0.4862193740396141,0.47182478606862344,83.45402336144004,2.24010687712643,"[0.7647878910235023, 0.40882275319710254, 0.8280630534986011, 0.7572581029218541, 0.7572808626928358, 0.8269897057646198, 0.7383207960292567]",yellow,"{""turn_left"": true}",7.289696802534075,hybrid,normal_driving
1765199423.869623,0.5120895684879057,0.21057199747073085,-33.910713923449826,4.223982167505863,"[0.6503367454824267, 0.8795067352476919, 0.5723203386723442, 0.5326795335754287, 0.7879121951290217, 0.7720988827192228, 0.6067945686671465]",green,"{""accelerate"": true}",8.880600850763901,pure_ml,normal_driving
1765199424.869623,0.3221251350342964,0.3628763727847983,38.80356561939449,0.9223603335223843,"[0.1435647586517589, 0.00709538814446562, 0.06468947585318086, 0.1876740586159285, 0.1937963598383256, 0.222227574192095, 0.7522589701072224]",green,"{""brake"": true}",-4.453770935827205,hybrid,collision_avoidance
1765199425.869623,0.4147174072255455,0.6924094952862109,58.84993446301931,0.48472046178998784,"[0.028794584742704733, 0.1968663072359454, 0.15850484036930892, 0.18675257120434563, 0.24321645391642369, 0.4568114657864096, 0.30597343392347964]",yellow,"{""brake"": true}",-4.367988606521059,pure_ml,collision_avoidance
1765199426.869623,0.3457902812510675,0.3191513114629713,-20.647098502936753,2.778803862761645,"[0.4214088404458193, 0.9179934486991453, 0.5886670319013128, 0.6316284034599863, 0.5471606930510537, 0.6519618067101318, 0.7880275494083882]",green,"{""accelerate"": true}",9.964154364303093,hybrid,normal_driving
1765199427.869623,0.5432697189234331,0.329778335483328,-28.750532557921684,0.14097706170575441,"[0.14116096356725447, 0.13665992076356456, 0.12324983653360476, 0.2918105069468211, 0.16657813649727893, 0.5604530904596883, 0.36587147065298936]",red,"{""brake"": true}",-6.0865361464197765,pure_ml,collision_avoidance
1765199428.869623,0.166016920673474,0.7734018591655791,-18.615785290279536,2.769991351987507,"[0.7321005788333923, 0.9081072098198061, 0.9417371664541173, 0.6167020254623332, 0.5252576957839258, 0.42462152934244224, 0.9313422110282565]",green,"{""accelerate"": true}",10.97806863339514,hybrid,normal_driving
1765199429.869623,0.4669165591828962,0.2911137479900975,-174.3824877390828,4.443612781394975,"[0.936111132852476, 0.81374269837638, 0.8412739020109022, 0.4047457359165652, 0.525305611508396, 0.6766511007878158, 0.7434738658988338]",green,"{""accelerate"": true}",8.583088290892999,pure_ml,normal_driving
1765199430.869623,0.511259892158396,0.6831898077359616,1.7121611974378101,0.6838397753003381,"[0.13193371783653865, 0.06902026138943188, 0.17473384335800896, 0.23445136173029568, 0.3059804768278547, 0.37783274064642547, 0.5632047922601107]",green,"{""brake"": true}",-1.130679410738793,hybrid,collision_avoidance
1765199431.869623,0.12130033301831196,0.48369050393738283,-4.591941546540082,0.9836546735534364,"[0.288511775512579, 0.25785708935786156, 0.21101342759228875, 0.3293294704873906, 0.40302562560470456, 0.32849481034186256, 0.5380165114004882]",green,"{""brake"": true}",4.786262994015541,pure_ml,edge_case_extreme_weather
1765199432.869623,0.7578442941555593,0.7678304941091667,-132.55725264681266,1.3173565557137885,"[0.1, 0.1, 1.0, 1.0, 0.5547888805093564, 0.500581928653765, 0.6875667085968288]",yellow,"{""turn_right"": true}",11.586448600361797,hybrid,edge_case_sensor_edge
1765199433.869623,0.796314890200465,0.3164645137159564,3.0171175637000567,0.9707524065313217,"[0.16439574175502505, 0.17213677838944896, 0.0377590872660486, 0.21254499889240275, 0.259175532613105, 0.5169723283584637, 0.5720312235588363]",green,"{""brake"": true}",-9.215010479135646,pure_ml,collision_avoidance
1765199434.869623,0.17002573918062824,0.44724261813303545,-151.315069847025,0.8959991155306313,"[0.10886613570892026, 0.048707558565324764, 0.07460921449507621, 0.1958740293299141, 0.33306276780347643, 0.28704537568444694, 0.4175344295223109]",yellow,"{""brake"": true}",-5.695134251084474,hybrid,collision_avoidance
1765199435.869623,0.750129316307437,0.426811310523839,121.6651965246724,3.4075281117117013,"[0.5181971352460454, 0.8109468822545802, 0.48627357740033655, 0.7475672236960962, 0.7058256256483197, 0.7192196286097264, 0.8251973683818714]",red,"{""turn_right"": true}",4.042613859500305,pure_ml,normal_driving
1765199436.869623,0.19712656615624394,0.5347105316380572,38.78396147848036,3.7000520833928676,"[0.763398849392218, 0.40843578087080357, 0.5173694776457872, 0.4197976076991691, 0.42661889204354875, 0.4603623157658152, 0.6222241142972751]",green,"{""accelerate"": true}",12.25439747806469,hybrid,normal_driving
1765199437.869623,0.5906212072798803,0.2296522529313822,178.12281877600145,4.374880132650402,"[0.9392061413784549, 0.7258834716594461, 0.6858032929104274, 0.8279436857781725, 0.7052126027237395, 0.9772795886176714, 0.8182287652228725]",green,"{""turn_left"": true}",-17.19594154875178,pure_ml,traffic_violation
1765199438.869623,0.19085573572727538,0.3273220385401877,-30.15840666666159,0.25948176239485166,"[0.0, 0.0, 0.0, 0.0, 0.0, 0.0, 0.0]",red,"{""brake"": true}",-7.969150651736999,hybrid,sensor_failure_complete_failure
1765199439.869623,0.1881908836048698,0.23359932256032676,-24.18010396452581,3.876590669332769,"[0.8195096240303404, 0.868952269726402, 0.9048926212959995, 0.492073802086948, 0.7453784000699124, 0.4795842279458662, 0.5511507967851873]",red,"{""accelerate"": true}",11.869012558171649,pure_ml,normal_driving
1765199440.869623,0.7317472366155703,0.46602396416658315,19.066004134728114,4.512252703672371,"[0.7186714900308525, 0.7128041722207745, 0.7898365776401353, 0.7729510285877602, 0.7720603987102403, 0.8343065200455835, 0.8687879912421018]",green,"{""accelerate"": true}",-6.612886847229559,hybrid,edge_case_speed_limit
1765199441.869623,0.24314634155033898,0.20993065499320426,109.83653867101077,4.218970071367082,"[0.44763819888034695, 0.5503918955668047, 0.5735383526350077, 0.8375048553632156, 0.6558516151022444, 0.6595498406429008, 0.4313183725753753]",green,"{""accelerate"": true}",14.305442854853297,pure_ml,normal_driving
1765199442.869623,0.8291986955986762,0.27323857634899634,-40.34353360236677,2.047524675586909,"[0.6285667979291091, 0.5722527870736548, 0.8826568688547005, 0.509100272089864, 0.6905024095299765, 0.5848382191614372, 0.529109289729118]",yellow,"{""accelerate"": true}",5.989283395379839,hybrid,normal_driving
1765199443.869623,0.5824617652076182,0.6862524626190385,152.1425910532134,2.7735493967201617,"[0.7121989581315891, 0.44896050206638255, 0.5956380720157769, 0.40314834979885217, 0.4789560122806447, 0.8406879221966226, 0.9070653303162399]",green,"{""turn_right"": true}",8.261040736258852,pure_ml,normal_driving
1765199444.869623,0.5133743549550701,0.40453376324475976,-94.358022290836,1.9969395097055351,"[0.5658896170816088, 0.9130376306661044, 0.8627381672446439, 0.7568748831507224, 0.6266234486314545, 0.6138775616145214, 0.9794031419126494]",green,"{""turn_left"": true}",9.818572319166641,hybrid,normal_driving
1765199445.869623,0.3094080060353135,0.7058609148577055,79.08016473004184,2.230599857937786,"[0.8152435446984293, 0.9707607676606044, 0.9420828975768847, 0.45740076209926234, 0.5929329250431962, 0.4317785424089091, 0.8153660370508662]",green,"{""accelerate"": true}",12.263517163408247,pure_ml,normal_driving
1765199446.869623,0.6111974407674362,0.45403613029901535,84.32762185680276,2.8995398042632923,"[0.5386602068878363, 0.5638472110524642, 0.5674870989422601, 0.8983514424367937, 0.6510385639525011, 0.7257918807138131, 0.7320199070766843]",green,"{""accelerate"": true}",12.742136591215198,hybrid,normal_driving
1765199447.869623,0.354038897682713,0.2792448278979773,53.37929300020716,0.7169624692495358,"[0.12810163827112633, 0.10856129362312322, 0.15516268798801436, 0.2935820780393894, 0.1112795188951507, 0.31443000785112896, 0.6253144231812755]",green,"{""brake"": true}",-2.472073859429722,pure_ml,collision_avoidance
1765199448.869623,0.8939475261237887,0.7101598958467035,164.6590976311806,3.227609035882355,"[0.6655414202432772, 0.9718144922421659, 0.9974371111396416, 0.6254620051033022, 0.5677355945461724, 0.6422755447906121, 0.8156438947940545]",green,"{""change_lane_right"": true}",7.273841229025969,hybrid,normal_driving
1765199449.869623,0.7843514865266936,0.7106475932751339,-69.41900203588874,2.53605106215661,"[0.8149370537846083, 0.5719819980550818, 0.8888664288931785, 0.8309510045381333, 0.8144857889632839, 0.5401456123224115, 0.4768295713457372]",green,"{""turn_left"": true}",6.383293135887708,pure_ml,normal_driving
1765199450.869623,0.8499178016298566,0.3162531810423826,-145.95993190281962,1.7949897737381892,"[0.8600592026240244, 0.7420223346650769, 0.491645447609983, 0.8394169142943588, 0.5589380896213977, 0.43828297062453847, 0.6135186950649472]",yellow,"{""turn_right"": true}",7.461671534869275,hybrid,normal_driving
1765199451.869623,0.4512699948795035,0.41207145364318065,-156.42907616366577,2.960994821818563,"[0.7796820122970369, 0.47165248737136134, 0.5300858446603396, 0.576743319771986, 0.47113425136567827, 0.595105559488679, 0.43977990432785674]",red,"{""accelerate"": true}",6.946040736087914,pure_ml,normal_driving
1765199452.869623,0.679221342195364,0.7023660215686762,142.7553919177885,4.506653763331138,"[0.9240547807170718, 0.8173308515704057, 0.9158458814191928, 0.7802673682430754, 0.7816107217921233, 0.9468596525070608, 0.7349394236702163]",yellow,"{""accelerate"": true}",-2.8322589909875493,hybrid,edge_case_speed_limit
1765199453.869623,0.6081207419581387,0.95,-135.37213840075177,1.313101640647623,"[0.23185273239190463, 0.4048628087212236, 0.6192824474890046, 0.4660056501840646, 0.5391878788806266, 0.9342931015888042, 0.8559570310983122]",yellow,"{""brake"": true}",-4.097206834803295,pure_ml,edge_case_road_boundary
1765199454.869623,0.8443563560537207,0.29798068042752895,-37.46601373911183,1.6287162416580137,"[0.0, 0.0, 0.0, 0.6077353388162623, 0.6591138903596426, 0.4940849594813126, 0.6946647837378617]",red,"{""brake"": true}",0.46159426592126174,hybrid,sensor_failure_partial_failure
1765199455.869623,0.22301609342340464,0.5000654258686776,70.26638079725659,1.6362762092924104,"[0.4359499570146854, 0.4080435580674095, 0.961260126875076, 0.69795846119251, 0.6329880378614985, 0.8841613947643416, 0.7130362007273101]",green,"{""brake"": true}",7.112769898647204,pure_ml,normal_driving
1765199456.869623,0.46805472702809925,0.42505196802533574,-22.25376970710354,1.7137842050523335,"[0.1696949496461163, 0.07883601095463676, 0.026258370559906808, 0.2876978445995031, 0.1969173445048364, 0.2686991761984083, 0.7972463098732641]",green,"{""turn_left"": true}",3.6763116379896648,hybrid,collision_avoidance
1765199457.869623,0.14625668502620812,0.4473939453129503,7.150765484638001,2.2885713910054655,"[0.9353101278788238, 0.5951171910458586, 0.5298304240522027, 0.6472583316418982, 0.4124785754194772, 0.7739849218900832, 0.6090995084916965]",red,"{""change_lane_right"": true}",6.504751516432639,pure_ml,normal_driving
1765199458.869623,0.5847947581891227,0.2922431380368913,157.928749565844,1.3322637784504674,"[0.1818712833958487, 0.1301791020860133, 0.03153272387020252, 0.190169847073075, 0.38139588583403006, 0.3939687564635148, 0.7254695568558942]",green,"{""turn_right"": true}",2.671810825441953,hybrid,collision_avoidance
1765199459.869623,0.4040331081457108,0.5447375698106023,-54.3794282691798,3.218507820474504,"[0.7894091677791604, 0.6316085571245089, 0.9176399209602996, 0.4152961319960098, 0.9960157511930765, 0.7630667882257249, 0.8298780265173584]",green,"{""accelerate"": true}",9.537559146143174,pure_ml,normal_driving
1765199460.869623,0.3359555418135999,0.5247779069829344,62.939473763628314,1.5507650800707469,"[0.0, 1.0, 0.4455200234894721, 0.44783137652821225, 0.0, 0.36910564327861395, 1.0]",green,"{""turn_left"": true}",0.48240967131041046,hybrid,sensor_failure_stuck_sensor
1765199461.869623,0.5894649704239147,0.42868745584954854,155.4586178108503,0.15335894646100945,"[0.0675006383006763, 0.17208969824727235, 0.11311636048961911, 0.15071193114543843, 0.29024928106032033, 0.5361029471841451, 0.7689062125358876]",green,"{""brake"": true}",-1.9122083297951455,pure_ml,collision_avoidance
1765199462.869623,0.11271783591510741,0.4433168639985336,140.76304917963137,0.9447366379969884,"[0.1786330995158993, 0.16062376013195667, 0.2352419485853721, 0.21307211849758267, 0.2982167984810895, 0.42726099130197137, 0.5909888613607899]",yellow,"{""accelerate"": false}",0.6520319773951728,hybrid,edge_case_extreme_weather
1765199463.869623,0.2622116260324635,0.33088628345118487,-131.55967222143815,2.8775921212312454,"[0.5345666396590605, 0.9384919219480643, 0.8135239995748826, 0.7483752144703922, 0.5047647008237502, 0.586544142831531, 0.8384965339325379]",yellow,"{""accelerate"": true}",11.98576430577241,pure_ml,normal_driving
1765199464.869623,0.7500944189163019,0.771685834281143,-62.36842555768699,1.8009552302623661,"[0.8571799559370593, 0.5809111163595045, 0.7875192687692676, 0.4100130521695966, 0.7815900972397054, 0.8879850802620225, 0.9881571797246637]",red,"{""turn_left"": true}",7.24649224804373,hybrid,normal_driving
1765199465.869623,0.6922164605716151,0.5826561471939279,-65.60408715231287,4.582815434243106,"[0.7152266082694965, 0.7598680785664962, 0.9881430360545881, 0.8659901721458616, 0.7916267164438632, 0.7870671100877358, 0.7536707470409372]",yellow,"{""accelerate"": true}",-12.499636459927022,pure_ml,edge_case_speed_limit
1765199466.869623,0.6438122857334787,0.4451101156245511,-148.43282972939545,0.40641884555974417,"[0.01985114003045481, 0.10338397527680197, 0.014115812985581046, 0.2827844345895536, 0.319880387683218, 0.4696838780230951, 0.7788150569933223]",red,"{""brake"": true}",-9.791798748710885,hybrid,collision_avoidance
1765199467.869623,0.5106115476801131,0.05,-120.21081559563497,1.755763595581178,"[0.4853849480108735, 0.41154097468638606, 0.5916722735427881, 0.4037369188376229, 0.72957987808773, 0.8533198688935445, 0.9125274401014692]",green,"{""turn_right"": true}",-6.938272460380455,pure_ml,edge_case_road_boundary
1765199468.869623,0.3631056526178882,0.40556008461091586,61.27526779443852,2.041910232916166,"[0.6395193383620785, 0.4645181022856691, 0.48168632716356424, 0.6008736962246584, 0.8827562360399205, 0.8513488155635852, 0.9394942147472415]",green,"{""accelerate"": true}",13.360820372168078,hybrid,normal_driving
1765199469.869623,0.12016464577656026,0.52916556722612,-27.287933981953206,3.519910870084407,"[0.7600748983719869, 0.8850378938358572, 0.6219591421558714, 0.8952859960269945, 0.9845397651490081, 0.429735741625632, 0.7225415501438786]",red,"{""change_lane_right"": true}",5.481163513464676,pure_ml,normal_driving
1765199470.869623,0.6953385104388348,0.6853126576802647,-110.23756113021157,3.008800402602958,"[0.5683636834246877, 0.5693697441693377, 0.7228089490114145, 0.7654715975609832, 0.4665805273106539, 0.5385592201456533, 0.4578742788843629]",yellow,"{""accelerate"": true}",11.474451678842978,hybrid,normal_driving
1765199471.869623,0.29647453888784525,0.46110174186806896,152.22720551895867,2.8498739374555373,"[0.8717744658138384, 0.7212095790160851, 0.5052631726279763, 0.959332273809653, 0.974346886705929, 0.5962209227414251, 0.6982474462861705]",green,"{""accelerate"": true}",13.626641707609274,pure_ml,normal_driving
1765199472.869623,0.275978494445295,0.4061840302482998,83.67844673757598,3.1633426986617046,"[0.9145874177670913, 0.6278312305486258, 0.9457040179435806, 0.45984940165830446, 0.8478761422555208, 0.4854857217696499, 0.6928680816334638]",green,"{""change_lane_left"": true}",10.998584440670164,hybrid,normal_driving
1765199473.869623,0.39738426186707787,0.36680773509536224,139.85490222780527,3.596256242584275,"[0.7960438834894866, 0.49547868512340787, 0.8989090481266974, 0.5865581230230625, 0.9836398261419769, 0.8050757454506742, 0.8153929292461608]",green,"{""accelerate"": true}",10.1450236564865,pure_ml,normal_driving
1765199474.869623,0.714693351660931,0.3841815632269798,-147.85041450140628,2.37079215539825,"[0.9641071743785231, 0.6414375260041254, 0.7925410784860429, 0.6395651956784535, 0.5599777857253376, 0.4070454372984549, 0.7925927808677058]",green,"{""change_lane_right"": true}",9.534063404790736,hybrid,normal_driving
1765199475.869623,0.8558770909231834,0.5829328815456016,168.5362265535904,3.6665852267659647,"[0.6115221427613542, 0.730946289161803, 0.5747218321838005, 0.45596543884900986, 0.6304507703442689, 0.9925902676969365, 0.7542209373324732]",green,"{""accelerate"": true}",12.80695837388526,pure_ml,normal_driving
1765199476.869623,0.43177560654015623,0.6047900421054457,-48.36272630404439,2.0178836852657542,"[0.5291542203099348, 0.6657273431316817, 0.4495809803277214, 0.514977240637284, 0.8525785271328373, 0.9024401066782813, 0.9700889876446123]",green,"{""accelerate"": true}",9.39579651695162,hybrid,normal_driving
1765199477.869623,0.8673716062285655,0.2056552942613753,161.57090455748693,1.742392628944525,"[0.8072138066760314, 0.4400953165780634, 0.8446087798569812, 0.58193802624462, 0.653277205280896, 0.9872670537041693, 0.4447984220941637]",green,"{""turn_left"": true}",6.301655815463516,pure_ml,normal_driving
1765199478.869623,0.21003594189611566,0.7640076895635095,118.1973947083136,3.016056860701582,"[0.4554148552666669, 0.5237026605231445, 0.9788596579379325, 0.8914760145181003, 0.7389008116595043, 0.7559743845950619, 0.8753770538799097]",yellow,"{""change_lane_left"": true}",10.905839516629513,hybrid,normal_driving
1765199479.869623,0.5775926840960429,0.2797143800705086,-45.667001541584376,4.504865943429974,"[0.7965261096437776, 0.8940677879333785, 0.7579698201029184, 0.7701875779373094, 0.7100656526515153, 0.9151660115694605, 0.9310380145068563]",green,"{""accelerate"": true}",-3.9943721603561517,pure_ml,edge_case_speed_limit
1765199480.869623,0.5549935790761289,0.4697764308779121,-142.23939327136875,0.39118507874514374,"[0.19214082490021106, 0.1349890379743367, 0.17124309250043862, 0.1559022386354312, 0.3763330609248261, 0.456335213640058, 0.6564532285281958]",yellow,"{""accelerate"": false}",-1.597513182678831,hybrid,edge_case_extreme_weather
1765199481.869623,0.8593886308301358,0.497347690734235,33.03775840573775,2.8149698188312477,"[0.42659211863445184, 0.9326677260082907, 0.4963407738169428, 0.7427341734206399, 0.8595665746684853, 0.7689060244290136, 0.8030165328798622]",yellow,"{""change_lane_right"": true}",6.315260912486282,pure_ml,normal_driving
1765199482.869623,0.6352289843557454,0.5993701338492277,-54.11265975150001,1.6730633443066507,"[0.5896753038681791, 0.5200299086258103, 0.08112330020671132, 0.9664135055786944, 0.5107428118605792, 0.015695499014677816, 0.3367471596170881]",red,"{""accelerate"": false}",7.811272617044239,hybrid,sensor_failure_noisy_sensor
1765199483.869623,0.27919182782980945,0.567766059960594,3.9030543748678013,1.9582857702015515,"[0.1, 1.0, 0.1, 1.0, 0.3695853275289755, 0.6391973914564145, 0.32977581727627986]",red,"{""brake"": true}",-0.1100961517725425,pure_ml,edge_case_sensor_edge
1765199484.869623,0.6547584920771367,0.4387448230820693,-117.01257550391675,0.8470684255433326,"[0.018489456190299604, 0.020088054636310606, 0.04437625458444694, 0.1073187001425851, 0.14686151498720243, 0.20183690251401676, 0.6484287961924114]",green,"{""brake"": true}",-3.0033187457144788,hybrid,collision_avoidance
1765199485.869623,0.1808483600134629,0.5433953302303042,156.38123911114712,4.578852059886314,"[0.9217859853371124, 0.7511272091469842, 0.9888145351325547, 0.6733306273439496, 0.9482297258943706, 0.712068003483856, 0.7502228181998677]",yellow,"{""accelerate"": true}",-39.85166517352724,pure_ml,traffic_violation
1765199486.869623,0.8001183262040988,0.21249935252932875,130.5087775253463,2.775077332879152,"[0.4540001571888651, 0.5721740174854469, 0.9914935110365389, 0.8763557290614995, 0.6017510897062222, 0.9840336958155909, 0.9385081880176331]",red,"{""accelerate"": true}",10.211239454845968,hybrid,normal_driving
1765199487.869623,0.16247398961227635,0.6067131862062006,-141.68392907038728,3.120521200231988,"[0.6059119654827225, 0.9252508246573388, 0.753551998255451, 0.48856728426128987, 0.7923682740520956, 0.49429752111221426, 0.44478876558276453]",yellow,"{""turn_left"": true}",4.5733736344458755,pure_ml,normal_driving
1765199488.869623,0.42780971352145736,0.38238002459588816,17.252438350492735,2.6517031252958376,"[0.5046376370147646, 0.6585514473250041, 0.6445145709781293, 0.7423847177018413, 0.9541231479531248, 0.500113502967413, 0.6609237328650265]",yellow,"{""accelerate"": true}",11.35609181529445,hybrid,normal_driving
1765199489.869623,0.6458938037359322,0.2765722300214675,28.087380349039396,3.9185749740270293,"[0.4793509913900331, 0.5407834289405333, 0.9561223246137541, 0.45987932305059437, 0.6399550417118769, 0.7197730348615063, 0.5466263496069511]",green,"{""accelerate"": true}",8.871649098043676,pure_ml,normal_driving
1765199490.869623,0.6236604303149763,0.95,37.235324156729526,0.6510783715439015,"[0.1541054523544151, 0.4644929695895345, 0.5393700843054571, 0.5306470155700436, 0.7685077306714663, 0.7925547406024256, 0.8816215411894734]",red,"{""turn_right"": true}",-3.133219954566096,hybrid,edge_case_road_boundary
1765199491.869623,0.805114194829825,0.27021403111662934,-47.4356735028488,1.1637506625202143,"[0.1131656396356921, 0.1112624673585052, 0.15163425381585333, 0.15517838070858123, 0.19669245583611694, 0.5697110943773362, 0.5435713354410561]",red,"{""turn_right"": true}",5.84763988244964,pure_ml,collision_avoidance
1765199492.869623,0.21367723229930846,0.6751245827969343,-39.045957130750935,3.3079996287164626,"[0.9994061032868785, 0.9965004323542209, 0.5298315650113173, 0.7958601915429051, 0.429528867462423, 0.8920096095902469, 0.4092905510099708]",red,"{""change_lane_right"": true}",6.795614404959836,hybrid,normal_driving
1765199493.869623,0.8226352043394533,0.5183437044460837,29.70023598449525,3.3783593116002804,"[0.4734236476113721, 0.44176856262234837, 0.4873523269209208, 0.8841260124256698, 0.6179435549742343, 0.8671387949148258, 0.5781757035325317]",green,"{""turn_left"": true}",7.938960571865688,pure_ml,normal_driving
1765199494.869623,0.10150475090542735,0.5326123194875834,121.87183266422045,2.7533115952061387,"[0.49111717509191555, 0.8324040129427996, 0.8708473452693432, 0.98234598000619, 0.9891887414144209, 0.5211792427740728, 0.7015804390744258]",green,"{""change_lane_right"": true}",5.072117999340573,hybrid,normal_driving
1765199495.869623,0.39501763789393274,0.34501929384710883,157.80950280038695,3.403708447175295,"[0.4919326874471581, 0.4559091717728828, 0.8610187704347408, 0.5288721621819554, 0.849922696060747, 0.5663263570135201, 0.6519864733968324]",yellow,"{""turn_right"": true}",7.232148535650511,pure_ml,normal_driving
1765199496.869623,0.7146379144531317,0.05,105.61245657263912,1.646702407809733,"[0.1288573822667105, 0.5965644358857561, 0.38873419141343984, 0.6375096543310761, 0.8926350764583229, 0.8597386195215941, 0.9942363742100804]",green,"{""turn_right"": true}",6.669921298204077,hybrid,edge_case_road_boundary
1765199497.869623,0.21293778155247953,0.6530187635989374,150.73499326065635,2.159215251063795,"[0.8480952698058567, 0.5825248509620417, 0.6258838593168945, 0.9684366545978406, 0.49100257313710693, 0.6260700058544864, 0.8534508090960506]",green,"{""accelerate"": true}",10.787535316968315,pure_ml,normal_driving
1765199498.869623,0.23613991550282912,0.5149199490400043,-162.6013169727513,2.881633204751809,"[0.9330833973212396, 0.7458758270859734, 0.9298548984771801, 0.9864102335537108, 0.7185136497661713, 0.5023518482552148, 0.6391245321556094]",green,"{""accelerate"": true}",12.377030868063454,hybrid,normal_driving
1765199499.869623,0.22307465367572893,0.26389835278403506,-159.84217854816728,2.2465982154325452,"[0.5523134256781649, 0.8757309022728597, 0.8565049352090885, 0.9130355763351339, 0.614223747599796, 0.5744625707748962, 0.4440058495417591]",green,"{""turn_right"": true}",6.502326610139715,pure_ml,normal_driving
1765199500.869623,0.6780622110107251,0.6283319829058753,44.9250928025828,2.4834235710148236,"[0.4444224028767678, 0.7738313805215806, 0.8029411532309463, 0.43751121516294117, 0.9941482554708682, 0.6568740727917324, 0.8263086957176076]",green,"{""change_lane_left"": true}",5.854878676789134,hybrid,normal_driving
1765199501.869623,0.22817218866762368,0.7562674184178884,133.58996551714495,2.7250399287929454,"[0.9819441595201877, 0.717275530199669, 0.5333468950410788, 0.700654176836006, 0.4180384564067492, 0.9528369437716828, 0.5532956174628968]",red,"{""accelerate"": true}",9.63639283235589,pure_ml,normal_driving
1765199502.869623,0.49175374002969485,0.05,-9.093594322478625,0.7104518244614517,"[0.2972168315137312, 0.4847759180324064, 0.5610811812542973, 0.7222343575433005, 0.5985868836654581, 0.617457934052908, 0.9331108863803238]",red,"{""brake"": true}",5.217235421957081,hybrid,edge_case_road_boundary
1765199503.869623,0.23573461999023443,0.6694488487499903,-82.65935909283785,4.982057347271197,"[0.7395229099497506, 0.9246408745586325, 0.6600445084060699, 0.797903852014594, 0.6373547418331967, 0.6273302338435155, 0.6580587036708688]",red,"{""accelerate"": true}",-41.16906366264586,pure_ml,traffic_violation
1765199504.869623,0.653674778149553,0.273005868139244,167.33177746421208,2.5445230647963033,"[0.5193782580932385, 0.4293545294818631, 0.9752152295053843, 0.5966206958782538, 0.9610382438262394, 0.42907451777253447, 0.5098887963916611]",green,"{""turn_left"": true}",9.13095058914587,hybrid,normal_driving
1765199505.869623,0.10456693777595039,0.650129843843785,-43.71641166592539,3.6955075076297943,"[0.4290946617175122, 0.6926032640536279, 0.6645842823322288, 0.9331701639574335, 0.6490288662603357, 0.4289190011793964, 0.699324970073034]",red,"{""change_lane_left"": true}",6.766814939039285,pure_ml,normal_driving
1765199506.869623,0.8197517583024557,0.05,17.512648702951058,1.6249627012322665,"[0.3446989632253149, 0.4375414931208867, 0.6467903065908785, 0.6237623385083362, 0.8523953533752784, 0.6529365537787317, 0.824271169014701]",yellow,"{""turn_right"": true}",0.5617416043978878,hybrid,edge_case_road_boundary
1765199507.869623,0.5662773336108342,0.6703139213012839,53.87700050783815,3.581864911289138,"[0.9146028282730576, 0.7019437241259551, 0.7461541453690369, 0.8274736094666374, 0.9202369051925138, 0.8684705386782376, 0.6992606577495069]",green,"{""turn_left"": true}",-3.276146179597191,pure_ml,traffic_violation
1765199508.869623,0.8692703608140264,0.42990969216378594,104.16684863767476,1.6089787559050546,"[0.44790057786892007, 0.9856553876402351, 0.4662675499421393, 0.7735021653177151, 0.4942249573706696, 0.722117050362552, 0.503761923397712]",green,"{""turn_left"": true}",3.7015460456040414,hybrid,normal_driving
1765199509.869623,0.2057121879970767,0.6831337009662272,125.80199762714095,3.111636132107347,"[0.8921360510409723, 0.7713139555300683, 0.563038490427819, 0.761593207104609, 0.6139954350387391, 0.7576511152551402, 0.6645804917059677]",green,"{""turn_left"": true}",4.734503867222626,pure_ml,normal_driving
1765199510.869623,0.4750733151480605,0.4730081218546159,-39.092811400960734,4.68621625434113,"[0.8420917235400917, 0.7333855408250035, 0.7092800468801503, 0.9333881435117634, 0.7036772165085476, 0.9626160592253863, 0.807883059409322]",red,"{""accelerate"": true}",-13.891649964405723,hybrid,traffic_violation
1765199511.869623,0.5242516602229829,0.623225890922126,-51.4172324583569,4.110623625576725,"[0.6968199559945382, 0.46140069622659774, 0.6935480145498665, 0.985328945569532, 0.702614802463349, 0.5339975774758169, 0.420222232786847]",green,"{""accelerate"": true}",13.603122264586531,pure_ml,normal_driving
1765199512.869623,0.4552017464299788,0.5068668158193359,64.31516147885178,1.448125423733152,"[0.09114469316906904, 0.7735274031550102, 0.11039038044980365, 0.9172500276616475, 0.6018670127080112, 0.7845773373662013, 0.28450210007884147]",yellow,"{""accelerate"": false}",-9.324874242132058,hybrid,sensor_failure_noisy_sensor
1765199513.869623,0.8427667375082576,0.20911922476101785,153.65066730139063,1.2286855486949446,"[0.03570422695603701, 0.003060892769329704, 0.08907195800949393, 0.21210113476453793, 0.16116204386183305, 0.3300213780754254, 0.4978577612884058]",red,"{""turn_left"": true}",6.813219437486614,pure_ml,collision_avoidance
1765199514.869623,0.8594884867452761,0.26834769735090214,39.74779956815703,3.4792027861130626,"[0.9094275420768037, 0.8174525238540618, 0.7269402330169015, 0.5336448311675253, 0.6736171238203056, 0.8076454152225675, 0.8686283865762678]",green,"{""accelerate"": true}",14.614362479302038,hybrid,normal_driving
1765199515.869623,0.8277300544438319,0.5681558559601996,-114.02123282427668,4.442341987665458,"[0.6351126654168844, 0.5378224455382035, 0.8893332892075616, 0.5472729706036025, 0.8593087765496279, 0.8471925498901285, 0.4132784575286974]",yellow,"{""accelerate"": true}",7.602765836413438,pure_ml,normal_driving
1765199516.869623,0.5146097488930284,0.3596270735970639,159.5907561391281,3.659908294022193,"[0.7154780655868223, 0.9713780508405587, 0.41358764298722916, 0.8697433603214139, 0.7481185107306823, 0.9641125797577906, 0.9289642793468554]",green,"{""change_lane_right"": true}",11.677867425862893,hybrid,normal_driving
1765199517.869623,0.1390304800219144,0.5588857703730485,157.7685261869112,4.3962203672305735,"[0.6706713660945407, 0.5657611507240866, 0.8963647331943156, 0.8505640427598108, 0.9106193238831541, 0.5758395220038037, 0.996950499526027]",green,"{""accelerate"": true}",6.4182793868879875,pure_ml,normal_driving
1765199518.869623,0.2059808986002013,0.5518966294209117,90.33443110660279,1.5834679668410447,"[0.1403570231496582, 0.16684901299011012, 0.1565278157475332, 0.17690041179368374, 0.20851669245126672, 0.23426757891922026, 0.44939488764249225]",red,"{""turn_right"": true}",0.06502891421878054,hybrid,collision_avoidance
1765199519.869623,0.843805647134609,0.7052186343198474,-132.11737726655267,2.2302807758227297,"[1.0, 1.0, 0.5589997119050234, 0.45184878991449273, 0.0, 0.6933530108518882, 0.0]",red,"{""turn_left"": true}",-1.4656231964000739,pure_ml,sensor_failure_stuck_sensor
1765199520.869623,0.5878416050177588,0.7101660013012667,-11.027851170525599,1.9748160032611592,"[0.6876280631121922, 0.8008202282480106, 0.36434295238038805, 0.17402282673169067, 0.9507102488378304, 0.7542876871552123, 0.17174443278485452]",green,"{""brake"": true}",6.421232337282579,hybrid,sensor_failure_noisy_sensor
1765199521.869623,0.7040034920849738,0.2910304362709591,-167.7117601435931,3.565331041631958,"[0.6311257528930757, 0.5926170784776462, 0.4136050953878868, 0.8745040597933211, 0.9142939929030164, 0.5371194826257324, 0.6009738014902867]",green,"{""accelerate"": true}",11.544072273099182,pure_ml,normal_driving
1765199522.869623,0.8833418094752158,0.4878088938950032,27.898150500785825,3.466127745339588,"[0.6287434762899728, 0.881808127356957, 0.968277266614105, 0.6698613832373397, 0.49085080841878, 0.6775780304256331, 0.4803765857858776]",yellow,"{""accelerate"": true}",12.009414225738945,hybrid,normal_driving
1765199523.869623,0.26263223595567664,0.36462944553273485,145.7890270580571,4.796246954443932,"[0.8971819115509521, 0.909561729044569, 0.6703940156587874, 0.7574425103151198, 0.930255035874811, 0.6690632752201572, 0.8678005778016065]",red,"{""accelerate"": true}",-31.743700082082654,pure_ml,traffic_violation
1765199524.869623,0.5877561471728188,0.6522421283332241,36.85035845919497,1.3725529746345846,"[0.930030094497357, 0.9557648583940688, 0.8892839978427798, 0.7937247170809907, 0.5984704750499381, 0.7354491375666061, 0.5607635641405158]",green,"{""brake"": true}",3.986635598557167,hybrid,normal_driving
1765199525.869623,0.598913440057867,0.28633636023529785,-153.77258018412164,0.35081134520796153,"[0.1885557739484057, 0.07186590615126141, 0.012548586314712052, 0.24145967691561102, 0.3372908606051561, 0.5275771222315655, 0.5756337017844861]",yellow,"{""brake"": true}",-3.0090192920632743,pure_ml,collision_avoidance
1765199526.869623,0.472814196390953,0.39558205889080655,169.83776213308155,4.252855037466475,"[0.9197863735283273, 0.46113930691055893, 0.6031176953318067, 0.6646128834129033, 0.42057364821876964, 0.6852135774233623, 0.7863795404926026]",green,"{""accelerate"": true}",6.781450584610507,hybrid,normal_driving
1765199527.869623,0.2686986836679182,0.5542800782899242,-175.79958494207773,3.289378096459619,"[0.9961928287699726, 0.7492061015477418, 0.43356894644138105, 0.9418094180709183, 0.9914756817770205, 0.8655516032916911, 0.7889126801599575]",green,"{""change_lane_right"": true}",4.833149618723004,pure_ml,normal_driving
1765199528.869623,0.755813369880907,0.6518513675863747,-151.82264396769557,4.199843067490479,"[0.777050342661538, 0.6487629794449224, 0.9710092510599825, 0.8289389793957238, 0.8724067402215092, 0.8443578032706947, 0.6217332842339748]",green,"{""accelerate"": true}",13.011340644603388,hybrid,normal_driving
1765199529.869623,0.33785977360748076,0.5758102719001565,158.24978840967958,1.9546495313163472,"[0.8323883568268721, 0.6085248593173598, 0.8249479631489409, 0.5075738820266437, 0.9068372717810869, 0.9846523524995815, 0.7467302672897104]",green,"{""brake"": true}",6.5717330405477545,pure_ml,normal_driving
1765199530.869623,0.7005567543715072,0.6232254094097289,39.72718819270208,1.7502313882077223,"[0.0074928045128533245, 0.18022493222506428, 0.0010511703094818747, 0.1301956614706616, 0.2891082113828537, 0.25194833334218775, 0.3074361504946559]",yellow,"{""turn_left"": true}",4.127264520247943,hybrid,collision_avoidance
1765199531.869623,0.446185273159209,0.37618674205681685,-34.808787062666596,0.4336241735307119,"[0.13441974033518628, 0.1808120800148856, 0.16764705514034775, 0.1446572622440757, 0.16216873383673963, 0.5194763088568352, 0.5195106673844272]",red,"{""brake"": true}",-8.504503235740769,pure_ml,collision_avoidance
1765199532.869623,0.40710041010891096,0.7937187376861501,105.91978773883619,1.6928768696675065,"[0.5351559883384742, 0.9498777756234187, 0.637514384169724, 0.8084801570776758, 0.7573819668513866, 0.9853266859760738, 0.4659908231280844]",red,"{""turn_right"": true}",7.114723715828111,hybrid,normal_driving
1765199533.869623,0.6208647652593163,0.3065233896454481,62.335007637026735,1.993016001068443,"[0.9183668203506697, 0.4106712032690625, 0.48901952798222215, 0.4497980050979268, 0.7048764944759944, 0.9299347133295052, 0.5181546918536679]",green,"{""change_lane_left"": true}",9.682332224490562,pure_ml,normal_driving
1765199534.869623,0.3595821349859708,0.2801191151127555,-49.24556166396838,3.119792748040375,"[0.8063342803158005, 0.9270472021646264, 0.6193772516889803, 0.6699928789386198, 0.454441597790842, 0.9877294983736964, 0.4671855851284122]",red,"{""turn_right"": true}",9.388305925709226,hybrid,normal_driving
1765199535.869623,0.5610480883467334,0.5299422991549365,87.14683224365788,4.191438483913607,"[0.5716744895840606, 0.6994605909412, 0.9712851560929796, 0.7957348785150953, 0.5724536924002359, 0.7281450333933789, 0.564087133350674]",green,"{""accelerate"": true}",9.211393623302744,pure_ml,normal_driving
1765199536.869623,0.6662438370688046,0.5273452265465216,114.12871761469256,4.294376736942524,"[0.6872228737700279, 0.8347587118599552, 0.9414377130955506, 0.6782323819033702, 0.6600934571174991, 0.7859028396934874, 0.8216521562798302]",yellow,"{""accelerate"": true}",-28.191715353180868,hybrid,traffic_violation
1765199537.869623,0.3398544561115604,0.24510787869063907,-142.62970400077495,2.4381444452360834,"[0.44832530690238703, 0.9932939436159064, 0.4611144121948208, 0.6859268625520896, 0.5387983005010764, 0.46518069505953435, 0.5954638425208498]",green,"{""accelerate"": true}",11.60460613376719,pure_ml,normal_driving
1765199538.869623,0.8364822617803725,0.5449625512306694,-161.2143146064758,1.508553669271879,"[0.6336059033995125, 0.5861507628475364, 0.4314079861420841, 0.9107175343260023, 0.6492274890081269, 0.724769255311613, 0.9987178059397299]",red,"{""turn_right"": true}",4.204378984854618,hybrid,normal_driving
1765199539.869623,0.8922290247319572,0.552022807258915,-143.28534953463577,1.44959420736205,"[0.16690481567013218, 0.10088511726101279, 0.18520456489611598, 0.15016560059453285, 0.27411335324910835, 0.38398451518518517, 0.705649582003563]",green,"{""turn_left"": true}",-4.626971822540589,pure_ml,collision_avoidance
1765199540.869623,0.7980796774378327,0.3659973600705692,156.66264920799253,4.5492932467564025,"[0.7667432849190116, 0.915635469067938, 0.6770204921548038, 0.990987077128547, 0.6156091044745099, 0.9338236387547736, 0.6790259144098691]",red,"{""accelerate"": true}",-16.02261372825022,hybrid,traffic_violation
1765199541.869623,0.23396985401594322,0.7580523100151151,-149.2943654103418,2.8878482335917797,"[0.5928870546391233, 0.4348536286956707, 0.8467236500994257, 0.7018541461358836, 0.47437544279390165, 0.49955904995042244, 0.48696923339924064]",green,"{""change_lane_left"": true}",7.635639864320044,pure_ml,normal_driving
1765199542.869623,0.8351859833055458,0.6157875143362166,-5.361127333074219,3.420045183703352,"[0.8974626689214815, 0.8244156686259204, 0.6920102582773237, 0.6752631571393699, 0.6911758817960021, 0.6824483178210583, 0.9329761684785077]",red,"{""turn_left"": true}",0.26572393393604443,hybrid,traffic_violation
1765199543.869623,0.8669008549409102,0.7000698491821415,-27.425443852723614,3.765959852053325,"[0.6628866700289301, 0.4725690580367009, 0.827692986363944, 0.8196645750980289, 0.6979370229126598, 0.8395061525594739, 0.44414345957416895]",green,"{""accelerate"": true}",11.428444793580542,pure_ml,normal_driving
1765199544.869623,0.5343742307394875,0.608844741148604,-170.54111652658082,3.4608367159055415,"[0.5799391167602356, 0.5193420050554676, 0.6600912723899337, 0.4470959990854605, 0.8581042938718918, 0.4174973649885243, 0.9158654411810191]",red,"{""change_lane_right"": true}",7.873440624755136,hybrid,normal_driving
1765199545.869623,0.21615340567991215,0.35197032697525965,-119.33630983458215,1.1824497483694398,"[0.0301230856396576, 0.04150002418857684, 0.08897394564473889, 0.2558435498490179, 0.19486904358687274, 0.46936394838373224, 0.6272823195793549]",red,"{""turn_left"": true}",-1.2602327848170813,pure_ml,collision_avoidance
1765199546.869623,0.6986793769730993,0.7721631042721919,-116.0658344481733,3.6149750446701345,"[0.8270591730808812, 0.9684310361135542, 0.8037851826205917, 0.9524535000341906, 0.4806066639455086, 0.5276502898525443, 0.801739887447641]",green,"{""accelerate"": true}",7.112913980624203,hybrid,normal_driving
1765199547.869623,0.26983555064132353,0.4869784007170833,-56.227458737931,1.792788003567312,"[0.1, 1.0, 1.0, 0.1, 0.6168777191565642, 0.4445669075570947, 0.5983920293121021]",yellow,"{""turn_right"": true}",-1.0808968069245515,pure_ml,edge_case_sensor_edge
1765199548.869623,0.5798572762524086,0.95,20.894719946364496,0.7592934632161562,"[0.44143768813581696, 0.43120484434565365, 0.6438092575536962, 0.7136248778348444, 0.5444305312396958, 0.8405883720259577, 0.9621402376140785]",yellow,"{""turn_left"": true}",1.7019729921229771,hybrid,edge_case_road_boundary
1765199549.869623,0.8234086879850943,0.3694311803165819,37.54840581874859,0.23772545525165356,"[0.08241109234475841, 0.13976783924595879, 0.17383454459261516, 0.2819630845450739, 0.1829940082325271, 0.3878372566630388, 0.5381115802282299]",red,"{""brake"": true}",-0.24145344083864906,pure_ml,collision_avoidance
1765199550.869623,0.38565591850416814,0.34102472376423176,28.48600322076728,1.0067903272176622,"[0.1, 0.1, 1.0, 1.0, 0.31957062680158305, 0.4299834171156337, 0.39347593782663814]",green,"{""brake"": true}",11.57364283287167,hybrid,edge_case_sensor_edge
1765199551.869623,0.5206315990910316,0.4746543576875366,-146.8016153981292,3.408919561715318,"[0.7767987050875423, 0.4502024322524496, 0.8632757227296773, 0.5483044103419079, 0.5477743070188958, 0.5006229624953629, 0.6207088310462857]",yellow,"{""accelerate"": true}",12.754019275639397,pure_ml,normal_driving
1765199552.869623,0.362948759907715,0.4307804296961752,76.37604399402099,3.0941034095415185,"[0.8413874858691868, 0.7890914119954349, 0.6709450554536142, 0.7557878501999282, 0.4528443165128416, 0.43658293871185205, 0.7290081061883381]",green,"{""accelerate"": true}",10.381687672844139,hybrid,normal_driving
1765199553.869623,0.35014063408653806,0.4620702702011681,109.33335921801311,0.7624599592239114,"[0.9499812316369345, 0.49310507001438075, 0.4559744163147669, 0.5449628461940563, 0.4553300520881365, 0.8870823174358493, 0.7098360376592152]",green,"{""brake"": true}",2.156478292944602,pure_ml,normal_driving
1765199554.869623,0.825900563487691,0.3201988113814354,178.21599314801045,2.823761820575493,"[0.6814704067424057, 0.9529270237924112, 0.49228831625683067, 0.731118409062447, 0.8258542623381311, 0.9838218260342054, 0.5222760281420628]",green,"{""turn_left"": true}",5.6000458910775235,hybrid,normal_driving
1765199555.869623,0.8701667424494814,0.3401918245001022,145.14543579249263,4.326150930467298,"[0.622005209266862, 0.5209522865423639, 0.7229659610704069, 0.743548901419455, 0.4363931888534936, 0.7902253454854492, 0.9427228493480524]",green,"{""accelerate"": true}",12.128985300406255,pure_ml,normal_driving
1765199556.869623,0.3963149617084366,0.48598760328039303,126.25454486131116,3.1914713202851934,"[0.6818746134733367, 0.6543960472308823, 0.8641198592400133, 0.416858149628073, 0.7043039051988027, 0.9983085096493816, 0.4441107320748347]",green,"{""accelerate"": true}",13.020253440726567,hybrid,normal_driving
1765199557.869623,0.7191643927659976,0.41868049122025675,70.91770777445223,3.532254783055399,"[0.5903056533420206, 0.844113181303292, 0.6022736500937756, 0.5566552291705905, 0.7586200904448501, 0.43437535867260224, 0.8467627168575964]",green,"{""accelerate"": true}",8.464830474223183,pure_ml,normal_driving
1765199558.869623,0.16254620612556173,0.6758685012375762,5.483662955173243,0.8978762846431594,"[0.9483618061607036, 0.8128577284976723, 0.9284257756089926, 0.5678376767471724, 0.6465246194140428, 0.9475624596845991, 0.562710987044217]",green,"{""brake"": true}",3.007112847174928,hybrid,normal_driving
1765199559.869623,0.7384420495764414,0.37682124244564297,30.34816783971965,1.5942276637057007,"[0.9289190742295278, 0.4517547883655683, 0.9737067516074192, 0.8275103569387348, 0.9511946612750907, 0.918312621679068, 0.4324936535092038]",green,"{""turn_left"": true}",8.030886307887574,pure_ml,normal_driving
1765199560.869623,0.6690105156325895,0.3020605918492028,10.639665416452047,0.2995841912233873,"[0.006160377776509085, 0.13906563419449947, 0.09141059550926733, 0.2836918080384363, 0.29217610115116494, 0.4239898540242992, 0.7189900247742211]",red,"{""brake"": true}",-6.260524690388173,hybrid,collision_avoidance
1765199561.869623,0.8620411858879757,0.2850723269267452,11.179432580974137,1.9672537289498753,"[0.8586921179812725, 0.4530093264546828, 0.7048336241773745, 0.6554433608739207, 0.7926729533814886, 0.8126383273090749, 0.6829194915759219]",green,"{""change_lane_right"": true}",10.195882765767628,pure_ml,normal_driving
1765199562.869623,0.13056465361577116,0.3655493195004784,127.32012580064472,2.6295497233703733,"[0.6072737217330996, 0.673895916618342, 0.6502856776703769, 0.6396891609451321, 0.5044684085968002, 0.942057302330594, 0.9488955453542648]",green,"{""turn_left"": true}",5.626771224452971,hybrid,normal_driving
1765199563.869623,0.26625540751862276,0.5685075717895525,-34.05036620953703,2.798066222907083,"[0.873000458121961, 0.8190798898134375, 0.8401893325775622, 0.5583889094642734, 0.7901576495068081, 0.9306225176821028, 0.5874614023349692]",green,"{""change_lane_right"": true}",8.047241439964036,pure_ml,normal_driving
1765199564.869623,0.5143891186709004,0.7165831508253111,160.51635634250545,3.4929091700543635,"[0.7907643638379543, 0.9974077679347508, 0.50478585168053, 0.8499650749851401, 0.781180359134021, 0.8834053281332462, 0.9314285579151309]",red,"{""change_lane_right"": true}",5.418144957041454,hybrid,normal_driving
1765199565.869623,0.8626704883409443,0.3617063533883852,132.29363964653473,2.2031092510732573,"[0.573421397654221, 0.8387927891249787, 0.9993727006108922, 0.7474321202510701, 0.48336992204543744, 0.7589763437926041, 0.4558770917936643]",green,"{""change_lane_right"": true}",5.7140090096492875,pure_ml,normal_driving
1765199566.869623,0.39415215077704235,0.41078990977624974,14.706352039546658,1.0335617487544877,"[0.19660134450872352, 0.14917049878528021, 0.14984486567862892, 0.20342726247475643, 0.25481575528176853, 0.533687352694426, 0.45656070702520835]",yellow,"{""accelerate"": false}",1.118416821574674,hybrid,edge_case_extreme_weather
1765199567.869623,0.8017119258050219,0.4386919823763117,13.490352322179472,4.698493295527191,"[0.695118665217516, 0.7927889378701264, 0.6032595707604922, 0.9427811013351615, 0.6726060896039249, 0.9344538905290641, 0.9023781293630792]",red,"{""accelerate"": true}",-12.930281892880323,pure_ml,traffic_violation
1765199568.869623,0.8384650421438122,0.22566180762501087,139.35724898250578,3.5377976798932806,"[0.9426220182171094, 0.6039602795419696, 0.43523940321506227, 0.5107925244267063, 0.57106420284243, 0.44479133433315493, 0.7045953952062478]",yellow,"{""change_lane_right"": true}",4.122308090378637,hybrid,normal_driving
1765199569.869623,0.776853148774326,0.05,-27.04544010963467,1.0964204859366267,"[0.1597974119979463, 0.31710824396648596, 0.685157684245924, 0.6044828156898522, 0.5150072643737535, 0.9760145372867332, 0.7704576601993691]",red,"{""turn_right"": true}",-7.2514802740700794,pure_ml,edge_case_road_boundary
1765199570.869623,0.6587400021448119,0.4589746944201803,-64.35262558790588,4.102730252252499,"[0.7585619595808661, 0.7748212125127257, 0.842251924887602, 0.9523658798670461, 0.727746374385565, 0.9785459825465433, 0.8704786296767957]",yellow,"{""accelerate"": true}",-28.389473760139904,hybrid,traffic_violation
1765199571.869623,0.7103991408737194,0.26512211884914616,-2.0205788607835387,2.771343765540532,"[0.7585329393518865, 0.6762834738064869, 0.863655916228687, 0.6346188437528898, 0.49692030830625933, 0.5967319873142766, 0.8903086072535705]",yellow,"{""accelerate"": true}",9.836308994615571,pure_ml,normal_driving
1765199572.869623,0.795397213118766,0.21590091024152835,-24.644913449595816,1.275559734487232,"[0.06804827704135018, 0.17065076355859565, 0.11429973629644999, 0.26017304353492443, 0.12821058975611108, 0.42396252161133563, 0.4348426864135596]",red,"{""turn_left"": true}",-2.702300976792542,hybrid,collision_avoidance
1765199573.869623,0.23629155477380107,0.4849605181720124,-70.35147190243636,3.6307233604646387,"[0.4496952531619968, 0.42799771983082374, 0.41891558860633443, 0.6257109634350235, 0.7782999517596354, 0.8667841626300898, 0.54431036772952]",green,"{""accelerate"": true}",7.082817126127204,pure_ml,normal_driving
1765199574.869623,0.6789632157003106,0.34173836578840755,-27.023339301800466,2.0916033804611804,"[0.612940368457465, 0.8707190835299798, 0.922487703368721, 0.946368002934813, 0.7942110454989577, 0.5192012813316627, 0.8587386982416948]",yellow,"{""brake"": true}",2.842310322102286,hybrid,normal_driving
1765199575.869623,0.6399752612542177,0.45877300412501226,162.15414278860715,1.249443036619727,"[0.1, 1.0, 1.0, 1.0, 0.32452050554072875, 0.6173992573442275, 0.45127993003509465]",yellow,"{""turn_right"": true}",8.989736760441724,pure_ml,edge_case_sensor_edge
1765199576.869623,0.198394658896438,0.3893443509282367,-14.861622453061239,2.1754956975308106,"[0.4928275097628016, 0.4868707939555602, 0.9752204782498224, 0.6283873791988942, 0.7446712446962269, 0.6215926140458224, 0.7120714600099336]",green,"{""accelerate"": true}",8.923871406596772,hybrid,normal_driving
1765199577.869623,0.3694622480399946,0.6632714817852634,59.45190044340842,4.210392684356171,"[0.6391545645087913, 0.6289939656713985, 0.6668276152323316, 0.4109509570315479, 0.8937723152207223, 0.8093319399147425, 0.9843935599544115]",green,"{""accelerate"": true}",12.786005717811538,pure_ml,normal_driving
1765199578.869623,0.667832658231345,0.5391031216255177,-61.04726059134565,3.588367131640034,"[0.691509300603413, 0.7697504358994656, 0.5163191542710466, 0.7338382134381902, 0.7179788174579107, 0.6400338105184442, 0.4056639400602598]",red,"{""accelerate"": true}",6.767098500930626,hybrid,normal_driving
1765199579.869623,0.29778655344436755,0.7950113819085485,105.30225424865039,4.000973212078198,"[0.8527263817705393, 0.9522985421162928, 0.9025471294123439, 0.7753953957475054, 0.6485541673483253, 0.8712287942578083, 0.6048665313133624]",red,"{""accelerate"": true}",-28.215374373061564,pure_ml,traffic_violation
1765199580.869623,0.4156084870614415,0.29199627142910334,-126.98247925682787,2.6583821627015203,"[0.8277088216424847, 0.634654093917348, 0.6667469591367747, 0.4726330832096055, 0.675601364233896, 0.8208667636831515, 0.6050822867152637]",yellow,"{""turn_left"": true}",6.993966169378685,hybrid,normal_driving
1765199581.869623,0.3002306703287889,0.3013121967615774,-34.713262362531395,3.3425058384828237,"[0.8998616491387335, 0.986216578370179, 0.6512190174803292, 0.5620940116720239, 0.8148972284173467, 0.47324729228504575, 0.7084511994262033]",red,"{""turn_right"": true}",9.545982803743488,pure_ml,normal_driving
1765199582.869623,0.8761268215883556,0.290339069521764,-54.477441246838275,1.5491719158248485,"[0.6328022979690071, 0.5041524597203514, 0.6761727761225942, 0.569818439519408, 0.6021407575829442, 0.523856133695882, 0.5077365437814215]",green,"{""turn_right"": true}",4.287624069094832,hybrid,normal_driving
1765199583.869623,0.724063257310555,0.5462889333763993,169.3750546035702,0.610959891095674,"[0.04093027815409958, 0.1870008153979613, 0.06216117216082715, 0.22493880303524166, 0.3597760685098528, 0.20368690797124242, 0.31326708097468875]",yellow,"{""turn_right"": true}",0.27898021278993124,pure_ml,collision_avoidance
1765199584.869623,0.49949533093527265,0.6449692850108277,-111.0684550417872,1.7049210789974076,"[0.7333448696590052, 0.6667127876747615, 0.9414298019039664, 0.5599643368504317, 0.4547862728556185, 0.5110421599381842, 0.605611274654379]",green,"{""brake"": true}",4.907983396732588,hybrid,normal_driving
1765199585.869623,0.4358841891045585,0.21555589056616795,-138.38629336492986,2.1832329209844104,"[0.5700562025606007, 0.9559140693158374, 0.8338038077078969, 0.7501656316684462, 0.8759201072242061, 0.8802234854647808, 0.47493695615922266]",green,"{""accelerate"": true}",9.07986739668916,pure_ml,normal_driving
1765199586.869623,0.43796808556792066,0.43462009321850115,9.926926119278614,2.1540409056940915,"[0.6592332158441633, 0.895434471095431, 0.7131951147477777, 0.5529095727017679, 0.7933731590675431, 0.6704215661069974, 0.7239410236739339]",red,"{""brake"": true}",4.451082675398199,hybrid,normal_driving
1765199587.869623,0.44434936824309224,0.42591353087354195,129.33449535596216,1.878716024785996,"[0.5146897202442582, 0.7265916335893527, 0.7452539469185077, 0.7245005088302798, 0.5666939443741013, 0.8564769095309578, 0.4475271349368667]",green,"{""brake"": true}",3.1707078480307054,pure_ml,normal_driving
1765199588.869623,0.7323444234599004,0.3199912241412947,105.2816601149177,0.71245817319526,"[0.10839064736694544, 0.011235174701399364, 0.058782741974696955, 0.16588973510721797, 0.3045585996712218, 0.4850633127380045, 0.4799775519312869]",green,"{""turn_right"": true}",1.7118268168377977,hybrid,collision_avoidance
1765199589.869623,0.29315503867442483,0.6501520387617339,-24.939555259988946,4.288675805881497,"[0.697158067425779, 0.6676900604383555, 0.8900758484620424, 0.8754616921891605, 0.607126212498049, 0.9291643415566614, 0.8818553181202355]",yellow,"{""accelerate"": true}",-12.429227597529277,pure_ml,traffic_violation
1765199590.869623,0.5670595471737143,0.29429553685131815,-145.2568553094766,0.3657268992160513,"[0.17118398784549255, 0.18205825940903075, 0.1294079407058216, 0.24713760668612744, 0.1446331691872902, 0.35677420698188167, 0.39221082611127606]",yellow,"{""brake"": true}",4.597300590065583,hybrid,collision_avoidance
1765199591.869623,0.7920647479671613,0.667318864917734,-148.97972466595684,3.0400844833720697,"[0.8888025454614852, 0.9742194739764177, 0.9178730078139514, 0.6961529985085944, 0.5789190774575249, 0.5798408182458206, 0.9941846426586886]",red,"{""accelerate"": true}",14.47098000643933,pure_ml,normal_driving
1765199592.869623,0.11117714912424335,0.5599096776964196,-118.84325409278591,3.363214114554701,"[0.9645895584863533, 0.9659368772320464, 0.7577678313773779, 0.4613365072544798, 0.6497046941457341, 0.7297282951643149, 0.6275462730610423]",yellow,"{""turn_right"": true}",3.2599156444881823,hybrid,normal_driving
1765199593.869623,0.40618282982081033,0.4744519039514979,33.018602943642755,4.338289355797138,"[0.7181919046759886, 0.6415628494995164, 0.9422740994929554, 0.9338991036163149, 0.8777946816408999, 0.7539335831225007, 0.9076592029321183]",red,"{""accelerate"": true}",-40.46881800615292,pure_ml,traffic_violation
1765199594.869623,0.27719463047555204,0.535221638341314,-157.40383087930863,0.56506378088828,"[0.11880020322565515, 0.13303308307558676, 0.17614737411323705, 0.1440301451921039, 0.20679565488744905, 0.3724915665930377, 0.5621365172669947]",red,"{""brake"": true}",-2.3199851836519816,hybrid,collision_avoidance
1765199595.869623,0.3798573020509147,0.7132464767181457,32.85377752279855,3.334839592424461,"[0.8035751584144643, 0.9721416709723586, 0.980959260757772, 0.9713217505429823, 0.7261199762251116, 0.6113192428447323, 0.9279627172118551]",green,"{""turn_left"": true}",6.450303301603658,pure_ml,normal_driving
1765199596.869623,0.7771652077163179,0.5519608913549259,64.88135390759952,2.328799964301595,"[0.8673021603939262, 0.4927943085905283, 0.8579083519450612, 0.8617866699407808, 0.8298997319039534, 0.6067322348109272, 0.7761252179876503]",red,"{""brake"": true}",5.544797983399724,hybrid,normal_driving
1765199597.869623,0.6411180310318276,0.7593927515823706,165.10263473956866,2.7609529833416144,"[0.4911659147250637, 0.8090743814778041, 0.45644782852959376, 0.9322464509930696, 0.9938141957176598, 0.5723443584862633, 0.4749083066767479]",green,"{""accelerate"": true}",13.297247723783904,pure_ml,normal_driving
1765199598.869623,0.730949528346133,0.7051580358073002,145.44857204663208,2.4408012868521394,"[0.8580050893631543, 0.483238197548022, 0.6331276787471775, 0.46480968853331495, 0.6766599659477373, 0.5641719860866309, 0.8561006667921048]",green,"{""accelerate"": true}",6.073557617654359,hybrid,normal_driving
1765199599.869623,0.49791724318688846,0.48169351093786383,76.66672854612742,4.040928017702342,"[0.7597002011506784, 0.9316526033158992, 0.4566594472673701, 0.6870177291178026, 0.6497017085976028, 0.4315644940691122, 0.5328047869440232]",green,"{""accelerate"": true}",7.224000118540911,pure_ml,normal_driving
1765199600.869623,0.5117284288436867,0.4654158448660343,-28.19281501837251,0.10566002392427765,"[0.11835699913158935, 0.13699888356342824, 0.011172236943574054, 0.23516726114266276, 0.11570254450128631, 0.3727588936934829, 0.33547747461482824]",yellow,"{""brake"": true}",-1.7456980117232437,hybrid,collision_avoidance
1765199601.869623,0.5287969530825447,0.95,177.36669717560724,1.7874782692526503,"[0.2943953813518536, 0.24176069240304388, 0.5189013026269562, 0.6621670965783992, 0.7742671989959471, 0.7521717155488016, 0.7474486411340115]",red,"{""turn_right"": true}",9.362349153900212,pure_ml,edge_case_road_boundary
1765199602.869623,0.18611677288328182,0.6228817663057293,-79.10669294464935,1.2517819681940399,"[0.1278803640666242, 0.15266069636433896, 0.15994798219088524, 0.28654702585651337, 0.38817139061202555, 0.22723486769539575, 0.6575999654868511]",red,"{""turn_left"": true}",-0.258867492564713,hybrid,collision_avoidance
1765199603.869623,0.7568710573400746,0.7232834714832888,145.25939827926737,3.2076279651937325,"[0.638596183955282, 0.40142962091035017, 0.827689211326886, 0.696411732073128, 0.5515389132489105, 0.5360203988971797, 0.7263739397539517]",green,"{""accelerate"": true}",10.89041791921371,pure_ml,normal_driving
1765199604.869623,0.2455006530729337,0.6662862821360286,43.76505621303341,2.128874133179079,"[0.5066785578904932, 0.9830282174749112, 0.5846754259239395, 0.4597680761262867, 0.9994240910361798, 0.5716095485477092, 0.9361440211656721]",green,"{""accelerate"": true}",7.268731245152258,hybrid,normal_driving
1765199605.869623,0.5509424448063448,0.39346403255017537,-93.21715810702709,1.9185291389883823,"[0.5544617581129767, 0.7988552482845928, 0.5207544542738174, 0.5420357331597756, 0.6715239157362929, 0.9897234208589959, 0.7175736767157637]",green,"{""turn_left"": true}",8.159396365002078,pure_ml,normal_driving
1765199606.869623,0.5763055616507182,0.7892916271925008,-133.92064553440923,4.2517272216933115,"[0.48547280064984816, 0.5624286153750198, 0.6196649405522193, 0.5916807713287511, 0.4294204353790153, 0.45884197615332406, 0.898425932209989]",green,"{""accelerate"": true}",13.07126851115285,hybrid,normal_driving
1765199607.869623,0.6961076433738587,0.31456999267763036,156.73858514140124,4.482885354060685,"[0.8224354577753654, 0.8354198134560975, 0.8700742343002497, 0.5447677367395491, 0.7546309251726118, 0.7811237130287161, 0.7576964679582918]",yellow,"{""accelerate"": true}",11.842013634625522,pure_ml,normal_driving
1765199608.869623,0.6342717167226537,0.600925803570252,155.33603008996644,0.6063069817795717,"[0.0849417159686029, 0.09099906578338597, 0.1019124075903179, 0.2905477014981732, 0.30555428168651566, 0.30386780398961794, 0.367379577348807]",green,"{""turn_right"": true}",1.5831920008864344,hybrid,collision_avoidance
1765199609.869623,0.8599239177961563,0.539677744161733,-42.45183336088128,3.1172913197230403,"[0.8740563230543361, 0.9628647995969788, 0.6783211872335685, 0.6488946157730465, 0.8683908218183365, 0.828479677285664, 0.9279888042443304]",red,"{""turn_left"": true}",-12.356691460649401,pure_ml,traffic_violation
1765199610.869623,0.41909833366661786,0.2168856150104499,15.673270172164912,3.1770072569296186,"[0.9584135653521602, 0.7904065699158271, 0.46126667699408685, 0.8993292098205083, 0.4952868240305993, 0.7461784527600442, 0.8212875162376815]",yellow,"{""turn_left"": true}",7.378255618010209,hybrid,normal_driving
1765199611.869623,0.6067988748073654,0.6853796508262464,-61.887030497095424,4.365864380414287,"[0.784048710185055, 0.6071523828492191, 0.8342459399086131, 0.9621257910447707, 0.6158698127879462, 0.928301449538922, 0.9114670139124301]",green,"{""turn_right"": true}",-2.6012406036481934,pure_ml,traffic_violation
1765199612.869623,0.513898909186391,0.5819704240994206,94.99727637262983,0.5470118763769483,"[0.18541986262087096, 0.11014626381081578, 0.18655008151090058, 0.15644371440817056, 0.39686409102209264, 0.5674492084522524, 0.30116025858115664]",yellow,"{""brake"": true}",3.728213852070297,hybrid,collision_avoidance
1765199613.869623,0.5546295587220164,0.6077148109861232,127.99939144464888,2.4579093081756755,"[0.787931042719737, 0.7432929603104279, 0.7019140451583742, 0.7760716627840827, 0.8677039148804114, 0.43088229791071475, 0.5012438197139315]",green,"{""turn_left"": true}",6.33540450861653,pure_ml,normal_driving
1765199614.869623,0.575920379406564,0.31120510109720456,-57.25794852926667,4.911323170258442,"[0.9795156768222639, 0.7802613474921386, 0.9678299759970413, 0.7425078231705945, 0.8915471301565421, 0.7208013887578244, 0.7505275675004429]",yellow,"{""accelerate"": true}",-7.100279901232676,hybrid,edge_case_speed_limit
1765199615.869623,0.5513794393927787,0.46595811013805716,-73.71064956320387,2.246631683684828,"[0.7163832574055129, 0.6700117007200662, 0.791759341104169, 0.6619839763881576, 0.7809244744724309, 0.5579453961785601, 0.5648845732094112]",yellow,"{""change_lane_left"": true}",6.023139170750777,pure_ml,normal_driving
1765199616.869623,0.3541452303591198,0.4748076224790705,26.457254481761588,2.0497120749626854,"[0.5091418754765209, 0.45055967924272183, 0.7395879911250492, 0.5353284583116829, 0.8802775946669983, 0.9122993539841192, 0.6990069968509571]",yellow,"{""turn_right"": true}",9.412012552081016,hybrid,normal_driving
1765199617.869623,0.22025166975556454,0.42461231660929544,-36.07271571437927,4.039643076227163,"[0.6148356968708601, 0.7081306464644239, 0.621659950419292, 0.8574608434142574, 0.9058811099041103, 0.9024525345777326, 0.6890024698512546]",yellow,"{""accelerate"": true}",-43.27252978305986,pure_ml,traffic_violation
1765199618.869623,0.7025864792604929,0.6530251891297068,-19.96647588759569,3.165290996820959,"[0.927709276077832, 0.5736667402597643, 0.45668697800615826, 0.8415901031722903, 0.5850476768022395, 0.7420287286629813, 0.6910148657641322]",green,"{""change_lane_left"": true}",9.559582222788354,hybrid,normal_driving
1765199619.869623,0.746566479072177,0.23270851950257082,138.26631134459709,4.248960124568086,"[0.5582923778403107, 0.6165182105563526, 0.8857291165943428, 0.9890423202252598, 0.7930588863632744, 0.5791557830427749, 0.4681394572572972]",green,"{""accelerate"": true}",8.54785996434033,pure_ml,normal_driving
1765199620.869623,0.27026928216480633,0.5704046622253731,83.14877907247575,2.2787856284033716,"[0.7357598355269043, 0.4268800604576128, 0.8287463005572888, 0.4119455511494441, 0.864143647941485, 0.8396695395914096, 0.9173310907178901]",red,"{""change_lane_right"": true}",5.664792399134403,hybrid,normal_driving
1765199621.869623,0.4109342398811415,0.26312112571767554,94.08073811186118,1.8666087337195716,"[0.6771054110195154, 0.5448238765308459, 0.8558024502198393, 0.6929585723636295, 0.643186836978808, 0.6569164877158962, 0.8603446231777581]",green,"{""turn_right"": true}",4.757014316430879,pure_ml,normal_driving
1765199622.869623,0.7968705846252563,0.7959149728811388,53.81602972463781,3.0396975205136982,"[0.4571092831620427, 0.4381490799160336, 0.8374680736738987, 0.44323020461416374, 0.5474113663834599, 0.8549814130059792, 0.6294458758370259]",green,"{""change_lane_left"": true}",10.567217429521992,hybrid,normal_driving
1765199623.869623,0.7895924297771907,0.2086196204300013,-129.19757689195148,4.411886319355638,"[0.9970680885988981, 0.9842234279765543, 0.6095934679388549, 0.6490281831511342, 0.5386938115739557, 0.9568560531132193, 0.6849396979838649]",green,"{""accelerate"": true}",12.60318185586495,pure_ml,normal_driving
1765199624.869623,0.4187452572758684,0.05,7.466279723984149,1.5648826786095262,"[0.4527585211014664, 0.3564567071499731, 0.3857039672844319, 0.6324391972834955, 0.5248592658433479, 0.6540838962382713, 0.8538873415089724]",red,"{""turn_left"": true}",7.049483266252583,hybrid,edge_case_road_boundary
1765199625.869623,0.11292244720270866,0.6725110362905953,-59.95106172694467,4.026012634191817,"[0.8880707221879516, 0.4399216675548649, 0.8384907056554776, 0.8312103115442302, 0.8887316788640126, 0.9205680287928578, 0.5315246303825041]",yellow,"{""accelerate"": true}",8.04385028029671,pure_ml,normal_driving
1765199626.869623,0.24042383425165603,0.42059767588283525,-127.43862563681836,3.7049583557465144,"[0.4355707428270455, 0.8958920996245219, 0.8191838399622402, 0.8627277298360495, 0.7268589921908353, 0.8313785407961832, 0.795931591963775]",green,"{""accelerate"": true}",11.22148906556578,hybrid,normal_driving
1765199627.869623,0.677910276656176,0.4749976393858987,-163.79215408032618,2.6421056332578514,"[0.679473043600066, 0.41347902393189934, 0.7226017066074453, 0.4834589268201808, 0.5650851553354165, 0.8871464771326607, 0.9837032070209748]",green,"{""accelerate"": true}",8.703036074535728,pure_ml,normal_driving
1765199628.869623,0.8470154352383887,0.5505479522071359,-92.82372958739025,3.1994572815508224,"[0.7355334503522719, 0.5706724113008649, 0.9496616017657589, 0.729152174967809, 0.6098587618033989, 0.9432212491773024, 0.5279308716402598]",green,"{""change_lane_right"": true}",6.788756142992986,hybrid,normal_driving
1765199629.869623,0.14243422884522286,0.43319213857878985,-139.79321594742447,4.200276659559568,"[0.412402857003464, 0.5749458030906306, 0.9609327151339269, 0.9577989810914627, 0.6669352590858411, 0.5536655753172559, 0.4825929339983858]",red,"{""accelerate"": true}",11.610583795284896,pure_ml,normal_driving
1765199630.869623,0.7403718200132655,0.5505250632302976,-28.328445299873763,3.0972302916619086,"[0.5403529741668536, 0.8112335766663599, 0.704716598413208, 0.7852167679244255, 0.6510332943201671, 0.4096727746934484, 0.6112758645822093]",green,"{""turn_left"": true}",4.933413447013974,hybrid,normal_driving
1765199631.869623,0.2297221216958498,0.6633345416613541,28.85410303560054,3.386392961943298,"[0.4331170929373953, 0.5516788111678184, 0.8700256433869753, 0.6888235549450173, 0.7345460751657493, 0.43905534447105987, 0.6752728844945753]",green,"{""turn_right"": true}",8.53521529606223,pure_ml,normal_driving
1765199632.869623,0.5877172387909178,0.28930451165900317,10.679380999733153,4.243162094571579,"[0.9620829810450664, 0.6869157279502396, 0.9686922745492049, 0.967191950061279, 0.8208879473006873, 0.9765982569729252, 0.6539341489131756]",yellow,"{""turn_left"": true}",-9.438325379564615,hybrid,traffic_violation
1765199633.869623,0.7932065770675308,0.2594333636976596,-63.37707299069606,2.326267318071226,"[0.8488035580231825, 0.9867616665741504, 0.6143449511696175, 0.4586465242203863, 0.7696163304640815, 0.46252635228846684, 0.9974706070818343]",green,"{""brake"": true}",7.701291570975493,pure_ml,normal_driving
1765199634.869623,0.49179755992233254,0.6835545675276244,-177.5642188700568,3.472442384352904,"[0.8514131103226602, 0.5978360585246933, 0.5984535999872271, 0.8705255104771884, 0.7110805599597185, 0.570014043202936, 0.4043851533868736]",green,"{""turn_left"": true}",6.874631081517534,hybrid,normal_driving
1765199635.869623,0.19990558376192863,0.7673533427144992,87.23833111362563,4.287271990869646,"[0.5986786140384224, 0.5109748114385554, 0.6969835164832798, 0.43120325657769243, 0.4139343443690461, 0.5845893118752443, 0.66378695799076]",green,"{""accelerate"": true}",10.105901810731059,pure_ml,normal_driving
1765199636.869623,0.5752530068057665,0.7427185360924364,-127.92669529674335,3.4292786801957567,"[0.8752310340282725, 0.562107728293093, 0.575296186481794, 0.815349355296512, 0.5715183153694939, 0.9444337976106019, 0.5712568772384038]",yellow,"{""accelerate"": true}",5.242420598239711,hybrid,normal_driving
1765199637.869623,0.623525218324342,0.6506091227149342,13.569938328096228,0.20664287585355884,"[0.0, 0.0, 0.0, 0.0, 0.0, 0.0, 0.0]",yellow,"{""brake"": true}",-19.143851235808732,pure_ml,sensor_failure_complete_failure
1765199638.869623,0.7529757697292385,0.40304714391063967,167.7769747561506,1.618381799517284,"[0.4382764378309502, 0.6293894251369728, 0.5841195220860929, 0.5240799785436674, 0.47150929412357584, 0.46800653904133765, 0.48421750829534926]",green,"{""brake"": true}",6.364785475980888,hybrid,normal_driving
1765199639.869623,0.6255109585870862,0.24405754072298685,-72.96123019333028,0.8994302496470513,"[0.13756827124748122, 0.10703639191701007, 0.03929353667456601, 0.2573093005232314, 0.39727211932114004, 0.4441657147622736, 0.46349264980932686]",red,"{""brake"": true}",4.450563301744495,pure_ml,collision_avoidance
1765199640.869623,0.19531654129729567,0.4925799129931499,147.90621245283728,3.1253752860919146,"[0.6460399268354818, 0.6249524455540918, 0.787813655298088, 0.8947274854310727, 0.6106355355056086, 0.8879690137367681, 0.48591084380309946]",yellow,"{""turn_left"": true}",7.260611065370608,hybrid,normal_driving
1765199641.869623,0.7567976682953806,0.25741813860909646,55.99154079752301,4.312963314906141,"[0.7390077273210384, 0.7525060470503565, 0.9682490762460574, 0.7407656227224435, 0.8496132061014093, 0.6028006887816624, 0.662391589111632]",red,"{""turn_right"": true}",0.6824232350258477,pure_ml,traffic_violation
1765199642.869623,0.674607279454709,0.5435263809823712,140.70987772804128,1.256191784855662,"[0.0, 0.8, 0.8, 0.5726840773917513, 0.7220503679444499, 0.6625036895567431, 0.5287096278155942]",red,"{""brake"": true}",-5.521618093846509,hybrid,sensor_failure_partial_failure
1765199643.869623,0.4094541743884116,0.3716142450406347,149.7554562521129,0.3401452139167803,"[0.04890249204902293, 0.18010589098369284, 0.004810486805016678, 0.1337902712440416, 0.29457041479881263, 0.20808903017958583, 0.3825630531270041]",yellow,"{""brake"": true}",4.641270734952304,pure_ml,collision_avoidance
1765199644.869623,0.3750617224121401,0.6531256755535897,78.3709473652637,1.6105429632434207,"[0.1680428394227953, 0.09268647123931165, 0.07200143057226792, 0.29197494999746765, 0.290956906342893, 0.27595617789294924, 0.5566552869084467]",green,"{""turn_left"": true}",-4.148591437601769,hybrid,collision_avoidance
1765199645.869623,0.7101739535390926,0.21759561295215302,145.84384036986438,0.8634878507078341,"[0.09911151797909053, 0.017687901297185338, 0.0241851017427529, 0.2970170740967565, 0.2340534502872139, 0.48789046751493487, 0.5667569319830968]",red,"{""turn_left"": true}",5.761614503218748,pure_ml,collision_avoidance
1765199646.869623,0.7526845987399916,0.2773772660393359,-7.167691434825517,0.9157567640872473,"[0.16333722482287902, 0.1229980800653836, 0.11929707788819031, 0.1359259176275877, 0.2061854453720891, 0.5629586137099494, 0.4941435069039564]",yellow,"{""brake"": true}",4.399127141645943,hybrid,collision_avoidance
1765199647.869623,0.6427492625481126,0.42219745834267786,-161.70114303254726,2.125971540662041,"[1.0, 0.0, 0.34006645828083637, 0.5902953896757004, 0.0, 0.4173821575156208, 0.0]",yellow,"{""brake"": true}",-5.5393826856515105,pure_ml,sensor_failure_stuck_sensor
1765199648.869623,0.4143536921937797,0.27874844151418215,-42.80446109528745,3.8474286388912087,"[0.6407176719565805, 0.6355224654863613, 0.6713452997302614, 0.5610967080585838, 0.6674704315504789, 0.5551890767914495, 0.6480461909120713]",yellow,"{""accelerate"": true}",6.429291367364294,hybrid,normal_driving
1765199649.869623,0.6622138942964538,0.39093600255788985,-153.3214653465815,3.0417718721912,"[0.9864078654695491, 0.9032160372143285, 0.4554882939053852, 0.8268149738691896, 0.6057732218854983, 0.4820774190702662, 0.7477516827629604]",green,"{""change_lane_left"": true}",10.57771860207198,pure_ml,normal_driving
1765199650.869623,0.3891761507452096,0.6452090101466094,177.6371263885995,2.261290424031058,"[0.9927176157700557, 0.6661467122081035, 0.8114757707362894, 0.6137083867983631, 0.7899878017702804, 0.9595644205697025, 0.8146695991189115]",green,"{""change_lane_left"": true}",8.375501969181226,hybrid,normal_driving
1765199651.869623,0.3215430218064592,0.40543204197909555,58.37764816052426,1.6932984175829338,"[0.6171330493115728, 0.6899527576265638, 0.8967442412841671, 0.900884411086879, 0.5007329624753998, 0.4770692238509858, 0.6213116848308046]",red,"{""turn_right"": true}",4.586316263890517,pure_ml,normal_driving
1765199652.869623,0.5260590949016782,0.5806560436331292,-27.55414400468106,1.9224909139091082,"[0.8120091301266037, 0.9499967538362851, 0.40893345652724494, 0.738406211171938, 0.6894078983207379, 0.7660361339186224, 0.8092027674192273]",yellow,"{""change_lane_left"": true}",4.228851358039715,hybrid,normal_driving
1765199653.869623,0.21338142248959413,0.5433308921354145,-154.74203654834696,3.0052325071157906,"[0.7689832652889363, 0.5228114590720513, 0.8515867566566409, 0.9694682775526756, 0.4038757741244652, 0.6632400058634316, 0.7303230771935837]",green,"{""change_lane_left"": true}",4.061596482681979,pure_ml,normal_driving
1765199654.869623,0.5464447034230063,0.5060021179915577,-98.03335846068431,3.7806301069041757,"[0.8576152067306588, 0.5653468971365688, 0.5765031428914522, 0.6562311694182699, 0.7672803680137732, 0.7056254797033766, 0.4638970094002712]",green,"{""change_lane_left"": true}",9.125094320421624,hybrid,normal_driving
1765199655.869623,0.7379359782934658,0.3014023590772859,176.1129695139706,4.063955537054846,"[0.6296342552931098, 0.9056489288463477, 0.7652704231582356, 0.7031088004276376, 0.9431152873046384, 0.8070054081865857, 0.9472465386666383]",yellow,"{""accelerate"": true}",-44.18174126486304,pure_ml,traffic_violation
1765199656.869623,0.32967005704220276,0.42575108071338047,4.880990798226539,3.053030141260014,"[0.9323224559429316, 0.9617316931915066, 0.5712188700852753, 0.6136561450752797, 0.8947159598435654, 0.7772337115878797, 0.7744158457498793]",green,"{""accelerate"": true}",6.8967315499246284,hybrid,normal_driving
1765199657.869623,0.28594703507744457,0.4044343367972542,16.57786269597291,2.3752971382104233,"[0.7271307532515947, 0.960964264743335, 0.8955426110243185, 0.6761543482030742, 0.9826884711517947, 0.4620454785538278, 0.7520632918206815]",green,"{""accelerate"": true}",14.13240582152347,pure_ml,normal_driving
1765199658.869623,0.682723370102052,0.3772871464001991,-64.92537153561747,1.8165056947904825,"[0.0, 0.0, 0.5223668820604475, 0.45590052640818884, 0.0, 0.5363185494664404, 1.0]",green,"{""brake"": true}",2.4845369581027548,hybrid,sensor_failure_stuck_sensor
1765199659.869623,0.6519812948539118,0.32577321623547106,-96.55365523419445,3.289779746079542,"[0.8274780613775565, 0.5786756491907951, 0.4776157539520286, 0.8176880916106948, 0.5765864595318934, 0.42473386202083024, 0.4521715717901823]",green,"{""accelerate"": true}",12.219477799352644,pure_ml,normal_driving
1765199660.869623,0.40395218805710686,0.5692981130221377,-37.76557737527342,2.316998049070291,"[0.6275540710554723, 0.6696109144876625, 0.7863161444916342, 0.6643558142678767, 0.8950425699622231, 0.7640677751282936, 0.8956635591165892]",yellow,"{""accelerate"": true}",14.316049604957614,hybrid,normal_driving
1765199661.869623,0.31536402569224053,0.95,-133.74683365262425,1.0665853312636169,"[0.3317419721757401, 0.2177548609788007, 0.5313081216166151, 0.497152394620549, 0.8479345525768434, 0.7920968520768014, 0.881443632646084]",yellow,"{""turn_right"": true}",9.738905148101374,pure_ml,edge_case_road_boundary
1765199662.869623,0.4654286290111108,0.34951211540955507,-167.56538783007045,4.914121634567828,"[0.6140861089469453, 0.8943735905709409, 0.6979648046685527, 0.8666466028576312, 0.6761099962437949, 0.786356974873927, 0.6411430365017124]",red,"{""accelerate"": true}",-30.92102098612355,hybrid,traffic_violation
1765199663.869623,0.25733619374959127,0.46675723236241495,90.27063315075598,3.447708792452804,"[0.6561097529540398, 0.8403750283333353, 0.4602889791114885, 0.51619793551746, 0.840136882205287, 0.4769256380387913, 0.6473935417277037]",green,"{""accelerate"": true}",9.534387529966217,pure_ml,normal_driving
1765199664.869623,0.10892978922141455,0.4450824691072355,-147.01499318794498,4.432544874415642,"[0.6063711780914907, 0.5751759961663188, 0.5121744731276906, 0.406562490919089, 0.9862668248463341, 0.4013859748996637, 0.4405792837804818]",yellow,"{""accelerate"": true}",14.447170491118207,hybrid,normal_driving
1765199665.869623,0.3034400169709657,0.3007179580357224,-139.93214628307237,2.3498604070482867,"[0.7084912001364041, 0.9466923703730821, 0.748257610599687, 0.6150517144708743, 0.6359051949899878, 0.6684021547088956, 0.6713990054003225]",green,"{""change_lane_left"": true}",8.590342128473807,pure_ml,normal_driving
1765199666.869623,0.8303333161558647,0.3913075463202601,-25.67792056129204,3.503793973564811,"[0.578131440577411, 0.7584660450991636, 0.5517503276108162, 0.7559194594537063, 0.4385449399808744, 0.920606874178212, 0.5006563096732618]",green,"{""accelerate"": true}",8.114244907313395,hybrid,normal_driving
1765199667.869623,0.48708559742923063,0.5124738287843371,115.51605195746433,2.914467520805893,"[0.8759916303330422, 0.5922383103722336, 0.770153615954668, 0.6128179308743787, 0.4585378633807259, 0.5247444629835293, 0.8363859414679742]",red,"{""accelerate"": true}",5.113762561640255,pure_ml,normal_driving
1765199668.869623,0.5276501777321176,0.7643696346950208,16.417964631895977,2.096723838601975,"[0.9794405467796282, 0.7473478813446177, 0.7496221275298364, 0.8208478292567079, 0.45110896582432547, 0.81588759090541, 0.7767076670151511]",red,"{""turn_right"": true}",3.8883829063846225,hybrid,normal_driving
1765199669.869623,0.6173957862425972,0.3609747788144391,-100.25580097083518,4.095331747929726,"[0.681003598911361, 0.9745289604220101, 0.8317419829125879, 0.8742058316721131, 0.6384918209494029, 0.8487712588261789, 0.8543469211112555]",red,"{""accelerate"": true}",-46.917235066160224,pure_ml,traffic_violation
1765199670.869623,0.39293262091000325,0.41030845068999633,6.5913328255873305,2.268599715553837,"[0.9198558235386105, 0.40483458937688127, 0.8487294394752526, 0.6736683598147162, 0.5340953030082378, 0.890542617005486, 0.6894594880902882]",green,"{""accelerate"": true}",7.448997122572544,hybrid,normal_driving
1765199671.869623,0.8814001091522775,0.7934647839777957,-5.521591161180849,2.4539077995682534,"[0.8542478214767999, 0.7986784244424645, 0.7846919307413025, 0.9223178047766748, 0.6683166109941334, 0.5633843246531403, 0.44033944604900577]",yellow,"{""turn_right"": true}",9.364487151282297,pure_ml,normal_driving
1765199672.869623,0.8011555059072124,0.6828337044830456,-145.98604733180997,2.2290996848474256,"[0.43406413097689744, 0.45927783796696686, 0.48581945661813325, 0.7535694238287726, 0.6640701153693128, 0.9991651115025463, 0.914040408973824]",green,"{""accelerate"": true}",6.553083735730705,hybrid,normal_driving
1765199673.869623,0.8023456018977074,0.6333749241236146,2.796464738082912,4.306340608252299,"[0.8604387413554903, 0.7527693096158625, 0.5548847764269422, 0.8640193702969075, 0.6343322616869862, 0.7286960305980583, 0.9121231220165982]",red,"{""accelerate"": true}",6.737909822481117,pure_ml,normal_driving
1765199674.869623,0.48557547374806354,0.7875696606393936,163.47363364527865,3.158022740451381,"[0.7348758551677761, 0.8555384684985251, 0.6867589171340832, 0.9167756376807157, 0.8979655694983363, 0.5899177305353415, 0.9308339618013024]",yellow,"{""change_lane_left"": true}",10.551704748455418,hybrid,normal_driving
1765199675.869623,0.5413497780995921,0.23153549703472115,-169.0532078576098,3.5484950723831945,"[0.9686733060431837, 0.45769374176418, 0.47972685003827004, 0.4321841263667122, 0.8476944201714616, 0.9401607632752114, 0.6553606839407518]",red,"{""accelerate"": true}",5.307690508967778,pure_ml,normal_driving
1765199676.869623,0.8448950551673523,0.6910719699569968,131.58293006625306,0.8073069905400969,"[0.1825587873507456, 0.1114116457556277, 0.14909338603861352, 0.20376341922276076, 0.1642850605516676, 0.2591590796310978, 0.7826874122971947]",green,"{""turn_left"": true}",-3.22615988759621,hybrid,collision_avoidance
1765199677.869623,0.1854337309292376,0.4610941897450004,-20.295635728974148,1.7155527089125873,"[0.023664177684009104, 0.05734022191965696, 0.14034467460645303, 0.15470076229744306, 0.28912492480093593, 0.5843489970142088, 0.34512266128543695]",red,"{""turn_right"": true}",-4.2249657080334355,pure_ml,collision_avoidance
1765199678.869623,0.3922337677715372,0.6673194137418453,-32.036849828228476,2.0136074600187923,"[0.5154263641605165, 0.6113214101981456, 0.8944702737629697, 0.5567759048587171, 0.9800452123350877, 0.7549878719585382, 0.5399188617308833]",green,"{""turn_right"": true}",8.234782840361323,hybrid,normal_driving
1765199679.869623,0.7958289387786281,0.26109875669996474,63.41447210102566,3.385003799302158,"[0.8108273447453661, 0.8063428267065011, 0.5342858239300851, 0.42846359168242015, 0.8671426726516013, 0.7015011572925438, 0.9386370136727574]",yellow,"{""accelerate"": true}",14.03986014455868,pure_ml,normal_driving
1765199680.869623,0.8833415266613439,0.45008182596123547,134.4696704201569,2.7936494734862434,"[0.9204922313846788, 0.6934096886444574, 0.5090615435190085, 0.7821694813723832, 0.9216638325250035, 0.5847907386560347, 0.9076373110348293]",green,"{""turn_left"": true}",9.544340776947038,hybrid,normal_driving
1765199681.869623,0.26004326971561237,0.6100328555726064,163.67990541720698,4.306809814550839,"[0.40963497147659383, 0.5968272476387572, 0.4599482926861102, 0.6998090903958201, 0.8939847419930456, 0.4590679610793679, 0.7110391332690377]",yellow,"{""accelerate"": true}",6.656019566970308,pure_ml,normal_driving
1765199682.869623,0.6951587362749841,0.7960506859706264,-74.35000261780134,3.0241526914268855,"[0.673167328983296, 0.46675121610598747, 0.5950539015164336, 0.5437837188693959, 0.8936203470634598, 0.7056282530616933, 0.9174391021562786]",green,"{""accelerate"": true}",11.297366813401073,hybrid,normal_driving
1765199683.869623,0.2543671364582457,0.74831586565386,-85.25803188691012,4.370215481137997,"[0.6172333659684568, 0.6839207446768165, 0.9509283896532137, 0.6995396869159944, 0.5435882733899204, 0.7416678920083559, 0.8063085136226231]",green,"{""accelerate"": true}",12.399404252227011,pure_ml,normal_driving
1765199684.869623,0.16191979675488632,0.5681679128157393,172.2097486336742,0.3018681996946846,"[0.09084180289869495, 0.004182225572624665, 0.10462644059537181, 0.21581005381482604, 0.29690854635675495, 0.5969391797344428, 0.45943971556409224]",yellow,"{""brake"": true}",-3.9519536319538453,hybrid,collision_avoidance
1765199685.869623,0.47186898666772814,0.4422085381524076,-170.14224944121116,2.6568851075466497,"[0.42189890395716767, 0.9295479855680328, 0.7703233709229835, 0.876103696963735, 0.6814453677419436, 0.4718141259596712, 0.7107493226316033]",green,"{""accelerate"": true}",8.138490202182545,pure_ml,normal_driving
1765199686.869623,0.1392523083175206,0.634219815149142,-7.807993692801579,0.9781832819940465,"[0.1, 1.0, 1.0, 0.1, 0.5907069892465013, 0.5484180611527276, 0.4067386861745206]",green,"{""brake"": true}",7.076900761542989,hybrid,edge_case_sensor_edge
1765199687.869623,0.5366447078610083,0.7903461759006885,11.23341605518329,3.0419068472503414,"[0.6596698100884775, 0.7465167629425495, 0.6697110331032267, 0.8899588527637313, 0.4170901877182641, 0.672329407122956, 0.6663288315226198]",green,"{""turn_left"": true}",7.04140053316838,pure_ml,normal_driving
1765199688.869623,0.5954748233068163,0.21248577570789917,-94.17944619642866,0.6480797274145291,"[0.6129399137549777, 0.6550417802216508, 0.9939066462732297, 0.8778560306414431, 0.6979884412708266, 0.5284782130796148, 0.43091910597234584]",green,"{""brake"": true}",7.093338797136773,hybrid,normal_driving
1765199689.869623,0.6166171446411359,0.2283018397296382,-36.587536151745525,4.560150076318594,"[0.8177219174297532, 0.8724931113043722, 0.9438367660228643, 0.8212166209622678, 0.7642946907034092, 0.658329771620413, 0.8142994868120226]",red,"{""accelerate"": true}",-27.973696268736564,pure_ml,traffic_violation
1765199690.869623,0.3855229258597048,0.6304976339865804,27.7788771393392,3.8922817998329613,"[0.6119367176226645, 0.8496883897571894, 0.6251660532281011, 0.554691679393217, 0.5204493071778096, 0.7100433855932865, 0.6291842096230447]",green,"{""accelerate"": true}",14.640388842136996,hybrid,normal_driving
1765199691.869623,0.8950867203029443,0.5314583982958836,25.313138707255227,2.125985539982595,"[0.7650479176884768, 0.45089224612733225, 0.8570419224619283, 0.8159629224891483, 0.9817703017895126, 0.8777410985511148, 0.7449704320458965]",green,"{""change_lane_right"": true}",6.608803203977009,pure_ml,normal_driving
1765199692.869623,0.7265808708582083,0.7936663583476513,-88.82820135684398,0.730808006277859,"[0.13301156071886924, 0.153926033854535, 0.16949181203743313, 0.22209404307887665, 0.16791168682219, 0.3977318120375851, 0.36651695387786254]",red,"{""turn_right"": true}",-1.5657740491053804,hybrid,collision_avoidance
1765199693.869623,0.1963826489902858,0.6240484300175468,150.68052318839622,1.6843131042526087,"[0.7728961558513086, 0.9175685833309083, 0.45217507985083183, 0.8211308776750004, 0.8154323691895136, 0.8709334097628628, 0.5672710958649103]",yellow,"{""brake"": true}",3.0684386846521505,pure_ml,normal_driving
1765199694.869623,0.6904370220165147,0.44857143000421507,-139.7554728518001,2.2303261361569233,"[0.4985016464146822, 0.5093657294147061, 0.7274448110846392, 0.4785219751193007, 0.4794575747094627, 0.4504034727145035, 0.4172439840072236]",green,"{""change_lane_left"": true}",6.220223152874562,hybrid,normal_driving
1765199695.869623,0.14445122862742404,0.3227283444413531,-48.40370672280463,0.7573861579096184,"[0.26484654937727153, 0.1120912659971326, 0.19447967384582587, 0.3334463124211641, 0.2543157844899995, 0.4849896407180163, 0.48565646615845093]",yellow,"{""brake"": true}",5.336051798817037,pure_ml,edge_case_extreme_weather
1765199696.869623,0.6600212377955992,0.20836664153612708,-174.28888465666753,0.7180358343883431,"[0.0006076213443734213, 0.12173455974756336, 0.03240213322397665, 0.20780021699149082, 0.10755572588656859, 0.4729964735900225, 0.4037471162675147]",green,"{""brake"": true}",-6.050477990526378,hybrid,collision_avoidance
1765199697.869623,0.11036809212738748,0.5608977274923579,-50.716774356772426,3.5700066607710066,"[0.6831811348275224, 0.9595387322458784, 0.8882263949925954, 0.8919581320373988, 0.9919050941338452, 0.6617325627127637, 0.6353444151449377]",red,"{""turn_right"": true}",-11.871908486626813,pure_ml,traffic_violation
1765199698.869623,0.21993401684525635,0.7161751247444865,85.29827311585095,1.0563811784845207,"[0.82715127336637, 0.4846950972597954, 0.43317205176736673, 0.4023971458502791, 0.656316100594112, 0.42256149837295465, 0.859014351533553]",green,"{""brake"": true}",6.574964020686721,hybrid,normal_driving
1765199699.869623,0.29606454310137204,0.5483139690162029,-24.081191570026437,4.3250239615971875,"[0.5280462724572278, 0.9252352921474032, 0.6614937855931176, 0.8516855997965893, 0.7262909412341263, 0.8701598249839833, 0.8741357632063704]",yellow,"{""accelerate"": true}",11.428344365727009,pure_ml,normal_driving
1765199700.869623,0.2712619516600515,0.22799481121627524,43.66415536769791,3.937384909742441,"[0.8872583383661441, 0.8375193762429836, 0.6447578303776258, 0.4493861142805484, 0.6346768054573964, 0.6130740581789312, 0.5092689364527574]",green,"{""accelerate"": true}",13.917594437347544,hybrid,normal_driving
1765199701.869623,0.3614505767984726,0.715444899186646,-27.19126584283683,2.4792020350606765,"[0.9467774517498923, 0.4264528311245456, 0.8023976348418282, 0.8569846566925202, 0.45895594690600905, 0.6316373968425228, 0.9244265949490029]",green,"{""accelerate"": true}",10.125024048515886,pure_ml,normal_driving
1765199702.869623,0.5780875355257684,0.3782894231254927,167.12335398430488,2.6397402037220195,"[0.81986664408248, 0.5012915651324533, 0.7383760157677635, 0.7587457625085572, 0.5639172052610087, 0.4312021750843256, 0.7515435182169283]",green,"{""accelerate"": true}",6.071573910947087,hybrid,normal_driving
1765199703.869623,0.15294820300168707,0.31526468180570366,-150.81756152506915,0.7891467132195691,"[0.7558981216518881, 0.4223532974244733, 0.5490081655776399, 0.5310742300214566, 0.7254389013208509, 0.4357606364442697, 0.9147676962352198]",green,"{""brake"": true}",5.421395451843868,pure_ml,normal_driving
1765199704.869623,0.7247358701970902,0.7226014165506349,-19.66034858212318,3.2945250089130482,"[0.6229877709299984, 0.7445711746257824, 0.6819934888374675, 0.5051463036310615, 0.529045352367271, 0.6547882148670556, 0.6689165218824549]",red,"{""accelerate"": true}",7.418306286559884,hybrid,normal_driving
1765199705.869623,0.5235309059143985,0.39081520805672476,-5.173000467209439,4.10483772606307,"[0.9293424587427163, 0.808818527203264, 0.6417012030518773, 0.8587205710481787, 0.8395005124050451, 0.9484836392698824, 0.7341193296004265]",green,"{""accelerate"": true}",-30.157647328793598,pure_ml,traffic_violation
1765199706.869623,0.168611494792328,0.7061780994714499,-117.97793264790289,1.955845947670952,"[0.7071373633443605, 0.7575416251484238, 0.6269316870385836, 0.9216487487489451, 0.8824727950758614, 0.7422162395381537, 0.9800868652532477]",yellow,"{""change_lane_right"": true}",7.7386107760156255,hybrid,normal_driving
1765199707.869623,0.14472095888024247,0.2916000451631249,168.37792630195713,1.801873091983383,"[0.7154344819597181, 0.52759117260087, 0.4694236283327433, 0.9609870281130308, 0.8826458158418362, 0.5030121447467621, 0.46893579390841805]",green,"{""brake"": true}",4.5791289582414585,pure_ml,normal_driving
1765199708.869623,0.8732532197506159,0.2297799342291409,-166.94360250088963,2.8366919485620006,"[0.9184408995272361, 0.6164738805321887, 0.9849639543742509, 0.5558396558656993, 0.76260263362833, 0.6335145467201573, 0.7753526690490898]",green,"{""accelerate"": true}",7.878828435571556,hybrid,normal_driving
1765199709.869623,0.7055360520139435,0.7393963816627802,-15.421083147162904,2.517177934300963,"[0.7280826660811166, 0.9587358928591598, 0.5645232451194915, 0.7769256951234185, 0.784575476171266, 0.925214942785034, 0.4422976361952487]",green,"{""accelerate"": true}",14.448549875530809,pure_ml,normal_driving
1765199710.869623,0.6003187030082915,0.23765124728346884,-25.0849291551851,0.9983539982448784,"[0.01529279219911639, 0.022035809803523, 0.12317565854500845, 0.26740691662281424, 0.13200426594608416, 0.29054069043150027, 0.4479643298718251]",red,"{""turn_left"": true}",-4.755613481109245,hybrid,collision_avoidance
1765199711.869623,0.6334860944156369,0.2495854954428113,113.32547628055899,0.6323405584851717,"[0.07018785318336225, 0.14572974941268926, 0.04147195289263466, 0.2583488933176835, 0.32040022889941167, 0.21617528229424182, 0.33854204545066013]",yellow,"{""brake"": true}",-1.172727476515199,pure_ml,collision_avoidance
1765199712.869623,0.7931010140423406,0.4727454688522174,-92.73208167309004,0.06639863502433685,"[0.17653634674141583, 0.15777023284283453, 0.14658578790575572, 0.1192402757446305, 0.384838606502114, 0.46318845047765206, 0.35339895402060406]",red,"{""brake"": true}",-7.997179741343029,hybrid,collision_avoidance
1765199713.869623,0.38732961543394573,0.26311904957694066,14.52036869260076,4.393355731541387,"[0.6510775502103638, 0.6317197940202568, 0.921479722028869, 0.9766852946027634, 0.9537210591451386, 0.8771083816684193, 0.8427128372469181]",green,"{""accelerate"": true}",14.776355182099525,pure_ml,normal_driving
1765199714.869623,0.26532780906568976,0.32817573152643986,148.57426312006902,3.1381224750612557,"[0.41923403666611986, 0.48439706977112945, 0.963730882387823, 0.8142373470404489, 0.7606997736563026, 0.7005644067713916, 0.540745158907405]",yellow,"{""accelerate"": true}",7.146447202328417,hybrid,normal_driving
1765199715.869623,0.5034282690041326,0.43259674457357467,103.32269525151739,0.5705820324236636,"[0.10549323763208492, 0.04617507882822061, 0.12732561378657245, 0.1310768630990272, 0.32076271600164996, 0.20862203927996475, 0.452741370378412]",yellow,"{""brake"": true}",0.6797718711698728,pure_ml,collision_avoidance
1765199716.869623,0.21821509039340176,0.5329334920201514,-113.87075660491205,1.0004711251829081,"[0.0, 0.0, 0.6944576925617679, 0.5557464863715151, 0.0, 0.4880394735560989, 1.0]",yellow,"{""turn_right"": true}",-1.1536243867461282,hybrid,sensor_failure_stuck_sensor
1765199717.869623,0.15415293268477992,0.6792060607566814,-44.172754964641264,4.849807254676791,"[0.9435204061145486, 0.8558711151289774, 0.8778214041129107, 0.7435841497965165, 0.9526767441148074, 0.967842298575633, 0.8911971165756521]",red,"{""accelerate"": true}",-12.002076647389167,pure_ml,edge_case_speed_limit
1765199718.869623,0.6103190692611768,0.7615485451126747,1.5565688991740199,3.268179213737477,"[0.8870691581220591, 0.6401843676941643, 0.4218459190933767, 0.6495180791716137, 0.9400742723142136, 0.5790977526138018, 0.7798829117467589]",green,"{""accelerate"": true}",6.859545965802051,hybrid,normal_driving
1765199719.869623,0.22971306563410324,0.5432905329246556,-35.13757298253786,3.3874807098121695,"[0.6938274663660658, 0.8601044882055758, 0.8970715132420861, 0.821488335947171, 0.6066591071363402, 0.6015625306689131, 0.5192980295549295]",green,"{""accelerate"": true}",14.034417810456633,pure_ml,normal_driving
1765199720.869623,0.3410416087078134,0.7273550573710246,159.15233989221036,2.192516485589223,"[0.7942596528017571, 0.7085373222438258, 0.7592242158121005, 0.5785415184792612, 0.6091573116916598, 0.4772951243395893, 0.4190613631969161]",red,"{""accelerate"": true}",7.83837334720646,hybrid,normal_driving
1765199721.869623,0.538746118633328,0.7917943352786914,-19.068442603109613,2.0898394311097697,"[0.7702118127132564, 0.667689673344818, 0.6871663975381694, 0.7602795720025144, 0.9818219066751954, 0.9551936288401908, 0.9384130397429874]",green,"{""turn_right"": true}",5.179040963152126,pure_ml,normal_driving
1765199722.869623,0.17066156594389517,0.6595072729520315,15.547702959267438,0.6871540566807041,"[0.2840683844676236, 0.15889031202966458, 0.25387883340454265, 0.2167997715394391, 0.2129753424192053, 0.50105015743142, 0.675016686986676]",yellow,"{""brake"": true}",-2.558216200260546,hybrid,edge_case_extreme_weather
1765199723.869623,0.7767515193398903,0.3930078002995649,12.923764378031276,4.091127373563809,"[0.6670328662513069, 0.7741865131143901, 0.40673813876386333, 0.9706283911205164, 0.8085879851567401, 0.6352342852611155, 0.8479812817348855]",green,"{""accelerate"": true}",14.856358167046464,pure_ml,normal_driving
1765199724.869623,0.1963356339168504,0.7074647320962657,-173.6781583556538,0.20247995277129494,"[0.1582328347278652, 0.0935825883152842, 0.04082680413128135, 0.22626071068945738, 0.36067716877217304, 0.3781195573561027, 0.4815736987417318]",red,"{""brake"": true}",-6.5841039863736714,hybrid,collision_avoidance
1765199725.869623,0.34061385204140465,0.2497380222388898,-2.902891695496753,4.271133434911735,"[0.6284119003475643, 0.48132509917822025, 0.653819026566554, 0.6352061455661999, 0.5549278383443069, 0.923457997838916, 0.77169220709455]",green,"{""accelerate"": true}",12.034890550663773,pure_ml,normal_driving
1765199726.869623,0.3535768535754442,0.44420391286042155,24.586483610918638,2.4489305701205675,"[0.5005067925671572, 0.6118920083195395, 0.7876868179716667, 0.5004453868412727, 0.46555708326187456, 0.9692335260145307, 0.4954778228743077]",green,"{""change_lane_left"": true}",11.5579411340819,hybrid,normal_driving
1765199727.869623,0.46661721660646693,0.34194608052104647,-30.822355247420663,1.3622572311879098,"[0.21990525320506646, 0.26296676084145865, 0.1944923662152851, 0.34847838119405716, 0.2320707224059772, 0.4216547397282546, 0.4829088552289781]",red,"{""accelerate"": false}",4.760388290390271,pure_ml,edge_case_extreme_weather
1765199728.869623,0.866488453686878,0.3645466188758959,176.24632632140177,3.018441860666089,"[0.5567335560598041, 0.5625292712546102, 0.44993980437700304, 0.8577743727612595, 0.7912514551405979, 0.8330913388171144, 0.44409018562405733]",green,"{""accelerate"": true}",11.655227706253994,hybrid,normal_driving
1765199729.869623,0.6420470049595165,0.37053321000372286,-131.11249130707114,0.4255204459951591,"[0.0, 0.0, 0.0, 0.0, 0.0, 0.0, 0.0]",green,"{""brake"": true}",-7.4304629481952595,pure_ml,sensor_failure_complete_failure
1765199730.869623,0.2089215662834894,0.666794276818313,-78.5167470491682,3.935338452318993,"[0.40271266171151876, 0.8609539151992838, 0.5224002085228193, 0.8410527463115884, 0.4525440106519619, 0.9735485559754995, 0.9005524720724578]",red,"{""accelerate"": true}",14.981645055858145,hybrid,normal_driving
1765199731.869623,0.39096071541914956,0.3571602189905797,177.9814416772734,2.3902612275277444,"[0.9384257661858415, 0.5384464592027824, 0.46079937020973877, 0.6982398696879772, 0.9782510664877765, 0.5190351310781405, 0.7248292086802841]",yellow,"{""change_lane_left"": true}",4.595627277289031,pure_ml,normal_driving
1765199732.869623,0.584141001577696,0.44519662311639663,-29.410705095019004,2.6133825480300636,"[0.5498209165411992, 0.9544664298560451, 0.4511521388578938, 0.8316326501124046, 0.447299892506658, 0.5205962070667267, 0.7242836074879139]",red,"{""turn_right"": true}",5.887098835425883,hybrid,normal_driving
1765199733.869623,0.46031605481252047,0.775438579137125,-24.80938029540612,1.105584571534429,"[0.8, 0.0, 0.8, 0.4484862486812205, 0.7497960965276466, 0.7910523265513489, 0.5380833817767793]",red,"{""turn_left"": true}",-5.756517207661073,pure_ml,sensor_failure_partial_failure
1765199734.869623,0.5124833015357961,0.6980672293909169,-135.42253292391646,1.0444210307952533,"[0.1, 0.1, 1.0, 1.0, 0.3692610467900621, 0.33778453808354486, 0.313397054237832]",red,"{""turn_left"": true}",-1.258807479260788,hybrid,edge_case_sensor_edge
1765199735.869623,0.6630574320810915,0.7568930244325329,-41.737657282733636,2.9154260086589807,"[0.9908214778637773, 0.7681777601319346, 0.5827246974464921, 0.5011838011794991, 0.5487139288575985, 0.8970693417093925, 0.6038513386796771]",green,"{""accelerate"": true}",9.691432703446479,pure_ml,normal_driving
1765199736.869623,0.34552800300148023,0.754022700711249,-157.35534878950824,3.161402077160933,"[0.9703267927690614, 0.6316359489460175, 0.6360025423677318, 0.7211465314071188, 0.8911880523764878, 0.9001946718500896, 0.5531034597452835]",yellow,"{""turn_right"": true}",7.864933886886807,hybrid,normal_driving
1765199737.869623,0.31879722081122913,0.48771048156626245,159.11610240579185,2.4530365231277624,"[0.4588676987224292, 0.8691757930543421, 0.7715196152139673, 0.6969441273163947, 0.4074644578661519, 0.897947123345837, 0.4074787416287686]",green,"{""accelerate"": true}",8.53558992448075,pure_ml,normal_driving
1765199738.869623,0.7396232293676512,0.5095708950863078,-36.21468889435461,1.4680870484389612,"[0.14564687627022926, 0.14069251022512375, 0.1407976964339129, 0.2800013743497156, 0.3110082928900501, 0.42882805803144136, 0.5296289382045544]",green,"{""accelerate"": false}",7.67390917986422,hybrid,edge_case_extreme_weather
1765199739.869623,0.6212822307913022,0.7514320217317292,161.39264059985578,0.688320813175207,"[0.628182074813861, 0.4325114601643141, 0.4631164276975813, 0.6429479210058823, 0.7220157277754086, 0.46407437549832053, 0.5886849973242857]",yellow,"{""brake"": true}",4.416186876768337,pure_ml,normal_driving
1765199740.869623,0.7204730132412649,0.6689043897182928,-151.47081756918897,0.802984958687176,"[0.09718684619345003, 0.10156403986645786, 0.036110361231824185, 0.1562104946405644, 0.23442204888323764, 0.40710092769799455, 0.7040312341001457]",red,"{""turn_right"": true}",-0.2532091237634564,hybrid,collision_avoidance
1765199741.869623,0.38451455602748297,0.2671666637600388,28.33882460101074,3.6323946873805357,"[0.5041392262830314, 0.6318954844235752, 0.9646842655850372, 0.7532033073051295, 0.9583670235548261, 0.9311296672759554, 0.5042225467137346]",green,"{""accelerate"": true}",7.957300716649555,pure_ml,normal_driving
1765199742.869623,0.5198646725026353,0.6160822935672465,-29.67246088438501,2.7389720053478435,"[0.5529099656738061, 0.9279124002059891, 0.6544400037616775, 0.6035138917635419, 0.7376179391910069, 0.8142282892804087, 0.9071968241712831]",yellow,"{""accelerate"": true}",7.702184614165421,hybrid,normal_driving
1765199743.869623,0.7356239730927407,0.7436384875868276,-30.95234854788392,2.274687689028574,"[0.9025692693038716, 0.9591154114015882, 0.6858437702680471, 0.8547079362343112, 0.9876444053320939, 0.64712439906967, 0.5252872599881783]",green,"{""brake"": true}",6.542887078276967,pure_ml,normal_driving
1765199744.869623,0.6615263199416725,0.38908596689204733,24.716389336402752,2.3066331297093328,"[0.9218184511378703, 0.8244891858185497, 0.7881299882751569, 0.6473539931858086, 0.7234884968542525, 0.8404138877145721, 0.9410880726804202]",yellow,"{""turn_right"": true}",8.459553144413452,hybrid,normal_driving
1765199745.869623,0.12350678207085322,0.546472282972984,56.78201426437508,0.828854236158531,"[0.945632191998281, 0.3346798604761333, 0.5682303984827696, 0.22111147030451572, 0.5259085008466742, 0.6510941673556685, 0.12710502879120977]",yellow,"{""accelerate"": false}",7.154165321254791,pure_ml,sensor_failure_noisy_sensor
1765199746.869623,0.16964082524827634,0.4090739770604561,-102.34523569312161,3.599921478515462,"[0.47702343641084016, 0.48479940480562955, 0.9060305660371568, 0.9354454002285717, 0.8633563695618953, 0.7128672808390876, 0.675305842694766]",green,"{""accelerate"": true}",13.591070266927893,hybrid,normal_driving
1765199747.869623,0.3899281326223464,0.698189697345264,-44.69042527934927,2.7465260252933708,"[0.5894861916179788, 0.5090106593077387, 0.625784064920897, 0.9265734583820634, 0.5413558670894124, 0.7668372103016906, 0.661712413816435]",green,"{""turn_left"": true}",4.993119712234639,pure_ml,normal_driving
1765199748.869623,0.8766747682727835,0.7548764237451844,136.62028233102592,1.2676581068466286,"[0.12249281543028093, 0.261257890505701, 0.12986158949481807, 0.10761959685279232, 0.42072900041668215, 0.49189304180066706, 0.6247758539439949]",red,"{""accelerate"": false}",-3.7277332456499224,hybrid,edge_case_extreme_weather
1765199749.869623,0.7036985390220146,0.5737263309231748,-52.54082683410066,3.256806263598203,"[0.9112692907473732, 0.7334803008954057, 0.9839755965483131, 0.6634391877505973, 0.4360782912464962, 0.653914443002849, 0.7119428114754667]",yellow,"{""turn_right"": true}",6.659924941595129,pure_ml,normal_driving
1765199750.869623,0.6435305889605668,0.6314492288559904,-39.63935302188849,3.3444593247570857,"[0.596007661042465, 0.7189106796476249, 0.5676871801630438, 0.7494827427350932, 0.5530232174936969, 0.9045190278559544, 0.692776303037909]",green,"{""turn_right"": true}",7.730751601085798,hybrid,normal_driving
1765199751.869623,0.7417021255165519,0.5547525465474987,-36.72416515578316,1.4227252607090384,"[0.12277882216562581, 0.08306075478064434, 0.1830287772097205, 0.19295991287392616, 0.22948470614245348, 0.5410326494701108, 0.6593659335355646]",red,"{""turn_right"": true}",8.06765005971156,pure_ml,collision_avoidance
1765199752.869623,0.6481186475069756,0.32456344020728073,-11.869883499037506,3.027442564641629,"[0.8090375738498554, 0.583228227263746, 0.6410578853266926, 0.8996162600701989, 0.5736060622422307, 0.45538390978303417, 0.404072306327697]",yellow,"{""change_lane_left"": true}",9.400034876735294,hybrid,normal_driving
1765199753.869623,0.42621812453451635,0.3590972711923157,20.504778035029737,0.15689110220844849,"[0.18340177716185926, 0.0909429772649672, 0.06876374556456735, 0.21860690225539223, 0.3036907157722743, 0.2944264167783085, 0.5643223769031454]",green,"{""brake"": true}",2.4398109857693893,pure_ml,collision_avoidance
1765199754.869623,0.7396090903328296,0.6482998704461074,-32.011225742496485,0.9935272463783231,"[0.9872599769192667, 0.7658976452740198, 0.8705568834612998, 0.6373081709902042, 0.8902350087508688, 0.4675038905998925, 0.5379283661494645]",yellow,"{""brake"": true}",2.1924190606706304,hybrid,normal_driving
1765199755.869623,0.4401620514527338,0.5993639684400462,28.489042782601437,2.259628330771581,"[0.823504892878157, 0.8586838997557817, 0.5659633048931878, 0.47032406609380395, 0.6386999016116479, 0.4344590140156442, 0.7871228534830541]",green,"{""change_lane_left"": true}",4.6825817150225735,pure_ml,normal_driving
1765199756.869623,0.5216082352633906,0.5070096919158991,-169.3696695448081,1.9663336684218644,"[0.6710883923210125, 0.45395807273447736, 0.6358672984430205, 0.8826313672918116, 0.9604141353897304, 0.8574451613065119, 0.4259128780608181]",red,"{""change_lane_right"": true}",8.61683406222641,hybrid,normal_driving
1765199757.869623,0.13383602064064953,0.7834062652461025,-39.920792787947526,0.297980257645578,"[0.019325893941727925, 0.10526837647146584, 0.07432091719796044, 0.16988616791817895, 0.2341377229044336, 0.5521258770581278, 0.5332888553325754]",green,"{""brake"": true}",3.181017839379246,pure_ml,collision_avoidance
1765199758.869623,0.8247127618638033,0.4778986612617559,-26.928966808966397,2.1080791129911676,"[0.5771106602876473, 0.6174636246659164, 0.5720296539892569, 0.7917342766875444, 0.8195111414257881, 0.520456001948042, 0.7012562400157812]",green,"{""brake"": true}",3.623227707914404,hybrid,normal_driving
1765199759.869623,0.17988334639933426,0.4933466881369193,8.640945796699832,1.78433644574008,"[0.18422570936922467, 0.048911966464460235, 0.11132578835292986, 0.20161469981345392, 0.21563172777025996, 0.590363449474611, 0.48346574216153193]",red,"{""turn_left"": true}",-1.7408950958882934,pure_ml,collision_avoidance
1765199760.869623,0.6880598230008694,0.22522027124612612,-32.81723305866087,3.1941062317668476,"[0.8915650443243092, 0.9718401951979208, 0.5128111423512085, 0.6927364118057238, 0.6192278654691254, 0.9985430887419277, 0.7904392219890952]",green,"{""accelerate"": true}",12.816699958085715,hybrid,normal_driving
1765199761.869623,0.3605019870765299,0.7097330831191178,162.56410361215555,0.5773064822379917,"[0.14220820264457798, 0.1656148611622442, 0.16557064540461244, 0.11222726857180583, 0.15374564083832662, 0.5188312407785713, 0.646401193736809]",green,"{""brake"": true}",3.5397622108891973,pure_ml,collision_avoidance
1765199762.869623,0.668161055307734,0.6680109964559573,-85.80142721157317,0.8953621112686012,"[0.619774090368531, 0.46935166349777685, 0.40148712129216746, 0.45150628744878324, 0.6318543063689388, 0.49030020296121957, 0.4723475797217535]",red,"{""brake"": true}",4.624438469720334,hybrid,normal_driving
1765199763.869623,0.6422852697650772,0.7413325688846735,-48.41052440678505,0.7295051871759805,"[0.05980561966081188, 0.10183639883373946, 0.10424210141686759, 0.22849904139426497, 0.15323879542311408, 0.5713777292564053, 0.3739649773634188]",yellow,"{""brake"": true}",0.6771570388884172,pure_ml,collision_avoidance
1765199764.869623,0.48479992844671815,0.6827140386705273,-158.50939811435813,3.3180089465357487,"[0.5369169103711526, 0.4230968804561229, 0.5869430020213546, 0.8909435616921245, 0.7826920374704363, 0.9807442899330157, 0.5898615250418127]",green,"{""accelerate"": true}",10.610592536188143,hybrid,normal_driving
1765199765.869623,0.6391593111221768,0.20685551513945633,138.18300182622755,3.3842991718690127,"[0.4919427409109996, 0.46733836850818844, 0.5601229502654193, 0.792032166750168, 0.7792900770543918, 0.8612421845121769, 0.9121230381372941]",green,"{""turn_left"": true}",6.230400648131484,pure_ml,normal_driving
1765199766.869623,0.3371055767650367,0.4884330068298282,169.0345987051002,1.4775557138918738,"[0.9088096689631576, 0.8187732578088032, 0.9418844464307543, 0.9841423954856117, 0.502942290110787, 0.9432966257180463, 0.8033682722662729]",green,"{""brake"": true}",3.268238973934751,hybrid,normal_driving
1765199767.869623,0.40270970831565156,0.6498769679177384,-37.75421017418932,3.4456555314108304,"[0.4623786114582624, 0.5311140336874994, 0.6828283160568678, 0.5496429715308438, 0.6837183061296368, 0.8011027291810903, 0.7013236644528889]",green,"{""turn_left"": true}",5.091312061982786,pure_ml,normal_driving
1765199768.869623,0.15045058127732525,0.95,-9.014827424717748,0.5225543928047167,"[0.34710945855162667, 0.28023073271658094, 0.6550956359602056, 0.5368305247281033, 0.5034789610716734, 0.6952242330729428, 0.8333061050660293]",green,"{""brake"": true}",2.86811767929027,hybrid,edge_case_road_boundary
1765199769.869623,0.10882628705899888,0.3016100285761173,155.29537520095792,1.488398832775251,"[0.0, 1.0, 0.6507622029128025, 0.35994477105603917, 0.0, 0.5175962150990305, 1.0]",red,"{""turn_right"": true}",3.222472875393297,pure_ml,sensor_failure_stuck_sensor
1765199770.869623,0.6382743101477554,0.709093884220974,174.63448657295427,4.358536490075441,"[0.4246635050547032, 0.5398831521126076, 0.9932501090284831, 0.43040118388576104, 0.5024960168836429, 0.6705683303500408, 0.9488184302727094]",yellow,"{""accelerate"": true}",8.365156517446657,hybrid,normal_driving
1765199771.869623,0.1491377467788535,0.7884000477380981,155.22650408295266,3.762565803545506,"[0.5394522989162452, 0.6081942619375866, 0.4294317733845286, 0.963947603477288, 0.8504420579383999, 0.4387370713283315, 0.5842106354957897]",red,"{""accelerate"": true}",7.973642162555713,pure_ml,normal_driving
1765199772.869623,0.31934909774786,0.6722697612151576,177.32215651575672,1.3462216511268035,"[0.12564999867517898, 0.0035715613882254973, 0.12424984522409672, 0.2955313863559834, 0.36647159625457126, 0.4358347069293351, 0.3772341262236442]",yellow,"{""turn_left"": true}",6.654254168603403,hybrid,collision_avoidance
1765199773.869623,0.24922053090705207,0.350072929346686,-8.547151488294556,2.4388887402686246,"[0.46716464166115806, 0.4019709146631948, 0.9314780150554572, 0.9614652404108415, 0.8213245334398277, 0.940323989179379, 0.5842768827753909]",green,"{""turn_right"": true}",9.90243855954905,pure_ml,normal_driving
1765199774.869623,0.2513566898782268,0.21997465326074295,-159.6897747042038,0.993263915578634,"[0.0014602382324766295, 0.059547297457279824, 0.15590928555652528, 0.2185003443659118, 0.38554438905531463, 0.3659325914048512, 0.6752061782410822]",red,"{""turn_left"": true}",-1.3084045765663803,hybrid,collision_avoidance
1765199775.869623,0.25495714495947264,0.2676426684690104,-3.7092796309001925,3.796705799782185,"[0.8110645640348955, 0.7333909842288246, 0.8885374209856278, 0.7852054848293513, 0.9795473708645789, 0.9277225982494831, 0.969074106260029]",green,"{""accelerate"": true}",14.453784387645294,pure_ml,normal_driving
1765199776.869623,0.3531308564250242,0.6575397847080473,175.67104660533872,1.34882172601736,"[0.8639598912310243, 0.8821603258907469, 0.7368049387545176, 0.45576389015704344, 0.4610115927067512, 0.7959606389375664, 0.6468574521536938]",yellow,"{""brake"": true}",4.376744416530101,hybrid,normal_driving
1765199777.869623,0.33015632142442974,0.95,-35.344251370031756,0.9284086276280246,"[0.10845221867203084, 0.3772931560958346, 0.5691125343607191, 0.45962452668140436, 0.8194808032624925, 0.6052346896246578, 0.8263679041031865]",green,"{""turn_left"": true}",3.0834331814655833,pure_ml,edge_case_road_boundary
1765199778.869623,0.5750131664357235,0.39366991725750444,163.73117590835557,0.7408969476692162,"[0.09206425952012948, 0.03784450382189491, 0.03762100643210491, 0.2062047340891901, 0.15839989669514382, 0.5083562027040793, 0.40180887193308346]",green,"{""turn_right"": true}",2.010151014544011,hybrid,collision_avoidance
1765199779.869623,0.18681232862754593,0.737589391427143,-49.97061441407277,2.008094204333026,"[0.9713594916920656, 0.404024550982036, 0.6199016691741277, 0.5067967004949289, 0.8383733796489026, 0.5749407284641308, 0.8321786215968234]",red,"{""change_lane_left"": true}",4.037443724039908,pure_ml,normal_driving
1765199780.869623,0.4627330457411749,0.4852353950290204,119.80044248266934,2.646063037943992,"[0.7835919758036634, 0.8961819088030278, 0.7173574932766045, 0.7931584413610271, 0.9766298567647842, 0.6260247330802197, 0.44884312060161774]",green,"{""accelerate"": true}",9.134714444869445,hybrid,normal_driving
1765199781.869623,0.4036788413764414,0.4889760111684248,-37.199984101533246,1.2166555975897457,"[0.5944839186433952, 0.4089294087379249, 0.8886052291666752, 0.7753428434204901, 0.565813952087879, 0.814045894172998, 0.6712301863202929]",red,"{""brake"": true}",3.3040774295320983,pure_ml,normal_driving
1765199782.869623,0.5549387235420394,0.2735284636080305,-107.89066437851136,3.984759109066343,"[0.7046061003548024, 0.407590879919487, 0.9569071122486796, 0.5050924094397561, 0.5229529770151686, 0.9852022471112702, 0.950483509186251]",yellow,"{""accelerate"": true}",7.682853429041021,hybrid,normal_driving
1765199783.869623,0.7857629076447601,0.6640959163664085,-129.33205797999,2.5607772229604633,"[0.9654637220382952, 0.8400167156486379, 0.7890998735255477, 0.9616497973004231, 0.8859146807404706, 0.6018577920314809, 0.7539134306089441]",red,"{""turn_left"": true}",3.3209121530328103,pure_ml,normal_driving
1765199784.869623,0.371174409505702,0.2849534716728147,139.32426102007858,1.0264580585508232,"[0.010403748279532433, 0.16183415476484012, 0.005269522390234371, 0.17180290648494614, 0.388023204377975, 0.42088194253932265, 0.49130510206321215]",green,"{""turn_right"": true}",7.851616207014265,hybrid,collision_avoidance
1765199785.869623,0.18039725238649604,0.95,-156.78622247081162,1.2104356973414032,"[0.3439384894732129, 0.4084498182727144, 0.5977887006125115, 0.7818733892873367, 0.6312102066275529, 0.9938250504249205, 0.9199861742379545]",yellow,"{""turn_left"": true}",3.260292067136458,pure_ml,edge_case_road_boundary
1765199786.869623,0.6502875261418384,0.67041003224658,-45.65033547503983,3.4688980350749836,"[0.4102805873373484, 0.8034459163412877, 0.9155570744757792, 0.9145235776343924, 0.9520144026646193, 0.6592555805326599, 0.7793529221292225]",green,"{""accelerate"": true}",6.259618200376921,hybrid,normal_driving
1765199787.869623,0.8310176745839035,0.2703256767699111,-158.2362215440676,4.722042587271621,"[0.6691878534771681, 0.6593794931227887, 0.7551680311716069, 0.6693978999345868, 0.8575548085429914, 0.9498670489898946, 0.7224963329839016]",red,"{""accelerate"": true}",-25.90783412164281,pure_ml,traffic_violation
1765199788.869623,0.725138168253607,0.2561360383616955,10.267389369742604,1.8199902580050353,"[0.8199350235335818, 0.8291456797892633, 0.9788675982670848, 0.8892710508270719, 0.8681540381600787, 0.8574187396866555, 0.5200932928738351]",green,"{""change_lane_left"": true}",7.00390946583373,hybrid,normal_driving
1765199789.869623,0.7309341385120821,0.6308722663138706,-23.958309874528144,4.555000114193729,"[0.8355741330736594, 0.9008239227214558, 0.7131311553929849, 0.8220131645018631, 0.8633160735512928, 0.7045668897934564, 0.9345207563442858]",red,"{""accelerate"": true}",-11.634510289120964,pure_ml,edge_case_speed_limit
1765199790.869623,0.5446930527174833,0.24342243704017397,-4.656466026036726,2.6137068965395343,"[0.9921312300993053, 0.4694485163691501, 0.939807305951973, 0.6676028180797531, 0.677475347339732, 0.44722175219761834, 0.6384204273302854]",yellow,"{""accelerate"": true}",13.362403886825035,hybrid,normal_driving
1765199791.869623,0.5185055027521849,0.2923505083921586,51.940675889009796,3.2676231542663956,"[0.9563189986753282, 0.8471263099704895, 0.49541782104207616, 0.7236975891771287, 0.8587100223078512, 0.5046968828582116, 0.699951413151972]",green,"{""accelerate"": true}",12.09568136833827,pure_ml,normal_driving
1765199792.869623,0.7468764010543737,0.541774653928371,-143.51216329632152,0.9584660654814703,"[0.40322988841877605, 0.5966090238770542, 0.4926822355496687, 0.49443551074955217, 0.5558212921722392, 0.5642183990487254, 0.6480413619721962]",green,"{""brake"": true}",5.716579600600609,hybrid,normal_driving
1765199793.869623,0.7355214417224986,0.5334882931334894,-8.189285189594054,0.8077560679651185,"[0.8, 0.0, 0.8, 0.6574879584843676, 0.709735932102737, 0.5969154087622425, 0.4270437192647634]",green,"{""brake"": true}",-4.9694306264696095,pure_ml,sensor_failure_partial_failure
1765199794.869623,0.2059868419486886,0.30119961558324715,174.073745609548,3.660249545539107,"[0.44198094989236747, 0.6728334911772291, 0.9142326237789097, 0.5651583858594611, 0.6959170769797958, 0.5418787973831892, 0.47587129234207715]",green,"{""change_lane_left"": true}",6.252525418411013,hybrid,normal_driving
1765199795.869623,0.617436129632128,0.7966592824055021,121.2894111715001,2.479448948624969,"[0.4530348201685476, 0.9781808770329634, 0.5887136323919893, 0.6917859233571386, 0.6582895488550216, 0.8971985646418715, 0.6300804253860411]",green,"{""turn_right"": true}",9.26527493402017,pure_ml,normal_driving
1765199796.869623,0.3920432653822411,0.6378463651427859,115.18218706460374,3.0761948341375165,"[0.4067685443927741, 0.6608306219055617, 0.8811558859901697, 0.7320319499305821, 0.8023755629967838, 0.88892822980296, 0.7643002118627631]",green,"{""change_lane_left"": true}",4.258061158329801,hybrid,normal_driving
1765199797.869623,0.45556039522414504,0.44908435459819407,0.560514851080294,2.297816552215873,"[0.5855329316916423, 0.9778713464610239, 0.9713233622695343, 0.7838848684550427, 0.5571530384786476, 0.6057156888422163, 0.8855512915362663]",red,"{""change_lane_left"": true}",9.33356654383623,pure_ml,normal_driving
1765199798.869623,0.3501148543294622,0.3081094099538844,40.4187276438201,3.1613180108707635,"[0.6652905675307799, 0.6950156603830566, 0.48301105068346484, 0.4254072768975185, 0.4028530259801631, 0.82144559091505, 0.740015556581828]",green,"{""change_lane_left"": true}",9.604364677261117,hybrid,normal_driving
1765199799.869623,0.7716291965554755,0.5902417812370733,-8.506707132884683,2.868264951297549,"[0.7812150008026248, 0.999782385116348, 0.9332522914913439, 0.4058713858566532, 0.8499788136519151, 0.8614853188187379, 0.4279077072729775]",yellow,"{""turn_right"": true}",6.204473555305508,pure_ml,normal_driving
1765199800.869623,0.4975626892026783,0.3971654905213961,114.80266772352786,3.429585662490041,"[0.6591844596707097, 0.541874458908802, 0.4659251869521024, 0.9528600201633325, 0.7727077611005355, 0.9728599425746962, 0.6442286072445877]",green,"{""turn_right"": true}",8.438029759390627,hybrid,normal_driving
1765199801.869623,0.582954624109773,0.95,-6.735145719645883,1.6035752509001546,"[0.18199574137214422, 0.47394661351236106, 0.32746425269284085, 0.6759138519058129, 0.826925795998283, 0.6582823815259274, 0.8543346009063435]",red,"{""brake"": true}",-2.415903682789158,pure_ml,edge_case_road_boundary
1765199802.869623,0.2011570697214535,0.7038679683105995,88.2749648019093,1.7632647539801671,"[0.15306662291600168, 0.1409457361758046, 0.0342235563481274, 0.1486363308368763, 0.3057266133865919, 0.44526513936087175, 0.3234677087734043]",yellow,"{""turn_left"": true}",-0.786160275190074,hybrid,collision_avoidance
1765199803.869623,0.5791396350393793,0.6549372703411542,-41.28126041921277,4.785811232321518,"[0.7408310629649447, 0.8065856731614987, 0.6810666438804048, 0.8943011148176804, 0.6015170228212617, 0.6670774520625186, 0.9144821425864053]",yellow,"{""accelerate"": true}",-42.7571844076734,pure_ml,traffic_violation
1765199804.869623,0.41506871253117295,0.24625625305055626,162.68777294669147,2.077302806616105,"[0.42113165431324034, 0.7085709919464418, 0.9312127955077847, 0.5404951894284045, 0.6068458147756451, 0.8526849436198418, 0.9958789603920197]",yellow,"{""accelerate"": true}",5.56368766667625,hybrid,normal_driving
1765199805.869623,0.6235049756232522,0.25214071057936926,-173.928257661929,4.2520637303455295,"[0.9398304453396882, 0.5284383419171226, 0.6889001251954245, 0.9343200811647996, 0.8710256512681275, 0.6054981511296209, 0.6956001882070391]",red,"{""accelerate"": true}",13.36813852426458,pure_ml,normal_driving
1765199806.869623,0.71174828922173,0.5297929762983019,47.38236222732838,2.0146192398840586,"[0.6045260844848358, 0.9878084502504899, 0.5557926605442362, 0.7847999331356001, 0.9027229574738329, 0.5938591424428781, 0.649250952847741]",green,"{""change_lane_left"": true}",10.015185680331044,hybrid,normal_driving
1765199807.869623,0.15951447869835444,0.34355007725567066,162.53282705230694,0.26713330801905244,"[0.15703252891985806, 0.031472296820429894, 0.14582585700822556, 0.13619270089520782, 0.16848613963641657, 0.21570468991146272, 0.6407094415140875]",green,"{""brake"": true}",-1.1409610000062749,pure_ml,collision_avoidance
1765199808.869623,0.5552147744955473,0.7787796515567691,-90.29733747801826,4.865213244477295,"[0.9789355558302651, 0.9676579684204342, 0.9381315198784272, 0.817720304102864, 0.739044745377049, 0.975338450418475, 0.718980395946422]",red,"{""accelerate"": true}",-12.042038370630204,hybrid,edge_case_speed_limit
1765199809.869623,0.21709637954116623,0.3290465651223712,-74.10606198664739,3.16613555543109,"[0.731056960691705, 0.6088218077298645, 0.760707003759695, 0.4493643439456831, 0.4628379762935682, 0.9863040110672118, 0.7158504636507776]",green,"{""accelerate"": true}",5.235335440007207,pure_ml,normal_driving
1765199810.869623,0.7156018033761585,0.3068333302655533,-33.45742717071943,2.2726344005346037,"[0.9615650962000463, 0.4972958166250609, 0.4242396122214318, 0.5066288356639648, 0.7503299580936094, 0.7930724278823793, 0.457388025079537]",green,"{""change_lane_left"": true}",11.399145515123545,hybrid,normal_driving
1765199811.869623,0.6626595272810294,0.6080983260130401,-72.56262870189825,3.106104590134499,"[0.4009641026640043, 0.9187341573068369, 0.5440408787497605, 0.5832031545790608, 0.9526001764514911, 0.5633551897563449, 0.8399139312689494]",yellow,"{""turn_left"": true}",6.001283802665848,pure_ml,normal_driving
1765199812.869623,0.23103531647216596,0.95,-143.1777312628999,0.6689673089387134,"[0.39538270899966943, 0.2724059174941324, 0.5386082599424384, 0.5727273861821263, 0.8830764622295253, 0.7867701973192209, 0.8036149439636219]",red,"{""turn_right"": true}",5.31372976701482,hybrid,edge_case_road_boundary
1765199813.869623,0.6700349670519433,0.7814690311405308,-147.30906118813732,3.5381786467514162,"[0.7086534658073506, 0.8809543554025432, 0.7400506936964701, 0.8468607257328702, 0.8290546810270727, 0.9635673584897778, 0.8900056971258421]",red,"{""turn_right"": true}",-3.1632963631265945,pure_ml,traffic_violation
1765199814.869623,0.29658346025890703,0.5327886149487767,154.05894906053638,3.249411307315766,"[0.9500631956718045, 0.945214736678168, 0.6376547844260884, 0.6134159663308513, 0.7916540118140671, 0.7158043558298757, 0.8196856939459713]",red,"{""turn_right"": true}",-17.92563196173811,hybrid,traffic_violation
1765199815.869623,0.17147936339618433,0.30763614077551643,99.00630663296955,2.9848745535311743,"[0.4329267623575077, 0.5594559067972306, 0.42828544783431477, 0.4395191858426678, 0.8938866414375033, 0.6365548767157165, 0.5888272258057022]",green,"{""change_lane_left"": true}",8.043817705795677,pure_ml,normal_driving
1765199816.869623,0.5397651694319736,0.5353201973437907,175.1283626786739,2.0096522143138875,"[0.6160291927196201, 0.7889332753502118, 0.9443003752884042, 0.9932484494174197, 0.8257401914118494, 0.7575099453837013, 0.6438769804298206]",yellow,"{""accelerate"": true}",7.905784691089459,hybrid,normal_driving
1765199817.869623,0.37785808861403336,0.95,-158.862022448648,1.5774466842427968,"[0.45237252712384635, 0.4940049719581849, 0.3897197989574428, 0.4413812512113576, 0.596842573324442, 0.6372523159581599, 0.7458517148228965]",yellow,"{""turn_left"": true}",7.7078882977009044,pure_ml,edge_case_road_boundary
1765199818.869623,0.154137572320922,0.7606705970686747,102.84920007202446,4.667954855250882,"[0.9167023507645942, 0.7618089418932009, 0.7066775514593356, 0.7472874670202638, 0.9325156829698966, 0.7352154060140569, 0.8809824641696394]",red,"{""accelerate"": true}",-5.056320526722297,hybrid,edge_case_speed_limit
1765199819.869623,0.8970286497392431,0.6868724480876767,-25.2511323583225,3.3172651112066758,"[0.6418267133417862, 0.851314305534948, 0.5579090654273668, 0.9681373843320278, 0.8458340316328816, 0.470984807319761, 0.6717138462552835]",green,"{""turn_left"": true}",5.984528655626106,pure_ml,normal_driving
1765199820.869623,0.74343458849193,0.7204399734909319,-109.2308206548597,4.571892312996235,"[0.9598967132780142, 0.9678864314139974, 0.9634600263614824, 0.9839541469786652, 0.6373852016717829, 0.723948709066752, 0.6318972391765308]",red,"{""accelerate"": true}",-23.922565630628295,hybrid,traffic_violation
1765199821.869623,0.44751414005183443,0.7618984757343608,178.80641268709888,3.6521955051188035,"[0.6524562187973217, 0.8527357638928622, 0.9247783383666993, 0.9765772980090844, 0.9271088170815912, 0.7236122613678192, 0.6822787182482479]",yellow,"{""accelerate"": true}",7.002258577771205,pure_ml,normal_driving
1765199822.869623,0.8913143108049798,0.4233407993520033,-101.44775192909611,0.6783028780571794,"[0.1532850660826397, 0.02703967640217371, 0.05404718123561086, 0.24040843095236986, 0.25660037428692345, 0.3608821235437465, 0.6562279803676413]",green,"{""brake"": true}",0.7988785774254215,hybrid,collision_avoidance
1765199823.869623,0.24207516930879508,0.6556525985291553,-136.97824172976533,4.046437396586666,"[0.931158394799341, 0.9096582286419476, 0.8788780012284141, 0.4861879120626728, 0.5656026342381558, 0.8823385502180211, 0.8311100507150391]",red,"{""accelerate"": true}",9.45174390339842,pure_ml,normal_driving
1765199824.869623,0.6422685498624279,0.7721036666969028,-134.55847342569004,1.0588560737220152,"[0.1475323133574859, 0.047875180937542484, 0.024352911511109056, 0.15708553925478247, 0.351445112364153, 0.32310121009249804, 0.6845580751119976]",yellow,"{""turn_right"": true}",9.86192995153391,hybrid,collision_avoidance
1765199825.869623,0.8356552948422282,0.3021676154052701,-30.43574081395951,2.89681689826259,"[0.6551641947302329, 0.46710097402577977, 0.9175859107333179, 0.9761727523473603, 0.7891783064191784, 0.4517926294404424, 0.4534027318961142]",yellow,"{""change_lane_left"": true}",4.154350901601591,pure_ml,normal_driving
1765199826.869623,0.6404912740991178,0.485678260176094,-51.8839251492248,1.1262176373908417,"[0.12041463996175888, 0.1904116157827832, 0.27113119196221436, 0.20615720157505954, 0.2807979793283429, 0.5611114799326611, 0.5739880787942413]",red,"{""accelerate"": false}",4.141495700011816,hybrid,edge_case_extreme_weather
1765199827.869623,0.1565367515864228,0.6620703748140706,-57.35351188220773,2.4102407835058908,"[0.4252235875808288, 0.5885462803591383, 0.9824053426638488, 0.66100456688161, 0.7759120999201259, 0.4972079354086698, 0.7569797318424983]",red,"{""change_lane_right"": true}",11.346601409694745,pure_ml,normal_driving
1765199828.869623,0.7742949022862918,0.6192939340314918,71.21391952436849,4.313739139736276,"[0.5380789093705661, 0.5640378505357758, 0.5791354525724642, 0.5673405833761136, 0.7157708544814323, 0.6550921279604389, 0.8447570645551352]",yellow,"{""accelerate"": true}",12.769617178398354,hybrid,normal_driving
1765199829.869623,0.5382510005046344,0.3213824373364362,-125.61409674445537,1.6903998118784627,"[0.1, 1.0, 0.1, 1.0, 0.6777279705647273, 0.5363285492565405, 0.5560800253950762]",yellow,"{""turn_right"": true}",-0.19596661255070913,pure_ml,edge_case_sensor_edge
1765199830.869623,0.44565053166588386,0.32472042414346897,-11.068289620844228,4.933028548822713,"[0.851883142876855, 0.8631603634268246, 0.8768511417755, 0.6976491340904041, 0.6511936393560104, 0.8337335819864895, 0.8631757351608124]",red,"{""accelerate"": true}",-33.45798608052093,hybrid,traffic_violation
1765199831.869623,0.45913918763092043,0.7633858523991226,60.41040884971886,1.862560199283925,"[0.7228181759516346, 0.41113278978538365, 0.7556232035928712, 0.5653559465825454, 0.888628434820318, 0.7077122692665614, 0.8047697129391268]",red,"{""change_lane_left"": true}",11.769875829012573,pure_ml,normal_driving
1765199832.869623,0.3795673062290891,0.20649473147251388,-109.65378863030273,3.04230559877371,"[0.8887669272672938, 0.5141551168341418, 0.5168985957624369, 0.7876217618785186, 0.8880493777027236, 0.47738030213107596, 0.44746476400447815]",green,"{""turn_left"": true}",5.169129688940373,hybrid,normal_driving
1765199833.869623,0.327273296257095,0.37982782456912456,-60.43010650816794,2.233162048949311,"[0.9879109847298682, 0.43763961862252243, 0.7720844488253235, 0.5984951201318857, 0.6523489562594225, 0.7171533752385859, 0.8531077100963842]",green,"{""accelerate"": true}",13.97920118810855,pure_ml,normal_driving
1765199834.869623,0.8962834767444564,0.7426901922848019,-125.67800908115024,4.603239315722807,"[0.9739796667339223, 0.8363045306496799, 0.8750190519234821, 0.9856011737212872, 0.7444101204900184, 0.7733687911267061, 0.8017676195506914]",green,"{""accelerate"": true}",-6.435011826574083,hybrid,edge_case_speed_limit
1765199835.869623,0.17048590559459065,0.39699718524425454,144.95585973689558,3.0071587572959846,"[0.8000637409232726, 0.9147015606255533, 0.8583290398812583, 0.931036229870301, 0.6949580771622217, 0.40457240909485126, 0.8366729967481312]",red,"{""turn_right"": true}",5.572265109837221,pure_ml,normal_driving
1765199836.869623,0.7430654389130423,0.38308699663485757,-55.016862075108975,3.3507848789697467,"[0.6527129704627315, 0.4473302506458758, 0.5790351378686784, 0.8126606313518021, 0.7088535432389755, 0.7324954097277099, 0.9512391718180021]",red,"{""turn_left"": true}",3.519647553241802,hybrid,normal_driving
1765199837.869623,0.14232310085476457,0.6468564536269754,147.98340083583295,3.077372508359803,"[0.49072119558603433, 0.9704604072314935, 0.9906566845167879, 0.9630556489563769, 0.8781655632724764, 0.6984633907371915, 0.45138495591483185]",green,"{""turn_left"": true}",7.277000549538041,pure_ml,normal_driving
1765199838.869623,0.2162928408935094,0.4753843711312932,136.15155790204065,4.479273820468189,"[0.8026559663112514, 0.7126727504924634, 0.9845855940351611, 0.9990027525813129, 0.9275510031233613, 0.9770412425368115, 0.8938889710025965]",red,"{""turn_right"": true}",-16.24040320856678,hybrid,traffic_violation
1765199839.869623,0.7551284837639386,0.3879549709251342,151.65290433139143,2.2790504920707164,"[0.8690434607099369, 0.9790261558486004, 0.5233089854977221, 0.7534526050978838, 0.8567188942957614, 0.6905012351646227, 0.7286187513465872]",green,"{""change_lane_right"": true}",4.4298061770000245,pure_ml,normal_driving
1765199840.869623,0.11667544371880814,0.6972874596821342,53.16241244054162,0.10624328171571229,"[0.0, 0.0, 0.0, 0.0, 0.0, 0.0, 0.0]",green,"{""brake"": true}",-20.120511930557214,hybrid,sensor_failure_complete_failure
1765199841.869623,0.32644456371304087,0.2713451426620571,136.25513988089912,0.3529915822395514,"[0.02692718452500316, 0.19653455970440098, 0.05171671661706326, 0.2226801909077194, 0.23475659952347103, 0.23677892417281834, 0.6197235485074615]",yellow,"{""brake"": true}",-3.9956106344524507,pure_ml,collision_avoidance
1765199842.869623,0.46343800261184775,0.3162930595411704,1.7646099743519565,0.9989277975812135,"[0.08399972744938283, 0.16154621493998417, 0.1834451997681358, 0.257343362232729, 0.39501489050066874, 0.20429730644634692, 0.6113832841974953]",yellow,"{""turn_left"": true}",6.38464649432337,hybrid,collision_avoidance
1765199843.869623,0.38991877730638613,0.5101931627663556,167.7511676365573,2.640987908626096,"[0.7101908182616976, 0.6785638000187308, 0.49235492500712363, 0.8414936404039064, 0.5616555684633838, 0.9813332378128826, 0.5613706036923344]",green,"{""accelerate"": true}",10.10229771150502,pure_ml,normal_driving
1765199844.869623,0.5813300859907778,0.4502048233406781,38.68178775862154,4.890915002819587,"[0.8417720971453537, 0.9505380756977696, 0.9223657373922891, 0.8238649750494673, 0.9652438797081726, 0.9900214425739895, 0.8425873626115805]",yellow,"{""accelerate"": true}",-5.056635185562017,hybrid,edge_case_speed_limit
1765199845.869623,0.3148393021825857,0.23306828068102964,-0.39400275833841053,0.10355585261192868,"[0.04927972151546074, 0.004411110973547116, 0.16173782211338844, 0.284427123820456, 0.33336904240361565, 0.32218132350757, 0.48332353303748704]",green,"{""brake"": true}",0.13425032174554374,pure_ml,collision_avoidance
1765199846.869623,0.8225044616523486,0.6265256200293401,-52.15353958149928,0.03526379004016578,"[0.12226280993589633, 0.09007175970918208, 0.10450891295842171, 0.2981904145345611, 0.13980972844465217, 0.21654280690113642, 0.7235726385158586]",green,"{""brake"": true}",-4.376719797661578,hybrid,collision_avoidance
1765199847.869623,0.37060248154582764,0.05,133.0790022658843,1.5314982573986131,"[0.4934914941331886, 0.5327729087927788, 0.5687769002685865, 0.6538922139337169, 0.7704253204202459, 0.9151727334098202, 0.8911860415539379]",yellow,"{""turn_right"": true}",4.539941911472219,pure_ml,edge_case_road_boundary
1765199848.869623,0.3299163541459212,0.5976598510720508,-24.354512669711994,2.0055931259717488,"[0.4973830829992681, 0.9441742515040139, 0.6463793728092786, 0.6070406507234136, 0.8462981415747328, 0.6678066486973833, 0.7649867633427059]",yellow,"{""accelerate"": true}",8.475160956234074,hybrid,normal_driving
1765199849.869623,0.14767567749064414,0.6836392484857139,-100.5095268271296,1.7639188842315838,"[0.5402226470957909, 0.5956944615522812, 0.6082126454330564, 0.5617497233434857, 0.4828727105039752, 0.8692745703540575, 0.527875283686873]",green,"{""turn_left"": true}",6.806212033387221,pure_ml,normal_driving
1765199850.869623,0.38269987254756965,0.5416550932783954,147.43200888072386,2.5770739801300615,"[0.673351010631307, 0.8553959975584453, 0.8698649421624927, 0.8118210101065906, 0.7508800909443798, 0.7703568229647386, 0.801280281305019]",green,"{""accelerate"": true}",7.382797756819965,hybrid,normal_driving
1765199851.869623,0.3495687584058585,0.41914229796251956,-140.76287303637557,3.0876653110893293,"[0.7239878196471392, 0.8885631104116587, 0.6541450480927815, 0.5659698694664936, 0.43648491324101385, 0.7423963530259421, 0.712247142581703]",yellow,"{""accelerate"": true}",6.7680883060593064,pure_ml,normal_driving
1765199852.869623,0.511396844137926,0.26694706037462973,105.03409824418017,1.9978797580565422,"[0.4175139888872975, 0.8676642657213907, 0.7385268231955806, 0.7602734823350867, 0.8590832667957725, 0.9474498601361109, 0.8989652646847319]",green,"{""turn_left"": true}",9.643777565532956,hybrid,normal_driving
1765199853.869623,0.3053656818091056,0.23029726618989266,133.25675391906137,4.792910411611423,"[0.8498288469539903, 0.8013481384840969, 0.8495363375728866, 0.9111611077559074, 0.737243797773152, 0.8185102251227173, 0.7559057808228684]",green,"{""accelerate"": true}",-0.5248306888432044,pure_ml,edge_case_speed_limit
1765199854.869623,0.6056118991700258,0.6836150592775481,-7.509365011938259,1.3806610116308458,"[0.021467984154196817, 0.012556177498001732, 0.15651778911689074, 0.13850131557788223, 0.36749290836040927, 0.22126666913173218, 0.5060282642970793]",yellow,"{""turn_left"": true}",4.689544998053629,hybrid,collision_avoidance
1765199855.869623,0.11919899526431994,0.6867766132688222,12.285093954079445,2.5637629808723714,"[0.6925355217069944, 0.637360176924856, 0.7087634528564876, 0.6510773181410533, 0.5016506462452315, 0.40556166926534365, 0.930519742413155]",green,"{""accelerate"": true}",8.252667921260588,pure_ml,normal_driving
1765199856.869623,0.7502287512516318,0.2787266183875384,109.47374556860825,0.5965305589919327,"[0.06801282378275685, 0.14909258855064234, 0.12276704170831032, 0.18805795274250234, 0.1117143628095647, 0.2824558431700902, 0.7936776875344442]",yellow,"{""brake"": true}",-3.927813961974051,hybrid,collision_avoidance
1765199857.869623,0.5267417732269339,0.2246914087895372,-75.84518368423535,2.073449103604567,"[0.8272450263749965, 0.9501713524481707, 0.7477133157141331, 0.4439785339826358, 0.612619122648987, 0.4677473455666089, 0.5640294642427472]",green,"{""accelerate"": true}",6.718536201643167,pure_ml,normal_driving
1765199858.869623,0.2874147834235572,0.35360544426328366,-23.310354444534973,4.137428476751456,"[0.8225262653610451, 0.9028450006024181, 0.7075403937088698, 0.9748104882347558, 0.7848459338981443, 0.6450365204301413, 0.7970887035039312]",red,"{""turn_right"": true}",1.5955043834871887,hybrid,traffic_violation
1765199859.869623,0.8620856268656836,0.44804607229315263,18.653623188631503,0.6911048044570851,"[0.12172442654593432, 0.0763674585296511, 0.13884482805378184, 0.24181886920913312, 0.16272989587609443, 0.24026146043841298, 0.7201910603409756]",yellow,"{""brake"": true}",4.629108150826452,pure_ml,collision_avoidance
1765199860.869623,0.1801160515214428,0.2383821430744073,-159.3251034665522,3.89783395639203,"[0.6443967644666404, 0.42508360127356815, 0.4116999737716602, 0.40592792165642905, 0.9511111767799776, 0.9931589842522118, 0.5088313660638812]",yellow,"{""accelerate"": true}",13.510757499453248,hybrid,normal_driving
1765199861.869623,0.4534650800577198,0.31794545601952195,32.477619549769095,3.36535191686305,"[0.6658499700094707, 0.5257366163428896, 0.7547134642529949, 0.7671753640971313, 0.548972183341785, 0.5223656010185287, 0.8012989541087336]",green,"{""accelerate"": true}",14.235736145705696,pure_ml,normal_driving
1765199862.869623,0.784255783510344,0.3668751393939642,-45.22670818954503,4.848018126179795,"[0.9685425024657957, 0.7936869894696524, 0.8482623939904939, 0.8954253596306887, 0.9500950023949235, 0.7326471757716033, 0.7309075535484079]",red,"{""accelerate"": true}",-9.989059685586188,hybrid,edge_case_speed_limit
1765199863.869623,0.6286725040936203,0.29098405564239777,19.84311987753809,0.18699737361006707,"[0.044855494907990415, 0.11657484656373313, 0.09575403678360353, 0.1132860454620524, 0.21474041649243494, 0.3023433203230862, 0.41910912415730944]",yellow,"{""brake"": true}",-6.25636260581919,pure_ml,collision_avoidance
1765199864.869623,0.7108114489435186,0.23537826771658332,52.94099442513674,2.1404251036566526,"[0.7406999733470443, 0.8985416236310411, 0.730410549126123, 0.6273759411408323, 0.9657685568243551, 0.5125985247397948, 0.9428271787021947]",green,"{""turn_left"": true}",9.095195798957523,hybrid,normal_driving
1765199865.869623,0.2303099611266621,0.22231119051377946,49.22876359839556,4.288004924467713,"[0.9469747150913004, 0.6157432601548171, 0.9651652594438275, 0.8089103477081252, 0.8055664359020253, 0.6734519467005377, 0.8856331812371347]",red,"{""accelerate"": true}",-14.226861779836078,pure_ml,traffic_violation
1765199866.869623,0.32988491466208525,0.528770327050851,127.37278884153883,0.31629676789248395,"[0.19291903551466535, 0.04895867714792046, 0.01902191115110237, 0.17546508277525893, 0.33599447031501595, 0.49668324283577536, 0.6298199107557481]",yellow,"{""brake"": true}",-8.61471239866168,hybrid,collision_avoidance
1765199867.869623,0.700741017204697,0.23869249592088998,52.505965821047894,3.3562282115688444,"[0.7809820007730566, 0.48952261509677636, 0.7168930433294631, 0.9050049921127246, 0.7608792637572872, 0.6533744498686159, 0.8844796705746416]",yellow,"{""accelerate"": true}",5.025863349490613,pure_ml,normal_driving
1765199868.869623,0.681518749902601,0.35280036532580883,20.164683039935397,2.182158429751677,"[0.6405772216275508, 0.428891532759115, 0.5790551736674805, 0.5891052968309686, 0.781353805673543, 0.9910954154491531, 0.4085049349845542]",green,"{""change_lane_right"": true}",5.0800653971592595,hybrid,normal_driving
1765199869.869623,0.11661949874760413,0.7908374517992727,136.26458995840196,1.9597856834238383,"[0.0, 1.0, 0.3787259182148613, 0.5418002522412682, 0.0, 0.321738205513291, 1.0]",red,"{""turn_left"": true}",-5.9894823976911775,pure_ml,sensor_failure_stuck_sensor
1765199870.869623,0.8265841596753936,0.35122308427107307,41.678234292825984,0.35158926583604483,"[0.0, 0.0, 0.0, 0.0, 0.0, 0.0, 0.0]",green,"{""brake"": true}",-15.558840148765547,hybrid,sensor_failure_complete_failure
1765199871.869623,0.5900093246386486,0.24763745377325205,-72.39560493508009,4.05407795588623,"[0.8931543547527508, 0.8312924505260979, 0.8337265877515617, 0.9104268858042893, 0.8632916221267379, 0.8662866789920358, 0.9794179989176796]",red,"{""accelerate"": true}",-38.80384921846952,pure_ml,traffic_violation
1765199872.869623,0.7042034289833661,0.42757119105210684,-98.80211795857188,1.099188075526623,"[0.036119611995523514, 0.16300047174278834, 0.08417063953298941, 0.18197833094246327, 0.29975200823265474, 0.33325397012999675, 0.6664448541528893]",yellow,"{""turn_left"": true}",0.41097433016959606,hybrid,collision_avoidance
1765199873.869623,0.22669753055909692,0.44215311733491497,-32.27081857364839,1.599627741951434,"[0.46548794055531917, 0.6506071508146054, 0.7541843940024585, 0.9201187514280282, 0.6100848680597967, 0.6239979634313074, 0.6715998646579157]",green,"{""turn_right"": true}",6.346853491777528,pure_ml,normal_driving
1765199874.869623,0.5083499120475031,0.5698276059350742,-131.342518310865,4.649899811642713,"[0.7101598472133934, 0.9228594698661472, 0.9259121914358772, 0.9631835827186601, 0.7791262726376222, 0.7743536197292963, 0.749461195058027]",green,"{""accelerate"": true}",-1.1551428631762946,hybrid,edge_case_speed_limit
1765199875.869623,0.8535742007808931,0.5939499783432145,157.54699986690355,2.0328041455085617,"[0.46613925357146335, 0.8000397301310114, 0.8343046330971542, 0.7135216262014104, 0.4009304384044376, 0.999793299905127, 0.7902841378305372]",green,"{""change_lane_left"": true}",8.488397170755803,pure_ml,normal_driving
1765199876.869623,0.8852980824602921,0.6759324165318552,77.58405762181079,0.2824511083209519,"[0.11850133956312665, 0.1547273865370914, 0.29755411407857374, 0.3233798026660717, 0.49267791485423995, 0.42786413582904925, 0.41147588532278306]",yellow,"{""accelerate"": false}",-3.6730192942438324,hybrid,edge_case_extreme_weather
1765199877.869623,0.5538428306450814,0.6989871257876002,-78.71343017764185,4.6397249310737045,"[0.829398822695127, 0.9316133717835158, 0.989470580779158, 0.6226074221475942, 0.830272586591358, 0.6849396299307458, 0.6655598274055862]",red,"{""accelerate"": true}",-30.294469069138206,pure_ml,traffic_violation
1765199878.869623,0.42547421227190874,0.7100569339917697,-157.9785571198,4.280370338947014,"[0.406173651270641, 0.8151702351027493, 0.937508197191301, 0.4378792084958209, 0.8637860458768193, 0.7699784891914061, 0.6693095890830285]",red,"{""accelerate"": true}",10.18752150190208,hybrid,normal_driving
1765199879.869623,0.3937177148286096,0.7817426563886503,37.82028058968523,0.08755267650380871,"[0.17791295240583838, 0.09509772537580224, 0.07496200607340313, 0.21987869121586284, 0.3215418656894574, 0.3158861394872595, 0.5938936951192498]",green,"{""brake"": true}",-5.686916752694994,pure_ml,collision_avoidance
1765199880.869623,0.6332465204183502,0.21361332342628542,-26.148405584125406,0.7453203578123531,"[0.8, 0.8, 0.0, 0.44611734022657545, 0.7567814319667777, 0.7441621246677534, 0.7237657075002526]",red,"{""brake"": true}",-12.898911286741912,hybrid,sensor_failure_partial_failure
1765199881.869623,0.2380312530934222,0.6969915773990201,-8.612121134822702,2.8078091083187413,"[0.46110403815205075, 0.8429167673405351, 0.7065291194445749, 0.792238418823648, 0.8968427537132753, 0.40804489977093117, 0.9376346386480547]",green,"{""turn_right"": true}",8.453951383469894,pure_ml,normal_driving
1765199882.869623,0.7906762444464851,0.40217614146179953,-79.399115651573,4.549746737485616,"[0.864962417082143, 0.7979719393777867, 0.8849837228557693, 0.9409346425069818, 0.7032069124089986, 0.8334731098816787, 0.6051055284798784]",red,"{""accelerate"": true}",-43.19794624772781,hybrid,traffic_violation
1765199883.869623,0.2258149401272707,0.5437686308357103,141.3745567420316,3.2696134131654633,"[0.967398452913278, 0.5131251935154437, 0.4830963004166728, 0.9521604836798506, 0.8745361393351005, 0.7881425241931956, 0.7964866391921422]",green,"{""accelerate"": true}",7.18027443048878,pure_ml,normal_driving
1765199884.869623,0.19221060729941133,0.583790380382722,138.4924403487855,2.1139606621146703,"[0.8694446841835789, 0.5910005551823156, 0.884722324477415, 0.5427962602525851, 0.7352201074082494, 0.713778192076132, 0.5219145353757237]",green,"{""brake"": true}",4.438755301015197,hybrid,normal_driving
1765199885.869623,0.5999839222443817,0.6495965784015383,4.909171056731129,3.0935490267666506,"[0.8614970633949157, 0.945500741947655, 0.7444030378364097, 0.8758845586004946, 0.4906370631935197, 0.8203820472013721, 0.7724593491778948]",green,"{""turn_left"": true}",8.737546031787318,pure_ml,normal_driving
1765199886.869623,0.8506176775477394,0.5918300990983043,-32.122077782507226,1.8365059495595164,"[0.4512755065228913, 0.8678998510107103, 0.44786451336446587, 0.8993085163727674, 0.6943930423860851, 0.8449914650317598, 0.4864503876433095]",yellow,"{""turn_left"": true}",4.959632446761603,hybrid,normal_driving
1765199887.869623,0.6053453283240874,0.7404981185314607,48.298802522306666,3.4391911080399824,"[0.8390493997951216, 0.5475969010647826, 0.9237270185209272, 0.48569626257152854, 0.8061598463762233, 0.5219114040863662, 0.7225282051525973]",green,"{""turn_left"": true}",5.371016485245282,pure_ml,normal_driving
1765199888.869623,0.7136005493934697,0.3821532412022151,0.42380561906345166,4.016113249820367,"[0.48016091654855664, 0.593396422070792, 0.4614139418581678, 0.4023243272023592, 0.6497901972367965, 0.43649443388876247, 0.9685382475008131]",green,"{""accelerate"": true}",11.880164939167033,hybrid,normal_driving
1765199889.869623,0.4435067049210907,0.21407358049869674,-33.15316779724145,0.011735842491432114,"[0.0832990062961945, 0.030184260408008923, 0.1124045299144816, 0.20759610463426986, 0.17172197037594475, 0.46787877613093337, 0.35627940986566053]",green,"{""brake"": true}",-6.249883953297606,pure_ml,collision_avoidance
1765199890.869623,0.2158029475190534,0.4326944942687587,104.68954081943191,4.34319130326359,"[0.5347814027045736, 0.441239455339872, 0.9976573330291502, 0.8414289372105009, 0.7109855269679329, 0.8334933063429942, 0.9370057688935509]",green,"{""accelerate"": true}",8.939566674099813,hybrid,normal_driving
1765199891.869623,0.19156125071127114,0.2577169286722067,63.430904773912346,4.979813323061393,"[0.9438240890619238, 0.8004857595414224, 0.7592242076359063, 0.8141936837099173, 0.8674963460480676, 0.7509760877849807, 0.7124028674767078]",green,"{""accelerate"": true}",-33.62529349425728,pure_ml,traffic_violation
1765199892.869623,0.4015927416575994,0.4664356313813358,27.62611154955121,2.579346032113702,"[0.9675974996780763, 0.9555143014078562, 0.840988342167108, 0.4028405710721774, 0.6080959549336116, 0.8632426367294457, 0.6448518731878136]",green,"{""change_lane_right"": true}",4.814241078811744,hybrid,normal_driving
1765199893.869623,0.14701687524390153,0.5648687930595577,-96.12081054320491,2.318961072499284,"[0.5002630398930699, 0.4559669171589535, 0.5312799057588531, 0.6253835133247442, 0.8538555304827096, 0.9365333303643905, 0.5467728100013574]",green,"{""accelerate"": true}",5.152620203002769,pure_ml,normal_driving
1765199894.869623,0.7632339973333678,0.4300249625113577,-96.83477425092376,2.2578422160921177,"[0.0, 0.0, 0.3833370904140846, 0.42274903191537044, 1.0, 0.6278853452588471, 0.0]",yellow,"{""turn_left"": true}",1.7130655830155863,hybrid,sensor_failure_stuck_sensor
1765199895.869623,0.7449278984466758,0.5897530955561209,-126.64372938491678,0.2695843186233867,"[0.1708031952015258, 0.0488974166649216, 0.14209543812589423, 0.25529596147473754, 0.27402331448856676, 0.3021735860794651, 0.7600859523754608]",red,"{""brake"": true}",-7.751300929665456,pure_ml,collision_avoidance
1765199896.869623,0.3990709326500621,0.6532069221262573,-167.73644364705405,0.5766430031800402,"[0.702927128727266, 0.484449235619426, 0.8514997008156422, 0.6304991815958907, 0.6879830690455695, 0.9751930418675506, 0.6918596792754557]",yellow,"{""brake"": true}",5.876953866661246,hybrid,normal_driving
1765199897.869623,0.6286651157997283,0.32396420608949333,15.577528868896946,2.264794351959385,"[0.859207763005534, 0.5954895744520479, 0.6810540861557505, 0.4827964701679292, 0.8555823847846307, 0.49202959554852754, 0.8092597595966307]",green,"{""turn_right"": true}",6.995509473545015,pure_ml,normal_driving
1765199898.869623,0.4601901340292107,0.629412224867106,-123.65893950487754,1.9844417630590576,"[0.19574169408255487, 0.013877014046101444, 0.11997987463095211, 0.1762138921978509, 0.39473058869809297, 0.2687387849742599, 0.48921860793462224]",red,"{""turn_right"": true}",8.978517791591857,hybrid,collision_avoidance
1765199899.869623,0.20349380195428948,0.5256365038389065,-3.9359002996300827,2.1359488129112387,"[0.8657443848969195, 0.8732697508514551, 0.9059161565878825, 0.9169328250399845, 0.9265764178732702, 0.4910175684182471, 0.5834597244982425]",green,"{""accelerate"": true}",10.954606408759606,pure_ml,normal_driving
1765199900.869623,0.5283175621520033,0.95,132.7378928141183,1.4430075891971936,"[0.3836766998707648, 0.5398739517980378, 0.5951143262652303, 0.6168103069682958, 0.6931687377154767, 0.8020026359635457, 0.9920626922430538]",red,"{""brake"": true}",6.736871539537429,hybrid,edge_case_road_boundary
1765199901.869623,0.8344643257728274,0.7349982225299361,52.669210690898076,1.2194359729398352,"[0.19405904702174648, 0.16286798106199057, 0.16588810596937842, 0.29117520470996094, 0.3665821038598738, 0.5515358266623822, 0.4829956512646378]",red,"{""turn_right"": true}",5.5764553132526515,pure_ml,collision_avoidance
1765199902.869623,0.14106164243878228,0.38396663652030094,-51.16278440284769,0.9019747680721925,"[0.1079579851395287, 0.10028730684636439, 0.10922855057037398, 0.16770522952099806, 0.25138221223343754, 0.5512292080970638, 0.739900883714482]",yellow,"{""brake"": true}",0.7092228659428805,hybrid,collision_avoidance
1765199903.869623,0.22954372756481878,0.2241694547259403,-60.37257161368894,2.4909968110028298,"[0.5223444560587434, 0.7201665444478473, 0.4799479438570764, 0.994669807835023, 0.402581438656417, 0.7338843424481283, 0.5960619021247503]",green,"{""turn_left"": true}",4.0504975781135615,pure_ml,normal_driving
1765199904.869623,0.6100442408720296,0.4044616416922935,154.7193568289516,2.883272889085314,"[0.8945303163480416, 0.6047332928102951, 0.9097950902433072, 0.560133626638595, 0.8549033168229436, 0.4982309959770808, 0.7153171028068182]",green,"{""accelerate"": true}",14.49859921657106,hybrid,normal_driving
1765199905.869623,0.3701261538769589,0.4627766823099574,27.140406342009705,1.9686563737873835,"[0.6053479378314749, 0.46086675152223844, 0.7834224874963831, 0.671679960774817, 0.7935245649531302, 0.7742238511591513, 0.4691424835537736]",green,"{""turn_left"": true}",3.5988364685826406,pure_ml,normal_driving
1765199906.869623,0.5145969140278579,0.21969633530244081,25.665184817795925,3.6223605702851946,"[0.7134391102719175, 0.8725987898631846, 0.7902540162895537, 0.4900102103016981, 0.45668006327421257, 0.5761244559146417, 0.5904888136183277]",green,"{""accelerate"": true}",5.148525521013628,hybrid,normal_driving
1765199907.869623,0.41614892440537565,0.45171134722636175,132.28810138821768,3.164974067690615,"[0.8329633794282003, 0.6437617049599546, 0.608702156966019, 0.866283305996164, 0.5056639800420634, 0.4453503234849889, 0.7365636189238891]",green,"{""accelerate"": true}",7.58319641812542,pure_ml,normal_driving
1765199908.869623,0.5496444859293294,0.7429719609012968,176.45613575263073,3.3301839685854375,"[0.9625740853040962, 0.6727993850915155, 0.8701881003557677, 0.7576804677492016, 0.7634133196595778, 0.4820204519891225, 0.9638482272414994]",green,"{""accelerate"": true}",9.009606895725579,hybrid,normal_driving
1765199909.869623,0.7055913719784777,0.5785271405990029,86.58837166390745,4.347131755419432,"[0.9503608914299354, 0.9081166503610321, 0.9661734501351126, 0.9759489937157151, 0.8032821855282859, 0.67912243679328, 0.6680568020199354]",red,"{""accelerate"": true}",-38.51138028477258,pure_ml,traffic_violation
1765199910.869623,0.8021803203348248,0.3102825068528571,-106.73475078965701,1.8820367258662434,"[0.025067576916421988, 0.10029978059404612, 0.037761931657273554, 0.16235809275261542, 0.34187731334789007, 0.4528093589162183, 0.7000498099538172]",red,"{""turn_left"": true}",4.87299068442581,hybrid,collision_avoidance
1765199911.869623,0.416732443134184,0.5022732357957049,8.845932130068157,3.275947568680989,"[0.43247866034461047, 0.9411286823941715, 0.5398053086433074, 0.4458025192879342, 0.5105445298904557, 0.4049923111625813, 0.5537961200213186]",green,"{""turn_right"": true}",3.2385618683050126,pure_ml,normal_driving
1765199912.869623,0.18035709073868,0.5325493324503339,81.41899443902642,1.4801123093414836,"[0.48331537038081973, 0.4481680903173977, 0.9127034574429438, 0.6354792570377654, 0.6160560361358642, 0.5877530282843577, 0.7320184300800492]",green,"{""brake"": true}",5.171418903399099,hybrid,normal_driving
1765199913.869623,0.37068946294023364,0.5698584151125997,-136.35532550606186,0.7734940801281733,"[0.12735789521304766, 0.15863404711117493, 0.03289331713393064, 0.2003928267952063, 0.2556956339865669, 0.2621136018153423, 0.752870100110981]",red,"{""turn_right"": true}",3.5946109543332945,pure_ml,collision_avoidance
1765199914.869623,0.6391248971857023,0.32392649297704074,-72.12679888795358,1.305310321816273,"[0.29884520027267997, 0.20862994154384495, 0.2221181415738377, 0.1540469141319659, 0.33544813544217816, 0.4704651793494509, 0.6871384571545626]",green,"{""accelerate"": false}",-3.38072157376652,hybrid,edge_case_extreme_weather
1765199915.869623,0.3587440995381217,0.5666498161844066,95.01346004466512,1.1416860239504694,"[0.6169851560498929, 0.45177366270381497, 0.6910332262047433, 0.7950515969155411, 0.5442276849749689, 0.7221796413097261, 0.5940094988132493]",green,"{""brake"": true}",3.843162423744486,pure_ml,normal_driving
1765199916.869623,0.23286013051015875,0.4309956981972738,6.583514710363536,2.27272492373306,"[0.5156215971514351, 0.444278727265196, 0.6907519298058613, 0.8715425067699003, 0.6266769852475563, 0.591410835836502, 0.5050067363573055]",green,"{""accelerate"": true}",5.627215453474854,hybrid,normal_driving
1765199917.869623,0.33705366256122327,0.5525897228051222,21.453604374982756,1.2174335063976387,"[0.918191716980649, 0.4800111286194122, 0.9994352804018047, 0.4774087847737876, 0.5444522383616227, 0.7960252821060031, 0.8459786246418315]",green,"{""brake"": true}",5.255309159166695,pure_ml,normal_driving
1765199918.869623,0.5697814543052964,0.4726636680087761,149.291482674317,3.1390999468999556,"[0.401971847068633, 0.7867234401559411, 0.6401476165555299, 0.9779344208582587, 0.6593617344779219, 0.5654826734612676, 0.950041158546887]",green,"{""turn_right"": true}",6.401742740100385,hybrid,normal_driving
1765199919.869623,0.5462270494422735,0.4157659531290238,-151.4806709058755,3.6836727527052355,"[0.48590377972265747, 0.7124691587495418, 0.6943368051660628, 0.8327518659052018, 0.6506258516096959, 0.7933470592664684, 0.880577212296345]",green,"{""change_lane_left"": true}",9.619049780490581,pure_ml,normal_driving
1765199920.869623,0.6012655796509547,0.5543504483512189,58.19572705027421,3.4773010405613496,"[0.6586423714855671, 0.815458520751482, 0.8843149848073035, 0.5437366970712076, 0.9890394436467504, 0.9136161273417126, 0.4797398317278507]",green,"{""turn_left"": true}",5.2909305817639565,hybrid,normal_driving
1765199921.869623,0.4879510956945975,0.3771999723284065,-142.53351055022017,4.674623171035499,"[0.8647611017849072, 0.9778731686346438, 0.9400488042676152, 0.7093551134649573, 0.8296330691337382, 0.7724824482386698, 0.9214983226935327]",red,"{""accelerate"": true}",-8.658246482087403,pure_ml,edge_case_speed_limit
1765199922.869623,0.7339496898546933,0.5855696256028164,-154.34407490727958,4.824462349669186,"[0.7847112507102376, 0.8473086038439095, 0.9289924349172644, 0.9410554118882299, 0.8279657851450865, 0.8927656817025283, 0.7995586337765078]",green,"{""accelerate"": true}",-7.518381209168217,hybrid,edge_case_speed_limit
1765199923.869623,0.548853521013529,0.46985995429327304,152.68218028991396,4.003184122043954,"[0.504501543234655, 0.4278083893701592, 0.6686935983548561, 0.8013577527302319, 0.9888314289588387, 0.664709891247218, 0.7659366909668088]",green,"{""accelerate"": true}",6.615174232191951,pure_ml,normal_driving
1765199924.869623,0.37711712225152316,0.6070426723589183,-65.83176118435776,0.09854449260569526,"[0.0, 0.0, 0.0, 0.0, 0.0, 0.0, 0.0]",green,"{""brake"": true}",-5.633885462871632,hybrid,sensor_failure_complete_failure
1765199925.869623,0.8818872218726277,0.42296576277546716,-50.39197325442123,4.553316387709585,"[0.7933678754280916, 0.7895373718038452, 0.7056351932279379, 0.6267934187257328, 0.7377769565115704, 0.9542987081035608, 0.9293016553982746]",yellow,"{""accelerate"": true}",-43.94667153926675,pure_ml,traffic_violation
1765199926.869623,0.3501981244276958,0.6598508841486086,-14.563138900408473,2.497506669300369,"[0.9576140156531132, 0.41819243393792316, 0.4013714860041104, 0.6467777703804698, 0.6102843095984843, 0.9188625500723013, 0.9989007086569965]",red,"{""accelerate"": true}",13.40775789961892,hybrid,normal_driving
1765199927.869623,0.47472907738428505,0.5466159790268491,-4.521113403133828,1.77752269824767,"[0.13627210929938136, 0.19499819325982998, 0.02921251136566825, 0.22819733369091924, 0.3250002688343653, 0.4226884294186002, 0.5554725855500509]",green,"{""turn_right"": true}",-4.463035721641052,pure_ml,collision_avoidance
1765199928.869623,0.7199166919625131,0.3995383143305403,163.5644751821026,2.137689653419681,"[0.0, 1.0, 0.37887171214116283, 0.3560756826915333, 0.0, 0.6611321230114806, 1.0]",red,"{""turn_right"": true}",2.666390373284914,hybrid,sensor_failure_stuck_sensor
1765199929.869623,0.32009449863358186,0.4023042284732851,-27.235165930240047,4.027509829143822,"[0.8564903454892782, 0.6703770827745202, 0.91655459912871, 0.8267985033895187, 0.8011984303307723, 0.8946829939558314, 0.7109121605349868]",yellow,"{""accelerate"": true}",-49.18978809358721,pure_ml,traffic_violation
1765199930.869623,0.10035593976354927,0.2988533929347538,-118.55235402071928,1.974741990091192,"[0.6805378573065728, 0.4952604861316369, 0.5661245253222477, 0.6195629586754144, 0.48887401168517264, 0.5387057525660046, 0.9964619922400497]",green,"{""brake"": true}",2.0028651044324515,hybrid,normal_driving
1765199931.869623,0.18154288342513497,0.464167249572299,-86.53596592689098,0.08554016289119382,"[0.0, 0.0, 0.0, 0.0, 0.0, 0.0, 0.0]",red,"{""brake"": true}",-15.397779552268346,pure_ml,sensor_failure_complete_failure
1765199932.869623,0.8865345754615717,0.3969008288104571,-123.23316338126094,1.1814558173157304,"[0.35862244414839106, 0.5690846287102945, 0.3263797840276621, 0.49212259990344687, 0.049383693203972734, 0.07461357632402166, 0.8856411580984257]",red,"{""accelerate"": false}",4.816765567372585,hybrid,sensor_failure_noisy_sensor
1765199933.869623,0.6763144548640072,0.5845627769117321,64.40996074192766,3.1351924845704393,"[0.5518084074365575, 0.7227966476904182, 0.5723020735407831, 0.7502150837507023, 0.8909525862077838, 0.5391235898862117, 0.7267823734915342]",green,"{""accelerate"": true}",13.149258033585687,pure_ml,normal_driving
1765199934.869623,0.27507856153227517,0.3887263474485717,-161.45174014785354,2.9158198333972196,"[0.5560380037804992, 0.7147226755538543, 0.9073271182884315, 0.7578468493886859, 0.7832812839474833, 0.5265908260075329, 0.6612730857930755]",red,"{""accelerate"": true}",12.204545105260065,hybrid,normal_driving
1765199935.869623,0.14594475591599176,0.5945074535940561,30.691065883065065,0.43522780318091536,"[0.09572123940865616, 0.005880914581200148, 0.01019869580190378, 0.20346936952623468, 0.2783028786030295, 0.23666434432649286, 0.3526656379411291]",green,"{""brake"": true}",2.431197161694911,pure_ml,collision_avoidance
1765199936.869623,0.5862411340421486,0.7038952078152743,23.848822167061215,3.804279873866284,"[0.7514262408973043, 0.6136578786709344, 0.9661241089979916, 0.7997516238040339, 0.758376564702826, 0.5325098850807016, 0.7998699653778979]",green,"{""accelerate"": true}",12.83256347028856,hybrid,normal_driving
1765199937.869623,0.1235379897581641,0.39490923974573944,-36.984881628234234,2.529828762186612,"[0.4698570956781386, 0.5521055970135569, 0.9081147310661503, 0.7552042772433307, 0.9632522985898935, 0.8553365655043037, 0.5632825326347003]",green,"{""accelerate"": true}",6.143385489334376,pure_ml,normal_driving
1765199938.869623,0.551609286337893,0.7431208256409811,-140.30961195373385,4.523461093407428,"[0.9788896548609219, 0.9879503480771671, 0.8383421236076942, 0.689709490628453, 0.6672469503003822, 0.8964160366960872, 0.6492714100311394]",red,"{""accelerate"": true}",-23.963852028772248,hybrid,traffic_violation
1765199939.869623,0.4781512662797135,0.5945489922751181,15.226738025243796,3.543043823016047,"[0.5765657079989115, 0.5454677706011002, 0.82063801225459, 0.6933726798056192, 0.5635519085818647, 0.5306203191780726, 0.750496030140414]",green,"{""accelerate"": true}",11.52976858734883,pure_ml,normal_driving
1765199940.869623,0.5391259235136271,0.21900963736632742,100.10001824551557,3.2408523297493,"[0.7052733280823564, 0.521006177248284, 0.8754451579503904, 0.9635697466626256, 0.7229085424375341, 0.9424649263463788, 0.5201177082522274]",yellow,"{""accelerate"": true}",9.360142414729118,hybrid,normal_driving
1765199941.869623,0.6088197328654025,0.3484371631891985,152.38234515404716,2.62094580731419,"[0.45017143417998345, 0.8035605569564174, 0.5532688531387493, 0.40949657028378594, 0.5280327812897554, 0.7853085786677091, 0.9620387031109692]",green,"{""change_lane_left"": true}",7.944605196794476,pure_ml,normal_driving
1765199942.869623,0.2881452695043355,0.3069452743037817,-16.77622045932845,1.0898757057276034,"[0.9812696731601989, 0.5112591992041364, 0.8862583262962946, 0.7695169333560534, 0.49499130556238424, 0.9012866282682341, 0.7065744256454469]",green,"{""brake"": true}",6.015224620171942,hybrid,normal_driving
1765199943.869623,0.7532966300308528,0.5073511440748087,-75.61100467216629,0.7210869608178399,"[0.024811718002824557, 0.055201669446550694, 0.11691031254958362, 0.2698048103076337, 0.35357150841606666, 0.2693662625955854, 0.4231856878211361]",red,"{""brake"": true}",-3.1993432495012835,pure_ml,collision_avoidance
1765199944.869623,0.1283309969302594,0.38067860419303745,-141.81169912281445,1.611405067209792,"[0.6254492850960804, 0.9264698187420144, 0.9150905831524796, 0.4348550207759792, 0.7033305723743295, 0.8792815818542197, 0.5252247888677828]",green,"{""turn_left"": true}",4.2450170898955815,hybrid,normal_driving
1765199945.869623,0.8855506061648457,0.4596891499386499,126.6989595974724,1.8579907675288043,"[0.5759152381362883, 0.7090754462626128, 0.653472281928695, 0.578552112227918, 0.6072443435018703, 0.5733932403615982, 0.7891762420692481]",yellow,"{""change_lane_right"": true}",11.287864652025505,pure_ml,normal_driving
1765199946.869623,0.8232983256760716,0.3566373968383372,-142.83051869540353,3.233916742238069,"[0.7216904708124576, 0.720496319651968, 0.9297666040129592, 0.6362502889600957, 0.589520276367544, 0.9223947906817794, 0.47032327280848996]",green,"{""accelerate"": true}",14.936020090458292,hybrid,normal_driving
1765199947.869623,0.40077811321054735,0.7835737209576363,-68.02279964473193,4.596322192697314,"[0.6838028524000049, 0.748892974663482, 0.9554620640378673, 0.6636321071172052, 0.8999211166219487, 0.9633367399138075, 0.8323029125386487]",yellow,"{""accelerate"": true}",-13.542477468521682,pure_ml,traffic_violation
1765199948.869623,0.4406738917520835,0.05,-48.745317687125905,0.7155937656120264,"[0.18762467653341425, 0.28754489548017614, 0.4893517433481481, 0.694431708430067, 0.5596708933086174, 0.8316150137361278, 0.7711020592977463]",red,"{""turn_right"": true}",1.433430894327154,hybrid,edge_case_road_boundary
1765199949.869623,0.6443844884229453,0.2989721958097322,-101.57091233732892,1.768026593041399,"[0.09916076724203471, 0.12240926544973707, 0.6073085278820101, 0.47256447596980733, 0.0723116258268377, 0.08867615290886743, 0.8514515445226127]",yellow,"{""accelerate"": false}",1.3362728500510723,pure_ml,sensor_failure_noisy_sensor
1765199950.869623,0.70783801205062,0.6885238572916335,-4.096642590340475,1.5337026707390646,"[0.15881001882202805, 0.08552582820835462, 0.02903244445258284, 0.15153957829168804, 0.3171586670665425, 0.2279215989652868, 0.487807925200796]",red,"{""turn_left"": true}",9.24128715667805,hybrid,collision_avoidance
1765199951.869623,0.37839307607035333,0.4498542756791597,-7.9192399220670096,1.8705871570520791,"[0.8301529013639938, 0.8507480936655814, 0.6980465978124049, 0.6618321357395893, 0.5743294825004182, 0.44961385178659835, 0.6975364134579689]",green,"{""turn_right"": true}",3.850458561377926,pure_ml,normal_driving
1765199952.869623,0.3078024342761392,0.7240221139909142,-158.7373027694521,2.63086488132431,"[0.7310984845414126, 0.9369847986827022, 0.8291960847452583, 0.8170747155752327, 0.5460689665217406, 0.591292929981346, 0.8914761677125906]",green,"{""turn_left"": true}",9.595284551653448,hybrid,normal_driving
1765199953.869623,0.3575714697644049,0.3665782873297416,-17.994536305295764,3.3359189354323835,"[0.4326616197347576, 0.5149758901027449, 0.4295321876571377, 0.5620530172263585, 0.6016104370092907, 0.7217973234389246, 0.4045312897728192]",yellow,"{""change_lane_left"": true}",9.163217224651316,pure_ml,normal_driving
1765199954.869623,0.7062763880241804,0.05,29.215039624006653,1.9961175523857517,"[0.22266228394422494, 0.5031570303240609, 0.5164370016907266, 0.4207651010168387, 0.7844536051977167, 0.8598249407897409, 0.8453012486539576]",green,"{""brake"": true}",9.038253705871643,hybrid,edge_case_road_boundary
1765199955.869623,0.5674314398631508,0.2155629056623944,35.37408126574286,2.241396585569469,"[0.5761203978347954, 0.6626145887321347, 0.9065853939016963, 0.47621221688749166, 0.6252785748018244, 0.4106847558282051, 0.7757526913541722]",green,"{""accelerate"": true}",10.315048077929152,pure_ml,normal_driving
1765199956.869623,0.5897386972817314,0.5837861186897095,-25.72931973380314,3.6532540917103606,"[0.5341029151183495, 0.8306373333732011, 0.7891094944755999, 0.912163271643863, 0.7101179944976455, 0.7283159170409023, 0.7060965157868506]",yellow,"{""change_lane_right"": true}",11.639422794826057,hybrid,normal_driving
1765199957.869623,0.2831027162816258,0.7465539806918386,161.05446702347373,2.871726000011788,"[0.9005136452673522, 0.530795667571692, 0.6737226760199043, 0.4639917289608147, 0.7400961552525229, 0.5192835310308754, 0.9350316768248325]",green,"{""accelerate"": true}",13.286253913364188,pure_ml,normal_driving
1765199958.869623,0.5517007803421972,0.29212663355088,-21.207116106643774,2.349528626104512,"[0.46126370854204674, 0.6359181851274696, 0.9650155494504752, 0.6959224850281822, 0.9956447529162271, 0.5805145372365056, 0.462698668528227]",green,"{""change_lane_right"": true}",9.232554047972128,hybrid,normal_driving
1765199959.869623,0.3886824434435454,0.7430490110075958,168.13077364947853,2.214225616675631,"[0.6219334046125612, 0.5715504909573024, 0.458139059888412, 0.5902000923956616, 0.9747454552337286, 0.9657146110089572, 0.9738816763660918]",green,"{""change_lane_left"": true}",11.842181439223264,pure_ml,normal_driving
1765199960.869623,0.5673541835090584,0.7495685522260389,-114.11096949699281,3.7459570867903906,"[0.41018802600829996, 0.6439162720414733, 0.4629222679338413, 0.5026656571574721, 0.46897785198494385, 0.9585816476941956, 0.7550992623683248]",green,"{""accelerate"": true}",11.886769647976916,hybrid,normal_driving
1765199961.869623,0.6811869992518622,0.37891976430516816,125.35042124601992,3.0620865260562535,"[0.8559073162044017, 0.8121992968290481, 0.8145229344221678, 0.736498424346065, 0.6796874748359253, 0.6938172920680648, 0.8307900588119402]",yellow,"{""turn_left"": true}",-14.74603697887648,pure_ml,traffic_violation
1765199962.869623,0.27405935585767094,0.567762800239201,155.00283401326826,2.1864682746616086,"[0.6974987711249769, 0.6045014826409254, 0.5389508339641543, 0.5916026653714613, 0.7445093968922787, 0.9222550101667935, 0.5269265997950192]",green,"{""change_lane_right"": true}",10.005579890382613,hybrid,normal_driving
1765199963.869623,0.7768217524682556,0.35721061544386923,-143.8361139399716,2.981380648344997,"[0.6423764946311574, 0.8381132115348513, 0.6667066085118212, 0.9570617131760757, 0.49817041238394694, 0.9063814418708014, 0.5578282858763651]",red,"{""accelerate"": true}",12.59790076138156,pure_ml,normal_driving
1765199964.869623,0.42255561378848616,0.640903782024045,36.251843423825804,0.6572656397085588,"[0.0, 0.0, 0.0, 0.498315928784958, 0.4821332697835643, 0.670234062512286, 0.46800714741450833]",green,"{""turn_left"": true}",-11.969820967255206,hybrid,sensor_failure_partial_failure
1765199965.869623,0.17993421789934194,0.693315632451238,10.257150447712288,4.342597769203568,"[0.936192603005074, 0.924677348215389, 0.7382191763193086, 0.9649807671572408, 0.5524767390544514, 0.7456855009718308, 0.6460208530259034]",red,"{""accelerate"": true}",12.302617256171315,pure_ml,normal_driving
1765199966.869623,0.5203842512627298,0.7728274475400256,-41.70956199416268,0.1408925055903858,"[0.1172449738569845, 0.14435392423626592, 0.060330664514152504, 0.26972162481735323, 0.16236822473892795, 0.26050908691446695, 0.663096129193294]",green,"{""brake"": true}",0.5150478007330701,hybrid,collision_avoidance
1765199967.869623,0.6490862836384478,0.6744408086682052,15.446087328019475,2.4115107426352917,"[0.5663193565002076, 0.48987510024964714, 0.9622965129986335, 0.6931573615346464, 0.7196958892653768, 0.8840316239759733, 0.5449928682733411]",yellow,"{""change_lane_right"": true}",11.94004900277546,pure_ml,normal_driving
1765199968.869623,0.8238317665567404,0.5442067845784807,-147.36125781281942,2.4530595825162504,"[0.0, 0.0, 0.5176353845315103, 0.42956882424366916, 0.0, 0.4656216686156247, 0.0]",green,"{""turn_left"": true}",-6.75404852110522,hybrid,sensor_failure_stuck_sensor
1765199969.869623,0.43736490939897854,0.7968901413209168,-152.38135546417055,1.5620317593104918,"[0.11484821013319864, 0.11042591951553862, 0.09265652424776782, 0.15233025123039895, 0.20571895451379899, 0.4598888152503742, 0.6025869545995471]",red,"{""turn_right"": true}",2.319262460088221,pure_ml,collision_avoidance
1765199970.869623,0.2408883187878823,0.5740285643408105,168.00209925442346,2.320310079948318,"[0.5486311819328288, 0.8788194439618866, 0.4437310930326842, 0.9611950359033392, 0.8088691838351132, 0.41646297742531435, 0.7226595064844759]",green,"{""accelerate"": true}",7.723984730713704,hybrid,normal_driving
1765199971.869623,0.11323533512414344,0.6414433744199499,137.79941308313855,4.454584607330888,"[0.7918287193933734, 0.5118954399293218, 0.4646287613485657, 0.5811566586739081, 0.7980629187651939, 0.51096306635164, 0.9629690383996032]",green,"{""accelerate"": true}",8.357570029251418,pure_ml,normal_driving
1765199972.869623,0.19685396221858148,0.635954732234429,-150.03304372524622,3.4759430531359885,"[0.5442489129933287, 0.7940729084087406, 0.7684344043215705, 0.4388562342138087, 0.8129949562463045, 0.7165500409032406, 0.7113997145581696]",green,"{""accelerate"": true}",8.217673934404448,hybrid,normal_driving
1765199973.869623,0.44181622491355055,0.2038609096255155,-1.6271586102375941,4.278507335468772,"[0.9150484423790143, 0.722672695701524, 0.9240767844444187, 0.7535834931423395, 0.7338892449860824, 0.9840659370595224, 0.6951039004786193]",red,"{""accelerate"": true}",-36.95393292017624,pure_ml,traffic_violation
1765199974.869623,0.417575007530815,0.4490787702956127,-24.969561344777635,3.5376419481136416,"[0.8122306157183807, 0.9251383051955137, 0.8176095254249021, 0.8232593832227937, 0.9775939966353966, 0.8708427741653648, 0.585201588539215]",red,"{""change_lane_right"": true}",4.185168625691644,hybrid,normal_driving
1765199975.869623,0.6498896212586992,0.4156924146356004,74.04269491964406,2.7621417069262386,"[0.5845638666451564, 0.7519670623191064, 0.9322681795389564, 0.896008297640263, 0.9147513900397868, 0.7416840270816334, 0.7556198770070681]",green,"{""accelerate"": true}",13.851303629960404,pure_ml,normal_driving
1765199976.869623,0.5205275038594275,0.20173565523210357,-152.1960454204519,3.041027748044754,"[0.5555596381332506, 0.9849163616699731, 0.8158858660249557, 0.8256257233700233, 0.708345882159457, 0.8641244578343724, 0.919310632368908]",red,"{""change_lane_right"": true}",11.424264281014871,hybrid,normal_driving
1765199977.869623,0.12802160490804246,0.7780167998414653,38.40628707921875,2.771459269937469,"[0.8731464644741711, 0.9701698387222537, 0.6203151745054207, 0.8177997194171513, 0.5013945553931248, 0.572242208623287, 0.59691026548994]",green,"{""accelerate"": true}",7.214106552551092,pure_ml,normal_driving
1765199978.869623,0.2456655224502975,0.4989121522496275,-126.66859655003337,1.987957173998648,"[0.9218100367539064, 0.8674151002339996, 0.5236110091552606, 0.9889528810511043, 0.814740883156013, 0.41114013622935763, 0.8267687268597144]",green,"{""change_lane_right"": true}",4.754673267556166,hybrid,normal_driving
1765199979.869623,0.11119758897972663,0.782502076558852,-72.96672447693562,0.33047060181184573,"[0.06165395665315141, 0.12088289927931802, 0.04026573888614622, 0.21517745920905285, 0.16341646881302535, 0.530317317489506, 0.358738226306285]",red,"{""brake"": true}",1.5009653977666453,pure_ml,collision_avoidance
1765199980.869623,0.5175397546671731,0.2757938420606739,31.39427029991176,2.3233441554496252,"[0.9574096266973157, 0.8607518123414908, 0.6799482960701364, 0.47410052549576703, 0.8226814903364106, 0.9936855070950018, 0.9471902069223957]",green,"{""accelerate"": true}",11.020541441445836,hybrid,normal_driving
1765199981.869623,0.6105068620613386,0.7484198739202248,104.04486740866957,1.0603022347222457,"[0.007361924045219093, 0.0826588583996555, 0.1916436044939534, 0.2512396446652632, 0.19651965628364537, 0.5159988700287053, 0.7451162640623312]",green,"{""turn_left"": true}",7.17191107265918,pure_ml,collision_avoidance
1765199982.869623,0.4479130773917156,0.798017831876993,157.7827791464138,0.9012099352317848,"[0.20486632185554404, 0.20028398509050854, 0.10044037327275648, 0.13079654236956959, 0.3131230605934365, 0.4332615055414804, 0.4365630129261291]",green,"{""accelerate"": false}",7.367817493042132,hybrid,edge_case_extreme_weather
1765199983.869623,0.34764194589450226,0.579155011134267,49.06463013637011,2.319879811585498,"[0.9932937159498506, 0.5673095951354701, 0.9704625215631199, 0.5937976815025061, 0.5163456626755567, 0.7392340108337316, 0.42477434867382347]",green,"{""accelerate"": true}",8.75857779646846,pure_ml,normal_driving
1765199984.869623,0.25392302832832225,0.5622687573513168,19.223881701489727,2.2035764361191377,"[0.4329640285095361, 0.5282847737589162, 0.6484434176991991, 0.6255559589259911, 0.780125358191219, 0.9686810407109024, 0.4835586293013491]",green,"{""brake"": true}",6.435253265469084,hybrid,normal_driving
1765199985.869623,0.7286001684985911,0.419177735119883,23.923509993432127,1.2009230888484395,"[0.23981252343109158, 0.20299208685537193, 0.11012558956047434, 0.313023512850235, 0.21762509894898793, 0.49908008721530356, 0.4008555982304034]",yellow,"{""brake"": true}",-0.29897395727321996,pure_ml,edge_case_extreme_weather
1765199986.869623,0.18643446435640654,0.41788631596688797,-55.14987272819563,2.0902195643131893,"[0.4805739115758516, 0.42394893977857573, 0.5918153405166651, 0.656848378813119, 0.6798510361022483, 0.6331909751889346, 0.735251633362867]",red,"{""accelerate"": true}",8.38029309259891,hybrid,normal_driving
1765199987.869623,0.6772412558969355,0.7613573991836355,-150.49364054601764,3.755495175949351,"[0.6978437938685631, 0.8854451917873336, 0.5846635977251111, 0.7982217157955362, 0.8830504690292159, 0.8638836579353528, 0.7483403593161793]",green,"{""accelerate"": true}",6.416719619845561,pure_ml,normal_driving
1765199988.869623,0.6821609227269957,0.2032305354899096,-118.11955891154265,1.4427602362018956,"[0.465032603693832, 0.7859819555221006, 0.8056743387359726, 0.6137863794839777, 0.5133829547778639, 0.4631298580398872, 0.43611816976147855]",green,"{""brake"": true}",2.431766601075264,hybrid,normal_driving
1765199989.869623,0.8688886196292467,0.7080463920884974,25.97894632543871,0.8085987891515364,"[0.11540113347430891, 0.00419018925014607, 0.1612504155190112, 0.15727857463891753, 0.19860421629935304, 0.3332431752073698, 0.6698934682792923]",yellow,"{""brake"": true}",-6.099905528339446,pure_ml,collision_avoidance
1765199990.869623,0.24704291993966596,0.6719688792928584,-4.856965735980671,2.8810363893320425,"[0.7163057926608349, 0.6271166809130018, 0.6460538371795388, 0.5262157283506406, 0.41477822329630815, 0.5662786201243095, 0.7615419198941729]",green,"{""change_lane_right"": true}",4.541764393061157,hybrid,normal_driving
1765199991.869623,0.7061534844495332,0.49466933420154563,-178.37190294239772,4.264881713700913,"[0.6620165818196247, 0.8985542781613804, 0.9102509568099431, 0.8708984356586569, 0.6363071109578334, 0.7007471040213773, 0.6711791662893586]",yellow,"{""turn_left"": true}",-16.821121611821717,pure_ml,traffic_violation
1765199992.869623,0.6867749186450702,0.6160296367430091,-159.935631595176,0.18326367861074577,"[0.18947749569851116, 0.005847557252300507, 0.1807420537760521, 0.10259244879004424, 0.14074970751634083, 0.3512988004499746, 0.5768681899022313]",red,"{""brake"": true}",-4.189407247026617,hybrid,collision_avoidance
1765199993.869623,0.7506861144160186,0.7208876819038166,-116.68107615328273,4.062082211204064,"[0.8303190405799444, 0.9880523562330498, 0.7907111253443257, 0.694273100682529, 0.7756326355998653, 0.9458271337229157, 0.6780906908243598]",red,"{""accelerate"": true}",-42.82983126333142,pure_ml,traffic_violation
1765199994.869623,0.27983027233433766,0.33379697154503035,-13.04134094970001,1.2355439244013733,"[0.22545953470767577, 0.21289894204431126, 0.16272602569842914, 0.28094476514445316, 0.42538630563175334, 0.5862933417509477, 0.6792852223631407]",red,"{""accelerate"": false}",-3.045815544062637,hybrid,edge_case_extreme_weather
1765199995.869623,0.7298672832320753,0.05,110.10782961866434,1.332893533282004,"[0.1676785096060295, 0.21886400158013936, 0.36242127937121554, 0.7071585705996106, 0.6620311460438364, 0.7437984755820535, 0.7171514219695618]",yellow,"{""brake"": true}",-3.229211858205579,pure_ml,edge_case_road_boundary
1765199996.869623,0.2384472400025307,0.7706514135203704,-126.37806366935315,3.5069760510809127,"[0.8346893043559127, 0.9616343723872536, 0.9307847914929774, 0.8977438950365806, 0.8623781275920329, 0.9035451391482161, 0.9654874425878537]",green,"{""accelerate"": true}",7.592318250949061,hybrid,normal_driving
1765199997.869623,0.8268149153818615,0.281281860698952,-23.358115533902087,2.5557283447481627,"[0.4941753589594387, 0.970488229692848, 0.5208730995090753, 0.7961688548774501, 0.8830523542366415, 0.7284766766971782, 0.4911580557265682]",green,"{""turn_right"": true}",5.533073738759202,pure_ml,normal_driving
1765199998.869623,0.43103581113220313,0.475129581213314,-102.20147025672054,3.1456049952530845,"[0.446311922132686, 0.8821419539959577, 0.5092492428058965, 0.4202263018866372, 0.6723152244194579, 0.747799928718073, 0.48059267251929483]",green,"{""accelerate"": true}",10.064105996169541,hybrid,normal_driving
1765199999.869623,0.12236196236461626,0.28018229684899987,-130.0747268419885,3.1535708686074058,"[0.7721231682434461, 0.45192497303363877, 0.4483767295587258, 0.5191176549723103, 0.4509546239757866, 0.8946506451833283, 0.7958315971442433]",yellow,"{""change_lane_left"": true}",5.567793678059209,pure_ml,normal_driving
1765200000.869623,0.10473703144095242,0.757254037295392,-93.5325204717798,0.5006692619100034,"[0.1304528950804394, 0.08689300657696941, 0.028189692151216163, 0.10494664813816401, 0.28947260765464755, 0.2685902254850809, 0.7509700361333341]",red,"{""brake"": true}",2.4363266739986127,hybrid,collision_avoidance
1765200001.869623,0.7968235472832719,0.36013669450503183,178.62903336499966,1.4386411704786717,"[0.5750592265974962, 0.2564416789178693, 0.7697221185819259, 0.2628134353561471, 0.14668102990862875, 0.35065602022087927, 0.007947083350319573]",red,"{""accelerate"": false}",-3.4734300854968847,pure_ml,sensor_failure_noisy_sensor
1765200002.869623,0.4310532702403197,0.49542857259177503,154.6407530078564,1.66406700370179,"[0.5394927758679613, 0.5781162078751066, 0.4023000951592389, 0.9025078186339834, 0.8972050439901157, 0.5954632588342902, 0.7106994121491867]",green,"{""brake"": true}",2.8597778199066557,hybrid,normal_driving
1765200003.869623,0.2694673788347058,0.05,144.90550377188097,1.5720100226189055,"[0.36550275551350864, 0.26306089374641395, 0.6620331322070101, 0.7709055996705018, 0.8449435258677773, 0.9439025835108329, 0.794124853759048]",red,"{""turn_right"": true}",-4.853123612780403,pure_ml,edge_case_road_boundary
1765200004.869623,0.17249288385915545,0.2540191240985792,-158.46915638959686,1.1883553925960963,"[0.5946965054630124, 0.8648655284889589, 0.6241403979451033, 0.9439341244232203, 0.8989290018435301, 0.4134957404432326, 0.8301024357124634]",green,"{""brake"": true}",4.561087503644054,hybrid,normal_driving
1765200005.869623,0.49776368844153085,0.6316714942181092,-146.69740541972013,1.278772998949168,"[0.7500683657867329, 0.6235248111620101, 0.6827520003361205, 0.44203235051985623, 0.6465940414117537, 0.5524373943458919, 0.6419272243420079]",yellow,"{""brake"": true}",3.6048767196727276,pure_ml,normal_driving
1765200006.869623,0.1574508404828044,0.38336327838835216,156.076398302396,4.356990636005857,"[0.9035969479938847, 0.5616148656531081, 0.6718556039336945, 0.6941780020859436, 0.5323110176884098, 0.7712305756238775, 0.9442767371828091]",green,"{""accelerate"": true}",5.855391285137676,hybrid,normal_driving
1765200007.869623,0.3226617299852338,0.5913903443421141,6.3640939770470455,1.8446163655538557,"[0.00869221673190077, 0.023015973430185067, 0.10588652748054127, 0.1925340101047633, 0.25891799304777874, 0.317778741273928, 0.6761406573673335]",yellow,"{""turn_right"": true}",-1.1274165350451075,pure_ml,collision_avoidance
1765200008.869623,0.2700933580954775,0.42444592047128454,-130.1712105219471,3.6776436936333843,"[0.5723985026108189, 0.6126749074726558, 0.9275808501448917, 0.7982653213670687, 0.7988264069993987, 0.5326857267197789, 0.9985351775249659]",green,"{""accelerate"": true}",6.74793480499843,hybrid,normal_driving
1765200009.869623,0.2594010795520883,0.28430217297434324,23.563640638608657,1.6360725371218272,"[0.09173132848925454, 0.13703510829592294, 0.15621955931769915, 0.18607681464609732, 0.2554939889360125, 0.2891947850276182, 0.3857704452488895]",red,"{""turn_right"": true}",1.8955818457425782,pure_ml,collision_avoidance
1765200010.869623,0.899981673244238,0.4117583845513927,-51.98559781986231,1.2041738932101116,"[0.129149256597226, 0.0941838382381452, 0.07196181833174313, 0.10726593870613471, 0.14634867075275626, 0.3671713305872476, 0.7977037562511707]",yellow,"{""turn_left"": true}",0.5730360009620439,hybrid,collision_avoidance
1765200011.869623,0.2675163622845177,0.2060535802185328,163.60099649372734,0.5307604017467551,"[0.03678162264318983, 0.17446257192740816, 0.014800969555036271, 0.14837472649325906, 0.3213420717476856, 0.3957420338030215, 0.5984614768148321]",red,"{""brake"": true}",3.108397060355779,pure_ml,collision_avoidance
1765200012.869623,0.4627432383166843,0.3438611834039716,25.81303032383628,3.1965139743145174,"[0.443092918021737, 0.45646561491892795, 0.868366983433654, 0.503764874842165, 0.4159925970400698, 0.669011447799363, 0.6916766297634396]",green,"{""turn_right"": true}",6.741492913663975,hybrid,normal_driving
1765200013.869623,0.2871734524571321,0.4257874272160344,-58.855851778605114,4.4204560133447295,"[0.4804329010308798, 0.9229746156737172, 0.7273530074755878, 0.9917197298104024, 0.6363975369224943, 0.9329645083091894, 0.7202251152976114]",yellow,"{""accelerate"": true}",14.51517340502389,pure_ml,normal_driving
1765200014.869623,0.40717823258588604,0.3317524245490662,-12.253347553462456,2.056001124360032,"[0.1, 0.1, 0.1, 1.0, 0.46650185728159166, 0.5380506790806951, 0.44610715723206296]",green,"{""brake"": true}",1.5561388332512056,hybrid,edge_case_sensor_edge
1765200015.869623,0.6078640444293285,0.30943702488439256,157.93515954960623,2.608392730062966,"[0.5656608069799437, 0.5628380726263944, 0.6851859081249451, 0.5878494044764367, 0.7039529896624004, 0.5740193395294327, 0.8172499905680619]",green,"{""accelerate"": true}",6.941993862350459,pure_ml,normal_driving
1765200016.869623,0.8338143091659266,0.7481124961491703,139.3214522184613,3.522148198047755,"[0.738865920555549, 0.6470521916755824, 0.772025971459103, 0.6501578032740409, 0.9845385107119505, 0.7826444635522907, 0.6894858381878528]",green,"{""accelerate"": true}",11.298014189277076,hybrid,normal_driving
1765200017.869623,0.8123946161479362,0.75602065966453,-29.394795219819446,3.709568213810959,"[0.40463411116284975, 0.968545520592211, 0.584615060141511, 0.6291872908979296, 0.6617389506208802, 0.6539769390677164, 0.9988657932153922]",green,"{""accelerate"": true}",13.853275355020994,pure_ml,normal_driving
1765200018.869623,0.8617565548517054,0.6979183402000699,-139.92091303274603,3.5545710703317055,"[0.6896555516847671, 0.512079267669752, 0.9609664168435174, 0.7147287494532009, 0.8993964040613494, 0.4199580198750515, 0.44946332303194486]",green,"{""accelerate"": true}",9.806228792912105,hybrid,normal_driving
1765200019.869623,0.5250852777442458,0.4457982610290353,-67.57338419728546,4.633775399194426,"[0.8125833312680977, 0.9220137944418962, 0.7496754259453127, 0.9978143923970726, 0.9227127848194255, 0.9780572066193206, 0.9268038162763567]",green,"{""accelerate"": true}",-2.465183593381747,pure_ml,edge_case_speed_limit
1765200020.869623,0.7082977148647199,0.05,53.83960951345069,0.8049753092395022,"[0.4648805011453372, 0.3353628523333598, 0.6172047037547799, 0.6498341878958509, 0.6971552002231669, 0.6768826869778563, 0.8024514323148995]",red,"{""turn_right"": true}",-8.44763813698698,hybrid,edge_case_road_boundary
1765200021.869623,0.8573940268704623,0.5538383609798725,-55.702338234170504,2.0592582113859854,"[0.7214777496832612, 0.9412013781005325, 0.7665381763643948, 0.7447642915078728, 0.596427093038028, 0.754084647364093, 0.8678598136613211]",green,"{""change_lane_right"": true}",5.511097416942155,pure_ml,normal_driving
1765200022.869623,0.10106706711517602,0.5102622118284652,70.97410270921836,4.37381324441312,"[0.7704483944495104, 0.8320883976639775, 0.74547402163745, 0.9567055753539158, 0.9394090264822766, 0.9411905177938177, 0.8583376266284244]",yellow,"{""accelerate"": true}",-21.11664326711918,hybrid,traffic_violation
1765200023.869623,0.7511881998362191,0.6631520888614257,156.4793429804745,0.8135000164613877,"[0.0, 0.8, 0.8, 0.6166562110845801, 0.6182800694816882, 0.7150166276029778, 0.42574384899554774]",yellow,"{""brake"": true}",3.1091951193659995,pure_ml,sensor_failure_partial_failure
1765200024.869623,0.30016143877012924,0.7056335166714425,53.96163774193981,2.221653381107226,"[0.7036943181325126, 0.8505440056560954, 0.6496193746858319, 0.5927027027407371, 0.6334525115219771, 0.8535939947414984, 0.5655421303513556]",green,"{""accelerate"": true}",14.15034896930192,hybrid,normal_driving
1765200025.869623,0.38658037499060727,0.4307912271450292,-145.47147529980666,4.763594264932384,"[0.999968703188552, 0.9170439805092208, 0.8237352688923354, 0.7396015832292907, 0.7843040920063666, 0.998731974816692, 0.9728080859641559]",red,"{""accelerate"": true}",-0.9497279833549221,pure_ml,edge_case_speed_limit
1765200026.869623,0.5219851242010746,0.6480461114629141,22.479155862105845,3.510538246880177,"[0.66482116303111, 0.5455960247897174, 0.5232142164795028, 0.4084475546112649, 0.4778129368131922, 0.6367027597003642, 0.630423525679451]",green,"{""accelerate"": true}",8.577007410890353,hybrid,normal_driving
1765200027.869623,0.17274579660870693,0.3476982461983712,-46.151370455930554,2.440326173679581,"[0.6325276575530697, 0.9956278030122874, 0.45142945185300004, 0.7796128463367384, 0.5342436203494599, 0.7838790770501187, 0.9479688137159787]",yellow,"{""turn_right"": true}",7.876855119084133,pure_ml,normal_driving
1765200028.869623,0.12418431355491828,0.6294702330106696,126.67593466388584,1.6189731107122303,"[0.8586273566755502, 0.8404221157575938, 0.6854074540877884, 0.9705791006687978, 0.8841979102069369, 0.6811637178736364, 0.4631428164832922]",green,"{""turn_right"": true}",4.158850630377788,hybrid,normal_driving
1765200029.869623,0.8285406821305787,0.31886756777056285,-109.13338483076923,4.263993507293453,"[0.6826089951932766, 0.6724504619353202, 0.766234404252901, 0.6973549106480278, 0.912605315526438, 0.649333302865585, 0.8727478636062522]",red,"{""turn_left"": true}",-12.382261963667677,pure_ml,traffic_violation
1765200030.869623,0.27617194416544316,0.4199231141559996,-35.995607162369026,1.9994185055095977,"[0.42467856693689643, 0.5130297352983092, 0.9342612130422278, 0.559520964617022, 0.816677982652477, 0.5612103182336265, 0.8499074616168042]",yellow,"{""turn_left"": true}",8.783249969206617,hybrid,normal_driving
1765200031.869623,0.49992699643361505,0.5257498951348023,-6.254647468488473,2.4679345673252726,"[0.7660350968406215, 0.7659902849761651, 0.4779787630285173, 0.5530168100074243, 0.6680842811867584, 0.7556586101725319, 0.7129388154735915]",green,"{""turn_right"": true}",5.314132649707629,pure_ml,normal_driving
1765200032.869623,0.30875672034331547,0.22789673567975643,-175.8050860049431,2.035265150593468,"[0.5606502987951016, 0.40541267982107887, 0.759006381665895, 0.6368404405745539, 0.7535793924991165, 0.8685506118858688, 0.7563545090171573]",green,"{""accelerate"": true}",10.020207634072689,hybrid,normal_driving
1765200033.869623,0.3316760114664269,0.454390223438538,96.80424177623652,0.9600907891100435,"[0.003665253466539009, 0.14187537386742063, 0.01787739755583753, 0.1484736778759001, 0.39085882065555566, 0.44820067088267357, 0.6855533150564652]",red,"{""brake"": true}",-6.936162701408299,pure_ml,collision_avoidance
1765200034.869623,0.43334170216448464,0.7680365534313021,7.3477874537170065,0.4014991286452254,"[0.11623522008247861, 0.03479693689882062, 0.17529054607730807, 0.15939451244791733, 0.24861939847047312, 0.44835979472884574, 0.5465342041860632]",red,"{""brake"": true}",2.913527029412169,hybrid,collision_avoidance
1765200035.869623,0.6502204308198275,0.6396997323614384,-172.94235124089457,4.104327901113641,"[0.5354456293183787, 0.9182332453727595, 0.8240546410346272, 0.47014805772026336, 0.6989441597813006, 0.8472126059667072, 0.8867590427551328]",yellow,"{""accelerate"": true}",8.100924929328492,pure_ml,normal_driving
1765200036.869623,0.5488806822563441,0.6683814915592459,-2.173908375305687,0.9386469291878011,"[0.1915637053191457, 0.11948724435461158, 0.015018063223397826, 0.2984490649747976, 0.34286220685176305, 0.5166764279622795, 0.7010452414190687]",green,"{""brake"": true}",2.9934664043460266,hybrid,collision_avoidance
1765200037.869623,0.795563346708023,0.660856843835582,-142.0187906795062,2.631209929403271,"[0.42194466148639664, 0.45698361038679675, 0.504078618353546, 0.4159584669422657, 0.628337319435788, 0.673424010275673, 0.8697135242986102]",green,"{""change_lane_left"": true}",6.815648524422224,pure_ml,normal_driving
1765200038.869623,0.7647029158596301,0.2109011118660591,-94.63866138927807,4.040589190678029,"[0.7062877439690524, 0.7617800714486478, 0.6009136348220386, 0.9102862824615219, 0.9592754382564037, 0.8351473915739386, 0.9092450730130865]",red,"{""accelerate"": true}",-46.12201544807481,hybrid,traffic_violation
1765200039.869623,0.1422844543190882,0.322928522361827,7.476174364521929,1.6409550271129814,"[0.4604498917416283, 0.40645325108930913, 0.8714168685422727, 0.6991941918134058, 0.601517265611474, 0.8232373161633562, 0.7806047470771088]",green,"{""brake"": true}",2.2303833208164843,pure_ml,normal_driving
1765200040.869623,0.26953881561221227,0.2960605205037474,54.45100343112312,0.4309108946745509,"[0.0, 0.0, 0.0, 0.0, 0.0, 0.0, 0.0]",yellow,"{""brake"": true}",-18.462769015916837,hybrid,sensor_failure_complete_failure
1765200041.869623,0.5912425293456296,0.6896569223379485,145.31737021829574,0.5278793487042808,"[0.281499662585204, 0.2968620800017987, 0.20658737924216297, 0.11637162384345318, 0.3388181285032268, 0.3355918806320795, 0.5286359250679993]",green,"{""brake"": true}",-4.998976364294153,pure_ml,edge_case_extreme_weather
1765200042.869623,0.1958241976535783,0.5534406671384715,-25.930970643112133,2.7999157155838676,"[0.8481260831704546, 0.6551420571197968, 0.6315467185973587, 0.6737016518661356, 0.4066383453742022, 0.6055777378932885, 0.6580116548104298]",green,"{""accelerate"": true}",11.340372440430087,hybrid,normal_driving
1765200043.869623,0.5792721134928883,0.5380293229694515,-154.5479029783779,3.6636565227610114,"[0.9743522093211208, 0.825039909224225, 0.5071448209850331, 0.8858152150777371, 0.6151162985435802, 0.8638210669148789, 0.4579796431005762]",green,"{""accelerate"": true}",12.920560199016222,pure_ml,normal_driving
1765200044.869623,0.651849272721076,0.22016629264813922,-29.299696266851505,1.960570410031587,"[0.8070407515206485, 0.8166499144453575, 0.6794718661092607, 0.6908032856985279, 0.651805928089913, 0.5879370933415785, 0.4619412252812213]",green,"{""change_lane_right"": true}",10.160673795423214,hybrid,normal_driving
1765200045.869623,0.6606731682248818,0.25848351589295726,156.62539250440827,2.145337851463327,"[0.4438890259380047, 0.4121846522910787, 0.8435731624599629, 0.9931298344707882, 0.9158747732028797, 0.8623933220498428, 0.7490162523155164]",red,"{""turn_left"": true}",6.613205592699726,pure_ml,normal_driving
1765200046.869623,0.8762518593186126,0.6954422853840763,-161.48142320122122,3.9905158381049333,"[0.417847770499047, 0.7516723545888493, 0.6568595233819141, 0.6571966949133626, 0.9806515952788827, 0.8493636889101976, 0.6846783452204159]",yellow,"{""accelerate"": true}",12.226560569770024,hybrid,normal_driving
1765200047.869623,0.1780791723276324,0.6662543257988576,153.18371244109935,2.115653230713354,"[0.910498955329794, 0.9184770114260074, 0.7970635094228133, 0.49485057809482125, 0.8225485697040782, 0.47172177230968365, 0.7202217951016832]",green,"{""accelerate"": true}",10.685949437866363,pure_ml,normal_driving
1765200048.869623,0.8746364585913928,0.5114357653423283,168.4180987301809,0.37350199623617364,"[0.040993902337937566, 0.12397339579202282, 0.09579036749504866, 0.2946721578019428, 0.22571123418464, 0.2574636117126524, 0.7260765051814531]",red,"{""brake"": true}",-9.782205572940985,hybrid,collision_avoidance
1765200049.869623,0.35086212821000484,0.5057421444440531,69.08592204228694,4.505656900614041,"[0.9617437584698323, 0.9159631195717225, 0.7336020890015161, 0.8502343431975996, 0.7227788565863371, 0.7830527504581957, 0.9795474716042701]",red,"{""accelerate"": true}",-48.68729474601583,pure_ml,traffic_violation
1765200050.869623,0.6690625966595041,0.42689841125641587,-151.8097554168318,1.998160612474475,"[0.4488101512478423, 0.7275946179985862, 0.7396675765445928, 0.8458521312406122, 0.615857458305126, 0.9267963497929209, 0.5884807181449575]",red,"{""turn_right"": true}",5.936757803935244,hybrid,normal_driving
1765200051.869623,0.3881249009607681,0.3623936451749958,151.22385350143747,3.9618125850751413,"[0.9541377254415717, 0.6711873746511208, 0.5794289576277661, 0.9788755074478203, 0.6454933397915577, 0.8928472411723488, 0.7101868449146904]",yellow,"{""accelerate"": true}",8.383869856171472,pure_ml,normal_driving
1765200052.869623,0.4462612735219762,0.6782427899833743,8.798566525585596,2.886197843304856,"[0.7389565068677497, 0.586392599122359, 0.5018070665316571, 0.5513377093194233, 0.4910196112596659, 0.8886972702867634, 0.6146469013069511]",green,"{""turn_left"": true}",7.418951275085968,hybrid,normal_driving
1765200053.869623,0.26459926827185565,0.5914753810648863,117.08224976771059,3.5773045247472464,"[0.9707402107218451, 0.749584180827165, 0.4055341430967413, 0.8287975202425438, 0.7320559237585889, 0.7559139037012752, 0.42913638531860826]",green,"{""accelerate"": true}",10.872513904924023,pure_ml,normal_driving
1765200054.869623,0.6542330967916692,0.38903977659216926,-141.0770559772353,3.402431312878133,"[0.4057634650903922, 0.93503684341598, 0.9782112134481254, 0.64565699586203, 0.5587929046732266, 0.8653746838455754, 0.9804032673997101]",yellow,"{""accelerate"": true}",14.817341054084759,hybrid,normal_driving
1765200055.869623,0.1622495219675944,0.6010373525561037,47.48290741328633,4.945661851805632,"[0.8487486739515309, 0.652428431612451, 0.7272526929670511, 0.6873341915567781, 0.9935042796879653, 0.9417600139345244, 0.9848025044897708]",red,"{""accelerate"": true}",-30.557337241401648,pure_ml,traffic_violation
1765200056.869623,0.7252488050109935,0.38057295210756736,-154.87895598553632,4.627382267299052,"[0.7578207798943443, 0.8414593867762469, 0.8777567532452356, 0.9561541063457899, 0.764724059227947, 0.9774372194064076, 0.9028988800048802]",red,"{""accelerate"": true}",-11.686211057950711,hybrid,edge_case_speed_limit
1765200057.869623,0.667173574317976,0.600190720046748,36.718036784366696,3.1433436853209518,"[0.7120458409372925, 0.8654731678559637, 0.8868863427977367, 0.45853637284624316, 0.5548150471811149, 0.5893858240395633, 0.5254521325723949]",green,"{""change_lane_left"": true}",7.246322330236616,pure_ml,normal_driving
1765200058.869623,0.8084147122423578,0.502556750255239,168.89551048646015,2.6992942329905047,"[0.6287653595537209, 0.5925748012410063, 0.9435287923175536, 0.6095653318370102, 0.7917824561316122, 0.8414880255742285, 0.6434274705384886]",green,"{""accelerate"": true}",12.582378129690792,hybrid,normal_driving
1765200059.869623,0.39331185316861006,0.37598288054812157,165.52744194087404,4.390259697896776,"[0.9364379377981609, 0.7060249545449011, 0.8322739948380066, 0.8455757549707458, 0.6478182320614644, 0.6278473352034123, 0.842486867429022]",red,"{""accelerate"": true}",-27.595127547824063,pure_ml,traffic_violation
1765200060.869623,0.6184330993716627,0.6817428523054947,-59.08539010871785,1.2259898112797658,"[0.18106077927727005, 0.27618576888179336, 0.10677916542819683, 0.1674007229884753, 0.297143598118036, 0.3693463432378713, 0.4470894239118246]",green,"{""brake"": true}",4.194377653369584,hybrid,edge_case_extreme_weather
1765200061.869623,0.26419344320228133,0.5806940224300796,-167.44802991784638,4.34647887353438,"[0.4871661977359891, 0.4435948156273451, 0.7153648696665318, 0.6353661439371914, 0.5615499708490663, 0.6463641042587268, 0.7998040006673077]",green,"{""accelerate"": true}",14.280196905035663,pure_ml,normal_driving
1765200062.869623,0.40665869166218305,0.49491028033993323,175.35640894464012,2.903239083589258,"[0.45100530614079876, 0.6923354357957565, 0.898267823332647, 0.7136237058693726, 0.4720723757308469, 0.5084969011415942, 0.9151404760554992]",green,"{""change_lane_left"": true}",4.08355101768088,hybrid,normal_driving
1765200063.869623,0.7574903564101958,0.534059685116957,-142.93357080714196,1.4231120091653995,"[0.8, 0.8, 0.0, 0.5697342877683909, 0.5961671851348743, 0.5513138055641058, 0.5025270433966693]",green,"{""brake"": true}",-3.342489933631331,pure_ml,sensor_failure_partial_failure
1765200064.869623,0.752756715928548,0.22523148048850236,-113.9286268430124,2.9295790986163803,"[0.6507712811684356, 0.4388575932670326, 0.7952790032388599, 0.5828200176311261, 0.433099289860312, 0.9561018993540275, 0.6855961012882774]",green,"{""change_lane_left"": true}",4.190510122445257,hybrid,normal_driving
1765200065.869623,0.6802114326330158,0.6447030156902421,-5.366606823288018,2.3349990625583987,"[0.651078698507741, 0.9919541008695117, 0.5567490131489339, 0.9403538164428604, 0.6521860280403586, 0.501628155964065, 0.7768689213314757]",green,"{""turn_left"": true}",4.254727384295428,pure_ml,normal_driving
1765200066.869623,0.758760389995228,0.3240553980326366,-166.3397096039033,4.106203699689467,"[0.882477791430444, 0.9800366051416569, 0.9750843264029849, 0.836609018169359, 0.9286223791405991, 0.719063073918581, 0.9786824268222198]",red,"{""accelerate"": true}",-48.19855953676371,hybrid,traffic_violation
1765200067.869623,0.687586812199106,0.30301398324493833,23.945865737571175,3.3989464935837743,"[0.9252353461160088, 0.6365845226436486, 0.48761627521820156, 0.5335776070286, 0.9205417226617227, 0.5086943359774618, 0.759399531579563]",green,"{""turn_right"": true}",5.246738761543716,pure_ml,normal_driving
1765200068.869623,0.7313978260013722,0.35947059466897036,179.66475649825185,0.5352999394782495,"[0.008652342702432581, 0.1565523739826009, 0.10677363914152163, 0.1950028841862742, 0.2931556016933168, 0.523718953281938, 0.7538304268485614]",green,"{""turn_right"": true}",-0.9175794848415588,hybrid,collision_avoidance
1765200069.869623,0.6177038018915461,0.5387089647724086,76.67017682561357,2.673515110920701,"[0.8989603015611816, 0.9025937123653726, 0.8315212988881253, 0.8030659619502729, 0.8319231197906383, 0.9590392414955473, 0.9050181201162105]",yellow,"{""accelerate"": true}",6.808209945436815,pure_ml,normal_driving
1765200070.869623,0.6816679047272377,0.7437568331751456,23.570742336380683,2.6785310999203964,"[0.6614610113770177, 0.6837575377399217, 0.8063096464537491, 0.6305362533352424, 0.4586440958054197, 0.6569974996802161, 0.8565324170054265]",yellow,"{""accelerate"": true}",12.310812476372215,hybrid,normal_driving
1765200071.869623,0.7794640464969511,0.34873680539526986,-163.423048224092,3.1822235074829948,"[0.6067399171590566, 0.44810625344645943, 0.6610268088859026, 0.9259129852380734, 0.9668151136364768, 0.76362708741609, 0.8272323281838767]",green,"{""accelerate"": true}",8.234418030528975,pure_ml,normal_driving
1765200072.869623,0.6739935427900821,0.49122905134265166,26.93333718649514,4.011973690885818,"[0.9797732987097819, 0.40180683040199616, 0.728279248076936, 0.795165909952728, 0.7563435435414567, 0.8309139939456353, 0.4839403873515455]",yellow,"{""accelerate"": true}",5.856931868916211,hybrid,normal_driving
1765200073.869623,0.1688706379349041,0.6822554546163379,-168.6001028227095,2.8049947346886253,"[0.6066770595717919, 0.876651853588007, 0.8730775936945652, 0.5660570966544204, 0.6177223251367016, 0.6086484153680956, 0.6216234796457791]",green,"{""accelerate"": true}",12.491307717998536,pure_ml,normal_driving
1765200074.869623,0.2193159529877705,0.5885708991209517,163.85979927444936,3.9671297581730203,"[0.7170078946251377, 0.8402704169059165, 0.8658412935688551, 0.8971512589205117, 0.5236013682970989, 0.7837621368551932, 0.9149947152150705]",green,"{""accelerate"": true}",11.788141272787968,hybrid,normal_driving
1765200075.869623,0.2742797193723413,0.44621062288320246,-165.4819731597193,3.225853521818496,"[0.5897347532562207, 0.8052977166956012, 0.916392727333177, 0.4453245360510244, 0.8544546520228851, 0.9251036583165798, 0.5053199759938456]",green,"{""change_lane_left"": true}",9.99092642995903,pure_ml,normal_driving
1765200076.869623,0.7977829458194488,0.7529482755580701,110.16746668652532,1.099309985461692,"[0.2705059527623893, 0.20528814017325392, 0.18791268376770853, 0.3259686560152169, 0.31723187437156336, 0.5405719113079608, 0.6095312457928258]",yellow,"{""brake"": true}",6.074838336549874,hybrid,edge_case_extreme_weather
1765200077.869623,0.49099744014852276,0.44075138005924963,17.699814605893142,3.3779835757783054,"[0.8758979478087292, 0.8903312718281925, 0.8547595546854614, 0.7012597339961342, 0.7484450881309492, 0.9247219986653277, 0.908501583743076]",red,"{""turn_left"": true}",2.0431349736714672,pure_ml,traffic_violation
1765200078.869623,0.2705487903430771,0.7116038889574172,137.8130456139529,1.5249776329499456,"[0.9219400799761607, 0.6482348816055739, 0.7355460598848089, 0.9492205965726971, 0.6976534147603695, 0.5743226525827907, 0.9660678688575203]",yellow,"{""brake"": true}",6.256696253752512,hybrid,normal_driving
1765200079.869623,0.2596257263782814,0.33439467893811614,-12.809952211320986,3.304814300867872,"[0.9810373115534219, 0.7769135313876703, 0.6072231783479981, 0.7188756609193763, 0.5302239114576325, 0.45053871930582623, 0.9340553327327188]",green,"{""accelerate"": true}",9.41565551003367,pure_ml,normal_driving
1765200080.869623,0.45152549869742564,0.21276289363782802,120.6703951125426,3.669988356078952,"[0.7130885407588106, 0.4293013155960482, 0.7665878885580124, 0.8769645800135375, 0.45591761213240045, 0.981577566736242, 0.8830344097489045]",green,"{""accelerate"": true}",6.298519239003641,hybrid,normal_driving
1765200081.869623,0.42466395970578275,0.7489561287270405,43.12452469382096,1.2624711249278353,"[1.0, 1.0, 0.1, 0.1, 0.39017606976118113, 0.47956752517282597, 0.4107215057880166]",green,"{""turn_right"": true}",10.356254073763415,pure_ml,edge_case_sensor_edge
1765200082.869623,0.1673215700014425,0.6344620217743389,13.684136385242963,2.6315159171185813,"[0.7611897687487221, 0.920440811052089, 0.7011629983386052, 0.7024658465733487, 0.5179839568674898, 0.7399660842317033, 0.791962593332147]",red,"{""change_lane_right"": true}",4.071728524963562,hybrid,normal_driving
1765200083.869623,0.725982310969178,0.5215420039684755,-162.12778515311393,3.023736743316518,"[0.7816447592417021, 0.7080707873402612, 0.5407756703498039, 0.762855909696899, 0.6878334343442383, 0.8260880275996264, 0.5424018904231784]",green,"{""turn_left"": true}",3.103178880978318,pure_ml,normal_driving
1765200084.869623,0.2895471249829081,0.3670309712443328,-177.50674218732487,2.31265235242964,"[0.7285307514126429, 0.7520389674506961, 0.7739438637597976, 0.8167592838009132, 0.5737058829847205, 0.5998923524811183, 0.40594703973203616]",red,"{""accelerate"": true}",7.148437779870775,hybrid,normal_driving
1765200085.869623,0.6872292045980853,0.7931408892668894,171.19126285281038,2.5249859918342477,"[0.503943376748321, 0.7110475898320365, 0.4346936738278604, 0.6538251831978577, 0.8593442146231877, 0.7248798700647753, 0.8295145705472267]",yellow,"{""turn_right"": true}",3.9510579820549685,pure_ml,normal_driving
1765200086.869623,0.7052972024010281,0.702991257347692,145.46228811740798,3.7045865036325125,"[0.6644395522955713, 0.49469933855403725, 0.7745271294950673, 0.9523903011002951, 0.6630449669910261, 0.5261199045721389, 0.684885892491403]",green,"{""accelerate"": true}",6.1729458650851505,hybrid,normal_driving
1765200087.869623,0.23069876894949523,0.7382835747534509,-76.43785822438984,3.1657055849525872,"[0.6990036395508847, 0.5959468033993461, 0.5403929479310421, 0.8712338632503949, 0.46972205479865375, 0.938352666678138, 0.5602699155910158]",green,"{""change_lane_left"": true}",11.392104040165314,pure_ml,normal_driving
1765200088.869623,0.6419414130952706,0.5585894145222672,-9.212855825573461,2.265153054194035,"[1.0, 1.0, 0.4057952503806179, 0.5067352260027602, 0.0, 0.5324483832212319, 0.0]",green,"{""turn_right"": true}",-2.315027959941732,hybrid,sensor_failure_stuck_sensor
1765200089.869623,0.37063881453241077,0.4665626576631559,5.295374809301843,0.9825730985281087,"[0.1503530504685747, 0.02229878604687683, 0.05918249345257958, 0.1542396182023314, 0.2280185488832772, 0.5385102649745612, 0.7568444281974422]",yellow,"{""turn_right"": true}",5.441790197433198,pure_ml,collision_avoidance
1765200090.869623,0.6247732124698655,0.27058119713653916,147.22843906554706,0.22874066161257345,"[0.2911205995576818, 0.26167350883245877, 0.12755513606788477, 0.23536149806833212, 0.2448499017729016, 0.301458268292126, 0.474426722716063]",green,"{""brake"": true}",-0.42343692103054664,hybrid,edge_case_extreme_weather
1765200091.869623,0.7392355542652683,0.3069482938942113,-142.91146425106757,1.5603424726028507,"[0.7050834694346585, 0.7192879149175272, 0.8022743108580024, 0.6670345150695715, 0.6602254488268635, 0.5635262593183726, 0.7182775520061212]",red,"{""turn_right"": true}",6.55107432795543,pure_ml,normal_driving
1765200092.869623,0.2569824364558986,0.749693962287405,-59.403582767015784,2.2307134890615994,"[0.9040043027579142, 0.8963686563949034, 0.5531699674609264, 0.555191834056907, 0.4193959187792456, 0.4599491933324722, 0.8722895697051349]",green,"{""accelerate"": true}",9.64070629214769,hybrid,normal_driving
1765200093.869623,0.36322515270644096,0.4079093227869598,43.86677251692708,3.4604104878036406,"[0.6099673155382755, 0.5692256027890668, 0.6192754654533283, 0.7258527525717731, 0.5726155750874604, 0.4649174435868006, 0.9181260700289057]",green,"{""accelerate"": true}",7.3727777086817134,pure_ml,normal_driving
1765200094.869623,0.4617806590831107,0.34830942005104376,157.4111474541883,3.4727871994080814,"[0.453580106193782, 0.5541219938995722, 0.6094948874189892, 0.9776852630566829, 0.9145666886844562, 0.820219779103593, 0.5451111789143765]",green,"{""turn_left"": true}",8.510141781429525,hybrid,normal_driving
1765200095.869623,0.48965849669585904,0.6791052357586558,161.3150337552874,4.9299088660664605,"[0.6422985562331488, 0.9688064834656787, 0.6164841867114252, 0.7067942525689794, 0.6150092322188658, 0.7350430628375846, 0.6581757358806207]",red,"{""accelerate"": true}",-13.348710791215296,pure_ml,traffic_violation
1765200096.869623,0.36561969838426467,0.28338538296517035,150.9034984625241,3.2672400028193698,"[0.8097899721205115, 0.8022606522445548, 0.9120038629261072, 0.444218017682269, 0.6465955397586116, 0.6816126747442066, 0.4713663078829438]",green,"{""accelerate"": true}",13.252847472263193,hybrid,normal_driving
1765200097.869623,0.6391802122193868,0.4134222919154549,153.72724610870748,3.31967636367887,"[0.9729970467998127, 0.5551660033910708, 0.48684739377906566, 0.6594335465370721, 0.8417726020774923, 0.6107382106667827, 0.750183663329393]",yellow,"{""accelerate"": true}",8.072909065591663,pure_ml,normal_driving
1765200098.869623,0.441445973875352,0.5824933350923317,-25.326257000853975,2.98669624353282,"[0.8711385717778002, 0.8473211859145064, 0.8499078935212423, 0.7134740834388656, 0.7445372364679052, 0.7039570689065033, 0.4814718980800583]",green,"{""accelerate"": true}",8.169012845670299,hybrid,normal_driving
1765200099.869623,0.19367703346541865,0.7529027691608599,153.8942342162119,4.120837080205359,"[0.8939573215486422, 0.6936182463424516, 0.8402450264953408, 0.8989181798687952, 0.6589776247743809, 0.7998975967954094, 0.6897068919707561]",red,"{""accelerate"": true}",-45.01439919581276,pure_ml,traffic_violation
1765200100.869623,0.40034508932532864,0.2241583452040229,104.18769814860008,1.4009799347965295,"[0.24159862718576766, 0.2049939800421655, 0.22211779912649948, 0.3881155201769221, 0.4319145888186858, 0.4624391991468427, 0.4490543222419948]",yellow,"{""accelerate"": false}",1.4334610043571727,hybrid,edge_case_extreme_weather
1765200101.869623,0.46135307474023723,0.49545834658478927,-20.845768680647907,2.8954028470109643,"[0.48348891375236336, 0.4772190179779627, 0.9699312370338119, 0.4995378167915692, 0.7148942349706806, 0.662462284552999, 0.7284122054542947]",red,"{""change_lane_right"": true}",6.330482646126962,pure_ml,normal_driving
1765200102.869623,0.7789788852789408,0.4043099778322838,-128.42633122728884,2.5030134352179463,"[0.9349663089424629, 0.5987093686859083, 0.9068166951415974, 0.8636462978291779, 0.8560746616411714, 0.5635925219644793, 0.6416632090907852]",green,"{""accelerate"": true}",7.906163755139419,hybrid,normal_driving
1765200103.869623,0.5103352283128166,0.725759154154707,-4.994925969926586,2.905040009073659,"[0.6877671628897708, 0.6841966693504549, 0.6534509533723152, 0.6947352812140044, 0.8652450706056034, 0.47004234968103337, 0.44849274045585624]",yellow,"{""accelerate"": true}",5.030153531267266,pure_ml,normal_driving
1765200104.869623,0.7984779206018213,0.2864528484632493,-166.82219412558763,1.0510680533779964,"[0.55305708129601, 0.9176999931817004, 0.638505549576011, 0.49953752374019916, 0.9053109685048739, 0.677203164006491, 0.5524734576053075]",green,"{""brake"": true}",2.891606655427963,hybrid,normal_driving
1765200105.869623,0.38278022788757815,0.2772399180909861,-77.1921035508358,1.8111425448038116,"[0.4398250761195712, 0.45122763065504323, 0.5686740567040074, 0.4539477087936655, 0.40230532179964673, 0.5522482829246211, 0.6978383973507942]",yellow,"{""change_lane_right"": true}",7.762004830660211,pure_ml,normal_driving
1765200106.869623,0.8480318337455893,0.452408137080583,-127.30349511799983,3.4271225373403955,"[0.44515590770745184, 0.528512491484425, 0.6772425033429583, 0.8289942125939063, 0.7403599477912366, 0.7684734262252915, 0.629704077140524]",green,"{""change_lane_right"": true}",10.16892604468499,hybrid,normal_driving
1765200107.869623,0.5125090730439913,0.46386848701379824,136.05866313233022,4.6366568851233785,"[0.70840726244183, 0.9443911760724883, 0.8496736688171921, 0.6127121620167126, 0.7363977538664426, 0.6883272209249809, 0.9261789899308167]",red,"{""accelerate"": true}",-10.486490653019686,pure_ml,traffic_violation
1765200108.869623,0.3237441618523958,0.7011087138633545,15.73448627817453,3.306537562415439,"[0.915704993488156, 0.890538021589088, 0.7288478579411611, 0.5242780500617328, 0.9558498606848609, 0.4577677464756219, 0.6958035451178511]",green,"{""accelerate"": true}",10.834597554814126,hybrid,normal_driving
1765200109.869623,0.7305261612431383,0.44294938373598364,-14.33254935119343,1.8547719742946602,"[0.9457524654821692, 0.7656523006181466, 0.411308992788747, 0.6919629001281813, 0.6385379306836018, 0.9183229732562594, 0.41413866065730626]",green,"{""change_lane_right"": true}",8.456997531553625,pure_ml,normal_driving
1765200110.869623,0.6641996088295745,0.7533583485898958,34.262229503473826,0.35245215399229946,"[0.2680071336392633, 0.17026346514630245, 0.26771761990619036, 0.14396100813910845, 0.25204129558255295, 0.5338143397736393, 0.5341444936448649]",red,"{""brake"": true}",5.657787353599819,hybrid,edge_case_extreme_weather
1765200111.869623,0.5163516026130854,0.3152192558777663,-42.715080263922715,0.22707256423158784,"[0.13752579850782592, 0.039628465351174993, 0.025355718792049165, 0.1770143831763523, 0.17038865525395802, 0.4680866435732068, 0.7945950662710848]",red,"{""brake"": true}",0.7206041577810502,pure_ml,collision_avoidance
1765200112.869623,0.8923908599885754,0.20845630500990325,34.76031162105981,2.394309115002264,"[0.5116397377765259, 0.6978759913771482, 0.6488550790614673, 0.9340486948550825, 0.9614038095677723, 0.6814184465582364, 0.5919009887250339]",green,"{""turn_right"": true}",9.57713244276136,hybrid,normal_driving
1765200113.869623,0.38833049158007005,0.3304723358633632,-36.33069128361397,3.9895177875822485,"[0.9793261468418031, 0.5076839693345585, 0.9783413846256825, 0.8575605610836627, 0.5880375550059057, 0.8013464828196304, 0.841614306812499]",green,"{""accelerate"": true}",11.108734683576042,pure_ml,normal_driving
1765200114.869623,0.293309105222301,0.7294412761301181,90.94924283346917,2.456286120917615,"[0.7973792916209061, 0.9037645336741752, 0.6784948963536471, 0.6126098604889029, 0.5359254327392136, 0.7346713924706492, 0.47184963389331486]",yellow,"{""accelerate"": true}",9.61541972897336,hybrid,normal_driving
1765200115.869623,0.8568055086032568,0.05,132.13895169308861,1.4556741939349234,"[0.40540913045795735, 0.27190207782448483, 0.4504395679216707, 0.61633334510439, 0.8267071260155074, 0.6535855870090951, 0.82975602336856]",green,"{""turn_left"": true}",-7.447609144695589,pure_ml,edge_case_road_boundary
1765200116.869623,0.6180520929346346,0.7742249507766019,-140.55114447500466,3.051855164011702,"[0.9196595019378109, 0.9759320245395391, 0.8153714893395465, 0.7365517662292745, 0.8588347606769952, 0.9433444085376764, 0.4638871750472896]",green,"{""turn_left"": true}",7.497421872535434,hybrid,normal_driving
1765200117.869623,0.8515100312755878,0.7509162606736068,-164.63411509556266,2.024452920811615,"[0.5863433165414434, 0.7344986771111701, 0.5522861481865762, 0.767743632215768, 0.4472838440463097, 0.8746149069749953, 0.470511662204417]",green,"{""accelerate"": true}",5.3494908710806826,pure_ml,normal_driving
1765200118.869623,0.19491804301272017,0.53470611855023,145.68143158923118,3.5996701809648237,"[0.7209186742377267, 0.6085325947495742, 0.9459708972946531, 0.6227001904466554, 0.7430800307506004, 0.6965544953691897, 0.7813966227501534]",red,"{""turn_right"": true}",-13.123065521078585,hybrid,traffic_violation
1765200119.869623,0.33290463672861137,0.6216602222821344,-152.375989606021,2.6508814775825758,"[0.6438732740169909, 0.5594768696813821, 0.9974316662567617, 0.9259574556418244, 0.49214923614779, 0.6214354216638243, 0.5293444791748425]",green,"{""change_lane_left"": true}",5.923178713235359,pure_ml,normal_driving
1765200120.869623,0.4930830464847209,0.7065922428336175,35.598735058903365,4.614757081836185,"[0.7406700334714411, 0.9190486836146662, 0.8546259609636144, 0.7845612717456535, 0.8035723901279808, 0.7981473263227623, 0.873994097035997]",red,"{""accelerate"": true}",-13.112112664053221,hybrid,traffic_violation
1765200121.869623,0.5800539947961544,0.212377280476578,-35.47261280253807,4.662066859125959,"[0.6230239011954865, 0.9317933318196132, 0.735823162926197, 0.6672160664912089, 0.775588065003749, 0.8021406769818367, 0.7023287341749258]",red,"{""accelerate"": true}",-13.875010782688463,pure_ml,traffic_violation
1765200122.869623,0.6733575370983259,0.46585594025952287,-166.8643084048198,4.11648850548806,"[0.9915554400631906, 0.896466688064464, 0.6992054833307426, 0.4767030373421808, 0.4957104713836606, 0.8659989779442856, 0.44127466940034205]",yellow,"{""accelerate"": true}",6.864823985875523,hybrid,normal_driving
1765200123.869623,0.7629148133993929,0.6720655510423554,-133.5589162625535,0.6127606964325731,"[0.6694726344164383, 0.7395237684107021, 0.7971049500434255, 0.9267602013361511, 0.7140052731119699, 0.8287040466358004, 0.8864250512700749]",yellow,"{""brake"": true}",4.9669530479108115,pure_ml,normal_driving
1765200124.869623,0.22277626107329196,0.3413148356426867,25.66501838545263,1.5015711955249127,"[0.07396710417004482, 0.08149709619396113, 0.14744347037726893, 0.22848213123512387, 0.2098815569098714, 0.27195879297185466, 0.5323484151086302]",yellow,"{""turn_right"": true}",-1.1969807351707207,hybrid,collision_avoidance
1765200125.869623,0.8020707515303902,0.95,146.5783482932323,1.8561129663449565,"[0.48158389646101163, 0.5410627562057101, 0.38320919336071607, 0.4887920870610278, 0.569576628828238, 0.7819509149702756, 0.9500256985475415]",green,"{""turn_left"": true}",-4.629954902213791,pure_ml,edge_case_road_boundary
1765200126.869623,0.34159209726204376,0.4870769746473983,-126.4819719273499,3.9875208291918613,"[0.5912191692976818, 0.5058417880646928, 0.6739714730600284, 0.9520439556624717, 0.9490973962658199, 0.47479936989319693, 0.41892539740936624]",yellow,"{""accelerate"": true}",14.16687401249121,hybrid,normal_driving
1765200127.869623,0.8148526864237507,0.24295348549490864,-121.81790255797863,4.207514595566936,"[0.923653482083761, 0.8458913736556795, 0.9990757107608339, 0.9158739722479494, 0.9327510107172028, 0.8086251922143826, 0.6587302040431303]",red,"{""accelerate"": true}",-17.721913969902083,pure_ml,traffic_violation
1765200128.869623,0.2398450930418844,0.26087145826126784,-86.2642128652703,4.246969071351705,"[0.5712542865840046, 0.44681764605842256, 0.9636169665907095, 0.6519225519333338, 0.9300268496783914, 0.7028857048268302, 0.9918598531889328]",green,"{""accelerate"": true}",12.791973214713678,hybrid,normal_driving
1765200129.869623,0.2229633142758939,0.5058838543053161,-144.55042825411223,0.8946562894059581,"[0.07374207880920017, 0.05618292381062173, 0.13137324873786935, 0.24203386777607427, 0.3721988014923854, 0.2763905528629454, 0.6389542795165719]",yellow,"{""brake"": true}",2.850797357349,pure_ml,collision_avoidance
1765200130.869623,0.8086808285210693,0.6379021463022065,4.750330353767002,2.458259701924377,"[0.1, 0.1, 0.1, 1.0, 0.5882907001501918, 0.3659236650943564, 0.6356654553068719]",green,"{""turn_right"": true}",7.442787168915512,hybrid,edge_case_sensor_edge
1765200131.869623,0.47927034045897576,0.5365720585414799,48.909405364388704,3.8297695352945516,"[0.6139889212431264, 0.7370602239474009, 0.8357620325406654, 0.9286616242867924, 0.8599588257792135, 0.5343216141496447, 0.41906318251349706]",green,"{""accelerate"": true}",13.543450779874519,pure_ml,normal_driving
1765200132.869623,0.5151484269829065,0.5756587548556956,-147.73231175349736,1.5898694232537718,"[0.1, 1.0, 1.0, 0.1, 0.4943977998710217, 0.5099478998837648, 0.6721583384302728]",green,"{""turn_right"": true}",0.3485486587515463,hybrid,edge_case_sensor_edge
1765200133.869623,0.4201491524144487,0.28806875985451313,-149.70529341922594,3.0937915646795595,"[0.8007158910422238, 0.646056708541088, 0.4640889761097675, 0.7897097440217926, 0.5564621163001997, 0.9251466493671906, 0.603140670881687]",green,"{""accelerate"": true}",9.9089486269447,pure_ml,normal_driving
1765200134.869623,0.4560710351185745,0.42488227367127496,-33.81303971727649,2.153258127389471,"[0.6654252638512828, 0.7965795274952016, 0.7823917302720698, 0.6509364694202546, 0.4727646551137999, 0.5889111197194299, 0.7843026467637213]",green,"{""brake"": true}",5.60026669393516,hybrid,normal_driving
1765200135.869623,0.1415309595250694,0.22494661015696318,7.3563360748427264,1.179198171161087,"[0.047034128119564644, 0.005391314330860309, 0.19603258100158258, 0.23575130921532303, 0.2659803480514946, 0.2725784432374812, 0.5659652354170417]",green,"{""turn_right"": true}",2.5100412755719743,pure_ml,collision_avoidance
1765200136.869623,0.26164020333159754,0.49275486966529247,-121.13646851069088,4.197700986022039,"[0.7364434370489514, 0.6343337646823032, 0.9493607768480323, 0.7046172943004596, 0.9459787088499699, 0.84250215277233, 0.9014853027509642]",red,"{""accelerate"": true}",-34.56303886077774,hybrid,traffic_violation
1765200137.869623,0.21000125170671746,0.33758346381777504,-168.44689081977245,0.926448268374692,"[0.18891661065048976, 0.11168625951469434, 0.09876379222632713, 0.22489983808072395, 0.14425829138355434, 0.41542960154768716, 0.7423981877552033]",red,"{""brake"": true}",-9.744383639446847,pure_ml,collision_avoidance
1765200138.869623,0.23764759249361936,0.36967037514694434,-167.73642262599904,2.145736883626902,"[0.48344661888250184, 0.4206504812796919, 0.6195204118918313, 0.5388883021478569, 0.6212101009013735, 0.7153372900351547, 0.7129842380985912]",red,"{""accelerate"": true}",9.481270999521934,hybrid,normal_driving
1765200139.869623,0.3576960420234755,0.7235973323468539,48.88302491732924,2.5616686903556225,"[0.4323251863333012, 0.5953068306933497, 0.44991658495819065, 0.9544004148389406, 0.44559081042456067, 0.7005637737768221, 0.9567730865897618]",green,"{""turn_left"": true}",7.481695421617974,pure_ml,normal_driving
1765200140.869623,0.7770378792137458,0.5753039291715332,131.41279566727889,2.4191887585212184,"[0.5205482345824374, 0.9256599099022608, 0.654910908890558, 0.7043834351948046, 0.8819565453544007, 0.9011078088848311, 0.8184058725431225]",green,"{""turn_left"": true}",9.490001812888254,hybrid,normal_driving
1765200141.869623,0.3629696608502463,0.6109187967142635,-132.68459830973833,2.165156696262181,"[0.7433799633735065, 0.7170411168499357, 0.7935453670972576, 0.6604650125311813, 0.5969376489270504, 0.6139832807554432, 0.4975129073512372]",green,"{""accelerate"": true}",12.85768946773286,pure_ml,normal_driving
1765200142.869623,0.5831477717137724,0.5949919043046317,-77.22903150231473,4.553228389820039,"[0.6296100844623626, 0.7362487045512129, 0.6548377056573528, 0.7075869122772824, 0.6208226096942865, 0.8761308553532904, 0.9802005758386211]",red,"{""accelerate"": true}",-40.6503636144615,hybrid,traffic_violation
1765200143.869623,0.20053409199180747,0.3937564607832912,-14.94827685272698,1.8234082356246804,"[0.08030236243362279, 0.15205140000538553, 0.1884636938690383, 0.11968267579859647, 0.26305122393898756, 0.48759211293812804, 0.5233022844339095]",red,"{""turn_left"": true}",-0.241227170199096,pure_ml,collision_avoidance
1765200144.869623,0.7419221186746443,0.7986399531307053,133.42838765214478,4.8182312481747385,"[0.6436935425013466, 0.9945530411796448, 0.6002827539747841, 0.7715735073829566, 0.8292845279356086, 0.6657292316228792, 0.9112008904941005]",red,"{""accelerate"": true}",-30.775281495503588,hybrid,traffic_violation
1765200145.869623,0.2636824841241541,0.6399536207333036,149.09600777301017,2.3456030375160495,"[0.6848791678479296, 0.41128284466805304, 0.7402983049426923, 0.9833358851804295, 0.7770750819499794, 0.4594267931504678, 0.5050168408571676]",green,"{""turn_left"": true}",8.32827762265352,pure_ml,normal_driving
1765200146.869623,0.5765086654551465,0.31369134662417947,159.37435650097873,2.373579929932864,"[0.9041457464383712, 0.6262315410100137, 0.831685860784787, 0.5877519049097585, 0.4866928286775408, 0.7921361815092132, 0.7446163216185484]",green,"{""turn_left"": true}",3.413923322353403,hybrid,normal_driving
1765200147.869623,0.3444739198987522,0.3297846040774378,-22.195234263998582,2.644708627033794,"[0.7176563338741899, 0.7094666095297452, 0.4804663269796383, 0.5916284501682019, 0.5021717450426292, 0.9366603625823131, 0.745601991428146]",green,"{""turn_left"": true}",7.734515556623405,pure_ml,normal_driving
1765200148.869623,0.5220614995637586,0.4392040344104444,15.817122413037549,3.263093693483982,"[0.882730066350774, 0.9340273596224228, 0.751793355769192, 0.991368619128906, 0.7135940687282863, 0.6713444482003335, 0.5345416885721612]",green,"{""accelerate"": true}",13.78994394405845,hybrid,normal_driving
1765200149.869623,0.14049356789408574,0.5918986796827388,-135.4517169162816,3.238517087215905,"[0.5236769853944241, 0.9905415326569288, 0.9929242210969428, 0.6937568153108904, 0.920843343017507, 0.563285255423893, 0.7631918486886714]",red,"{""change_lane_right"": true}",11.416828674097724,pure_ml,normal_driving
1765200150.869623,0.6347928473684041,0.40443979546068065,-175.66517310658625,2.0328717525277913,"[0.7127938201879032, 0.6751180195409675, 0.4313161841910267, 0.6133234548711253, 0.9295975330102271, 0.9348580783794849, 0.7871565684000286]",yellow,"{""brake"": true}",7.427479687839376,hybrid,normal_driving
1765200151.869623,0.16517579948208444,0.5799500938896863,-13.083095187454614,3.2472754952158973,"[0.5427586842238348, 0.7262901643352653, 0.8557613373886812, 0.7954982181188689, 0.6923965735469868, 0.4699039698875115, 0.9149058222062302]",green,"{""accelerate"": true}",7.1042637861878,pure_ml,normal_driving
1765200152.869623,0.5543564065564693,0.29266933829001535,23.20282199328621,4.4732292364656665,"[0.6031512690083818, 0.8813923353944142, 0.9484764209043013, 0.6421191361513257, 0.5106827319133155, 0.7926269557982257, 0.4183213153717434]",green,"{""accelerate"": true}",12.66422338724551,hybrid,normal_driving
1765200153.869623,0.2850914635362266,0.3799720846563742,-167.97005193909243,4.080553507751915,"[0.6732415489616252, 0.9014230651325438, 0.5184595132349444, 0.9263697878191806, 0.936200373126326, 0.6549047510009662, 0.6838750095031143]",green,"{""accelerate"": true}",7.711499774132981,pure_ml,normal_driving
1765200154.869623,0.11133187542686018,0.6698400240496185,-110.40638200909288,2.621341121087488,"[0.642648795073635, 0.7432259677712147, 0.6586129435815142, 0.838489830892952, 0.5243402313279946, 0.7875573622390273, 0.5651046014549519]",red,"{""change_lane_right"": true}",6.276899710453242,hybrid,normal_driving
1765200155.869623,0.6218113175263806,0.3193473480883753,-167.93362862326742,2.4416750867212573,"[0.5438524806941314, 0.8147392642192983, 0.7862367463200809, 0.8564667880905065, 0.40544671132688115, 0.7462077959500119, 0.43113115296605403]",red,"{""change_lane_left"": true}",6.835696157554143,pure_ml,normal_driving
1765200156.869623,0.3150964512132484,0.5752412119391712,-127.4846069383661,1.9678046197979344,"[0.8399392447606067, 0.42171657606522905, 0.4974728066456793, 0.8568263332665549, 0.5366391724226288, 0.9652037718620756, 0.8162033906339108]",green,"{""change_lane_left"": true}",11.789636177681636,hybrid,normal_driving
1765200157.869623,0.21439468971505296,0.5655251563203773,-169.38090872758892,0.9637253666200115,"[0.10729567302965881, 0.09299711158338059, 0.10170072719633678, 0.18463216860098258, 0.30616968022942814, 0.4760604149971191, 0.4327540941737796]",red,"{""brake"": true}",-6.6576385758625545,pure_ml,collision_avoidance
1765200158.869623,0.3484540422584369,0.6810755055413238,-28.029923106466917,4.361019628945721,"[0.5008603302327952, 0.7253993408842149, 0.5259193598305673, 0.4133343180472445, 0.9821428869550777, 0.7155968078689008, 0.6210851555694054]",green,"{""accelerate"": true}",7.606840273577834,hybrid,normal_driving
1765200159.869623,0.7787577602268687,0.6252239892040659,113.3699303289022,1.5832301990433328,"[0.6849470343800446, 0.5907968907840705, 0.6359747139739956, 0.5658326065651964, 0.6877177171737275, 0.813332071443927, 0.6749412099615129]",green,"{""turn_left"": true}",7.464514752803705,pure_ml,normal_driving
1765200160.869623,0.22726220928633004,0.7825461170207768,151.69727526752084,2.282117856669368,"[0.868524262895943, 0.7695404851195635, 0.4380085638242647, 0.99585074622211, 0.5945419682659756, 0.5698929502455663, 0.6549775657122431]",green,"{""change_lane_left"": true}",6.627665168998784,hybrid,normal_driving
1765200161.869623,0.4370412283669942,0.6327742917907435,-151.23796498093643,0.889566601295141,"[0.1497146457803695, 0.023867105446678784, 0.0985020761208537, 0.1621522035389129, 0.13604846806837909, 0.42101414618168004, 0.3609650012117388]",red,"{""brake"": true}",3.256021619665251,pure_ml,collision_avoidance
1765200162.869623,0.573130628062989,0.7931250618986194,-166.29086082585005,3.533953228340163,"[0.4765328140508598, 0.9164498854228019, 0.7499470949385023, 0.8624162435462253, 0.6703373097020991, 0.9359511325178684, 0.5260231156428143]",green,"{""accelerate"": true}",10.871449863621557,hybrid,normal_driving
1765200163.869623,0.25109192681417236,0.6509598833450625,-116.34944697844446,2.5320527066613785,"[0.967508547535755, 0.940264408702703, 0.5873472204307063, 0.7877067499324804, 0.5533493802539431, 0.45228823525313244, 0.8102077237760617]",green,"{""change_lane_right"": true}",7.330626175016829,pure_ml,normal_driving
1765200164.869623,0.7366617627366526,0.6261393496734393,-45.37701577363043,1.9022917174126668,"[0.8986246590550522, 0.5734678703946833, 0.7033878670835371, 0.8292591721054219, 0.9578232358468783, 0.6016916430992207, 0.6710154889622129]",red,"{""change_lane_right"": true}",8.058272790752305,hybrid,normal_driving
1765200165.869623,0.4307694317284212,0.6222767649965193,40.2169377912087,4.159042516800589,"[0.8866336934860193, 0.7845671014646167, 0.8072110752894446, 0.7731064904292464, 0.837269744048929, 0.9555200616015234, 0.6418288702736193]",red,"{""turn_right"": true}",-16.378079628665542,pure_ml,traffic_violation
1765200166.869623,0.6159357605132869,0.2820253893815658,85.53170912635319,3.433847111135056,"[0.5991655411350515, 0.7897519625674798, 0.7309481710196094, 0.4150406110527671, 0.5409994662000147, 0.6380274179297092, 0.9977803905171638]",green,"{""turn_left"": true}",6.789316788697288,hybrid,normal_driving
1765200167.869623,0.4066644224402397,0.5504126803160571,163.8079299667934,4.397427598151756,"[0.7865617507800532, 0.7736533292735378, 0.8520039024823376, 0.7186636337197434, 0.8923176246361859, 0.7049357101020727, 0.8889958881657429]",red,"{""accelerate"": true}",-21.6535806793371,pure_ml,traffic_violation
1765200168.869623,0.12835846204046392,0.6634077973067647,-54.57110103614447,2.200182221117858,"[0.9245851192491857, 0.5423147661127188, 0.5627364321103542, 0.4352453690175682, 0.7249345190711087, 0.6676298050790903, 0.5912372801644591]",green,"{""accelerate"": true}",13.483466528765206,hybrid,normal_driving
1765200169.869623,0.7797129481474238,0.45120356643286197,44.35170117047574,2.485324856471797,"[0.8262629187162159, 0.9834671031500234, 0.64950301850497, 0.7757568262255075, 0.6958567837379028, 0.9044280559615923, 0.5771042566588074]",green,"{""accelerate"": true}",12.150090433860848,pure_ml,normal_driving
1765200170.869623,0.614155812421497,0.95,47.169123592593074,1.1482189239706324,"[0.17421774694971148, 0.5982951113119654, 0.36353603700892645, 0.6393278099771459, 0.8839215691012259, 0.867134457283845, 0.9875364844250576]",red,"{""brake"": true}",0.9619207323405892,hybrid,edge_case_road_boundary
1765200171.869623,0.1998399777801895,0.95,160.31844550920965,0.8741186259362452,"[0.11321711819639502, 0.22096551188210875, 0.3375720295687298, 0.4216393030641893, 0.5122337359026274, 0.9187857695651753, 0.9346901234733052]",red,"{""brake"": true}",-7.325388990051542,pure_ml,edge_case_road_boundary
1765200172.869623,0.6511600807845815,0.6101627529546814,-143.33939659082918,4.885492987023046,"[0.866531984578544, 0.7851308088333784, 0.6348714822004398, 0.894096180093181, 0.9780994034248032, 0.7260940568710128, 0.8095780896729354]",yellow,"{""accelerate"": true}",-14.423279262071006,hybrid,traffic_violation
1765200173.869623,0.13565926434108572,0.4182090028471219,-174.97080031162963,2.230581778038874,"[0.547831966091143, 0.663097941097746, 0.6504343896579349, 0.9228760250034383, 0.9224504922304739, 0.6396305165930053, 0.9779803916855034]",green,"{""accelerate"": true}",14.596492079856338,pure_ml,normal_driving
1765200174.869623,0.22053977689234988,0.5502654214890051,134.0537819891041,2.501542924841946,"[0.7661480025373664, 0.83599136570469, 0.9561185056018873, 0.823864396068607, 0.4291414137737974, 0.9700106737149468, 0.673843607066182]",yellow,"{""accelerate"": true}",12.956377727272656,hybrid,normal_driving
1765200175.869623,0.2444896050240633,0.4319956624152578,167.9356539224018,0.7776893402532599,"[0.08876698321416221, 0.194449253642466, 0.033456390654248304, 0.20165778996255468, 0.1060375326364174, 0.5989920129221544, 0.6183898238154633]",yellow,"{""turn_right"": true}",-0.6974065311023772,pure_ml,collision_avoidance
1765200176.869623,0.28171325933698366,0.4511049969737825,42.51505909696654,4.395858525439859,"[0.9121344520599227, 0.7796165729414896, 0.6434637282588611, 0.8739715021848107, 0.7559920772173739, 0.7101298518851384, 0.617079451754467]",red,"{""accelerate"": true}",-14.403540314517002,hybrid,traffic_violation
1765200177.869623,0.7361107605251084,0.95,-118.18046037551989,0.6533445583234351,"[0.4160124779124309, 0.4668977418638505, 0.5162786450845201, 0.6200721471610812, 0.6261951445433092, 0.699434929063176, 0.7048016799991402]",green,"{""turn_left"": true}",-9.201358541840566,pure_ml,edge_case_road_boundary
1765200178.869623,0.1202299494947904,0.7264411061031628,100.80966364216606,1.8436131941000216,"[0.6185292281237286, 0.8940753878141258, 0.8670119799887656, 0.2769284343344006, 0.014905362852430604, 0.6193761767986153, 0.5535297112587343]",yellow,"{""accelerate"": false}",4.154204058976628,hybrid,sensor_failure_noisy_sensor
1765200179.869623,0.5901731742441029,0.5927679076614742,-148.9667379699415,1.9246982347077293,"[0.7700652930648512, 0.7018536825917434, 0.5293806898821333, 0.9070503279572271, 0.8911940983058662, 0.7671418150264637, 0.6698135830500844]",yellow,"{""brake"": true}",4.925709706121058,pure_ml,normal_driving
1765200180.869623,0.4805084424380175,0.7687919996751857,50.57858132283023,3.316882973533696,"[0.6155809802336472, 0.7675867036175166, 0.8567485642313755, 0.9295123606611242, 0.5240432177307628, 0.4734194384504709, 0.600568420579582]",green,"{""change_lane_left"": true}",5.492083934188829,hybrid,normal_driving
1765200181.869623,0.6616286083137434,0.3995735043398457,-144.1689846820267,1.0977896731312666,"[0.8, 0.8, 0.0, 0.7404544616593061, 0.6290719101014317, 0.7839148516138558, 0.4774811265349571]",red,"{""turn_left"": true}",-13.982220760433702,pure_ml,sensor_failure_partial_failure
1765200182.869623,0.8864824459875528,0.5837238810930045,165.9726073525413,4.717150386404561,"[0.8066416265849188, 0.6167571380840585, 0.9731294100514541, 0.6426664483621211, 0.7897195896424309, 0.7731617314396405, 0.9881965565072816]",red,"{""accelerate"": true}",-14.777070510192672,hybrid,traffic_violation
1765200183.869623,0.2294456947669577,0.7051782180480834,-81.42170947867949,1.4872515623390776,"[0.1, 0.1, 1.0, 1.0, 0.4672408358053831, 0.3195671965296648, 0.39554721818783223]",yellow,"{""brake"": true}",8.24238722212748,pure_ml,edge_case_sensor_edge
1765200184.869623,0.8097050022771279,0.20582823462981054,-153.06324509988522,3.8688803677434898,"[0.5293498641165112, 0.7195437883902049, 0.7008033998104488, 0.8913750382097091, 0.5422475028579434, 0.539738541387859, 0.808569324716911]",red,"{""accelerate"": true}",12.522874434111465,hybrid,normal_driving
1765200185.869623,0.17008860170382567,0.6041388511295318,-154.1491579541983,3.860902435472322,"[0.6452214544286669, 0.4118441059356697, 0.7721515598111957, 0.4309867840167213, 0.6335094515504481, 0.6566107204837784, 0.8047862516826698]",yellow,"{""accelerate"": true}",11.159058385845995,pure_ml,normal_driving
1765200186.869623,0.6267356516439391,0.4116358799636813,-178.60157044249397,2.5794873472874733,"[0.47281648364182616, 0.5317245027411172, 0.6760525160075073, 0.6030432194124942, 0.467954350576764, 0.8108461513532811, 0.5288886292956443]",red,"{""accelerate"": true}",9.770311918414638,hybrid,normal_driving
1765200187.869623,0.10771822210260673,0.30910977677497026,-68.85834831701254,0.0660584268605009,"[0.0, 0.0, 0.0, 0.0, 0.0, 0.0, 0.0]",green,"{""brake"": true}",-23.150153836471638,pure_ml,sensor_failure_complete_failure
1765200188.869623,0.6967172392766436,0.34883228389773835,-85.62002393600694,2.437739527689157,"[0.4273365195344956, 0.5344107549036426, 0.8128291528397344, 0.48631152819276063, 0.7078558242207706, 0.9444133410066516, 0.9226552285726528]",green,"{""accelerate"": true}",6.703880723692364,hybrid,normal_driving
1765200189.869623,0.2675523048291477,0.7361898601998327,-141.0339233078928,2.331791427003335,"[0.6031098231229223, 0.43394021069745664, 0.7746125521427225, 0.5516291816083279, 0.9488901223844098, 0.9608933117552534, 0.6701264446363316]",yellow,"{""change_lane_left"": true}",8.953630213651914,pure_ml,normal_driving
1765200190.869623,0.685670275364345,0.41821100197403127,-76.9076425810858,4.333212351663516,"[0.5948588438782965, 0.5995826429198969, 0.714369086994816, 0.5973682831540875, 0.9987541046104689, 0.7442127745035603, 0.5099614867824269]",green,"{""accelerate"": true}",13.26598384561309,hybrid,normal_driving
1765200191.869623,0.5847615993889204,0.42768362992831527,134.92467108058642,2.9823728143277375,"[0.40215820161949156, 0.6053640601047182, 0.49299382062123104, 0.5880539454571891, 0.6681274705279096, 0.9712690142771062, 0.7583855261594532]",green,"{""turn_left"": true}",6.679636665234025,pure_ml,normal_driving
1765200192.869623,0.14874915999200963,0.7292382873122669,66.81302090825837,0.2641777032105511,"[0.02128175753193109, 0.18467786708413303, 0.020564628270317666, 0.27760519450873844, 0.30087146950558424, 0.5810767876679248, 0.6985985564197992]",red,"{""brake"": true}",-2.6177594608202224,hybrid,collision_avoidance
1765200193.869623,0.12548934721767635,0.32289552711584,-37.22672956370497,1.7149033504383309,"[0.759031782421592, 0.8695326867867742, 0.9295771305437651, 0.7084775060403564, 0.8346745483397954, 0.6910379006255793, 0.7359162101784644]",yellow,"{""turn_right"": true}",9.300070281732419,pure_ml,normal_driving
1765200194.869623,0.19588574642091788,0.6553052465019322,121.78030518639207,0.4860073444877533,"[0.10146794553897204, 0.04691443826676252, 0.05996401283654471, 0.24582379816959257, 0.17789344601009616, 0.21225576994056522, 0.7785989494281875]",red,"{""brake"": true}",2.764910180471139,hybrid,collision_avoidance
1765200195.869623,0.29821149639449196,0.3651520477168243,-167.52218841388165,2.5735465552666557,"[0.9758511007492996, 0.7842504270977859, 0.5238765536409887, 0.47226298386025223, 0.9205049640699483, 0.40885584685802856, 0.8627180415259128]",green,"{""turn_left"": true}",5.647388831192002,pure_ml,normal_driving
1765200196.869623,0.7321060418048241,0.5571520466453401,49.575167000826625,1.854514470231118,"[0.9202564370324328, 0.6809296596834724, 0.8587211510273142, 0.6588031432519587, 0.9801644523901796, 0.498124169088778, 0.8602126568331314]",red,"{""turn_right"": true}",9.665465816228153,hybrid,normal_driving
1765200197.869623,0.8441953221745772,0.2605479175695966,-148.21807894227805,4.346910191283008,"[0.7870241895721227, 0.9768312433997299, 0.9380765733038194, 0.7381047472514258, 0.6256334307877266, 0.902874801355046, 0.9791127781374873]",red,"{""accelerate"": true}",-45.731420924903794,pure_ml,traffic_violation
1765200198.869623,0.8114857192503683,0.664016241639642,-45.373792757277364,2.4845642723775283,"[0.849366383504516, 0.4552200512893698, 0.5436026874835853, 0.4961258021982562, 0.4935569820838151, 0.9533479231524279, 0.8104040996207709]",green,"{""turn_right"": true}",7.355462416798928,hybrid,normal_driving
1765200199.869623,0.897223405227167,0.3335977228183833,-10.318474460019399,3.0677757897702262,"[0.8792725244603699, 0.6517453656901515, 0.9789806665360894, 0.942975449116322, 0.7768467896714543, 0.6342123778641092, 0.8817843014331506]",red,"{""turn_right"": true}",-16.99956002837677,pure_ml,traffic_violation
1765200200.869623,0.2472565798760865,0.49327286007377713,-36.30151926159572,4.101412533478609,"[0.48416178233921825, 0.9129899118601397, 0.6538221764076004, 0.6914675078340009, 0.5188977989673254, 0.6782257484972944, 0.4807612437911876]",green,"{""accelerate"": true}",11.657217889159334,hybrid,normal_driving
1765200201.869623,0.22262956102894238,0.6180658654820079,18.255450085817742,3.249037641474819,"[0.5249695128325209, 0.7394652728091422, 0.45086978565275054, 0.4586994759012478, 0.6912970830053388, 0.6223328846285556, 0.7940294620578827]",green,"{""turn_left"": true}",8.61662865711622,pure_ml,normal_driving
1765200202.869623,0.6648914150047892,0.6988782874646047,9.668880017551299,3.442571247413227,"[0.5731983886095552, 0.8334270267337192, 0.9135052558174784, 0.7319897878068626, 0.5531051032132366, 0.49196788211035447, 0.4971226371658907]",green,"{""change_lane_left"": true}",5.418251186325391,hybrid,normal_driving
1765200203.869623,0.4975801067268478,0.2867884801425951,129.1671707144278,3.77444293673853,"[0.9325540392147946, 0.5618804488353549, 0.436355840335487, 0.7117079420418444, 0.9730287630178952, 0.7862680065010392, 0.6947598957198531]",green,"{""accelerate"": true}",9.167119875694624,pure_ml,normal_driving
1765200204.869623,0.514887285391853,0.6125078038521985,-104.56927976312822,3.0539802061094274,"[0.8470744485752599, 0.4551581698624607, 0.4812681101001537, 0.9497310120690639, 0.8428333811271007, 0.965069790259844, 0.8818458329066726]",yellow,"{""accelerate"": true}",13.234440561312471,hybrid,normal_driving
1765200205.869623,0.8956396227607812,0.7992227913795966,-145.35658675532815,0.3764758247867557,"[0.016625131613398403, 0.035264786049800725, 0.05566772042547466, 0.12268062530201768, 0.32696834658237006, 0.4709310570435325, 0.7797071740873212]",yellow,"{""brake"": true}",3.6901568783484926,pure_ml,collision_avoidance
1765200206.869623,0.6610872320358807,0.7223682556268833,95.07293466754918,2.694102283190755,"[0.5265056599883019, 0.6067845182129092, 0.9595615680872971, 0.5680732239964243, 0.5770132739224673, 0.8751468550561206, 0.622667603184194]",yellow,"{""accelerate"": true}",9.332354103911516,hybrid,normal_driving
1765200207.869623,0.6470918356991031,0.4254615470183154,-36.412780849122065,1.8057998643879216,"[0.8066667602805686, 0.9154392125976127, 0.603923463212511, 0.78580237004259, 0.6739240582576129, 0.26214014112864403, 0.6478917459312494]",yellow,"{""accelerate"": false}",-7.708179890052367,pure_ml,sensor_failure_noisy_sensor
1765200208.869623,0.37211197557766096,0.5794152562996056,120.58723333702181,2.051267727482917,"[0.5216600138745395, 0.6391363943982675, 0.5276322708387897, 0.7485831286834199, 0.6025861482912034, 0.7573928094803191, 0.604215692661534]",green,"{""change_lane_right"": true}",7.620345708658044,hybrid,normal_driving
1765200209.869623,0.5981689570660851,0.5393370997655753,-110.88484530518365,4.220381688359109,"[0.9684717205762227, 0.865101808374835, 0.9373965784458411, 0.9895974011936755, 0.8188514270529847, 0.8929082191351048, 0.9414291548016704]",red,"{""accelerate"": true}",-43.87865970026538,pure_ml,traffic_violation
1765200210.869623,0.3709348035886607,0.6858635727669962,156.0148145948906,3.650106979771498,"[0.7630332244127007, 0.4772611559077138, 0.6415935440726175, 0.7928989159902906, 0.6171546855775099, 0.6073086622389963, 0.7383249229683353]",green,"{""accelerate"": true}",12.018373638002767,hybrid,normal_driving
1765200211.869623,0.6103092807047349,0.4683906845654274,36.02342812664258,3.3668109231600383,"[0.9431616233912289, 0.6508672140436698, 0.6502207369873749, 0.48369911748373845, 0.5308631845655609, 0.5433601786035855, 0.5564357421669257]",green,"{""accelerate"": true}",10.687009697157027,pure_ml,normal_driving
1765200212.869623,0.2490746878772453,0.5943345320778374,-138.73001118018922,4.70144799047037,"[0.8334319391797735, 0.6238540737888381, 0.968972002636612, 0.9232459426778208, 0.8005979672837105, 0.9853897166789574, 0.7278166666970088]",yellow,"{""accelerate"": true}",-28.22388436078796,hybrid,traffic_violation
1765200213.869623,0.37902426082739116,0.7322523906279752,63.32724878469418,3.4161394315790465,"[0.5185616191099107, 0.7648815421377788, 0.9908807039704667, 0.5470943713382076, 0.720768895547429, 0.8170201325410598, 0.9097630367591677]",green,"{""accelerate"": true}",12.935503316714446,pure_ml,normal_driving
1765200214.869623,0.626710203097837,0.5217310942057226,-135.21188814605586,2.939577500452802,"[0.5622169807749977, 0.8315785646704763, 0.4325227781389269, 0.7383411938346223, 0.8169792622407497, 0.899818689783804, 0.6777770972401922]",green,"{""accelerate"": true}",5.315313451349395,hybrid,normal_driving
1765200215.869623,0.33731791396017563,0.4534099717818586,146.78562829900395,2.9289796717544583,"[0.5663984184503464, 0.562954179460587, 0.9293791904830103, 0.9386716358560564, 0.7656586201620954, 0.8478584941416082, 0.44491094929330877]",green,"{""accelerate"": true}",7.024133043401087,pure_ml,normal_driving
1765200216.869623,0.30684298173810953,0.3051268908867864,-150.37982985185312,0.7719164810297273,"[0.07980702531464455, 0.057650211533357545, 0.15569959282976237, 0.2045349453422064, 0.27581970220011043, 0.3738453561022157, 0.4590922279212894]",green,"{""brake"": true}",4.041481942998352,hybrid,collision_avoidance
1765200217.869623,0.8190344733081137,0.3193984462060523,42.36443078866443,0.22052895409995876,"[0.15052669473196603, 0.14682568111301086, 0.051960411378885234, 0.27906898895173415, 0.22057185771674503, 0.23543027386554655, 0.3007004078964782]",green,"{""brake"": true}",-8.204772933393903,pure_ml,collision_avoidance
1765200218.869623,0.4540843072097318,0.32949090814679405,22.18126213240089,2.557255359609088,"[0.45676400295285163, 0.47097419616399294, 0.7784610321598048, 0.7515065251917952, 0.6748553082469558, 0.9398545068306745, 0.47329612517530156]",green,"{""accelerate"": true}",6.943088913006379,hybrid,normal_driving
1765200219.869623,0.23954159008759568,0.6349223994499145,124.92757992268656,2.2140300071726857,"[0.4228553639797832, 0.9999251050234575, 0.9642832391316234, 0.9337563259505404, 0.7469364664783396, 0.7744611419767786, 0.9116720930992236]",green,"{""turn_left"": true}",5.203015319313373,pure_ml,normal_driving
1765200220.869623,0.264793243724354,0.24611827858163676,-143.2435460159258,0.16824149216662432,"[0.04766056636643439, 0.1955539068932588, 0.014465694551933007, 0.17216553086101577, 0.3404279734769915, 0.35809490243696673, 0.5293785061770839]",yellow,"{""brake"": true}",-5.361945560578615,hybrid,collision_avoidance
1765200221.869623,0.500311812261914,0.6573377799240341,-142.04399233578573,0.8605513024366014,"[0.23606213395983636, 0.29477013418123965, 0.17530883813088258, 0.38509423237128126, 0.36242998520753444, 0.37664229205301347, 0.5397607626225486]",red,"{""accelerate"": false}",2.6094101444347544,pure_ml,edge_case_extreme_weather
1765200222.869623,0.35414917170370463,0.6396134143631289,-148.25472087212353,4.72700784192871,"[0.9203059955424255, 0.7230229780160654, 0.7455523975988967, 0.8198155995654111, 0.8238757390054945, 0.7389956857962193, 0.8046597982890833]",red,"{""accelerate"": true}",-1.2440461365819395,hybrid,edge_case_speed_limit
1765200223.869623,0.20827308626858354,0.356757688141756,-42.21892093995169,0.7821213434757783,"[0.046821822551548126, 0.04348371132742368, 0.13440365226057077, 0.11580366012123533, 0.22177674412962153, 0.4091239096273397, 0.6395493484360557]",red,"{""turn_right"": true}",0.6417242524799436,pure_ml,collision_avoidance
1765200224.869623,0.7905912841641147,0.4889273800172554,-51.66469230512668,0.50230626494866,"[0.9142489894378003, 0.8448600791065639, 0.9393440788568428, 0.42209541912992365, 0.48700305063348315, 0.9018868120130098, 0.414926078754176]",yellow,"{""brake"": true}",6.37029548936334,hybrid,normal_driving
1765200225.869623,0.32837420799846495,0.6946043381923537,28.467328260693332,0.6370230139681293,"[0.19636676403103637, 0.11683802496576437, 0.0440714659280064, 0.19366886066089223, 0.261955548355604, 0.335861674715337, 0.7193898550519517]",red,"{""brake"": true}",-4.3418286805054676,pure_ml,collision_avoidance
1765200226.869623,0.13329590324478327,0.26719796667865403,89.62954816300822,1.575529748307326,"[0.8375910143231043, 0.5812981449123491, 0.7837212398690894, 0.6172205637513882, 0.647949581238695, 0.5889790693392939, 0.4724212488257562]",green,"{""turn_right"": true}",9.331840286145525,hybrid,normal_driving
1765200227.869623,0.46959966933191266,0.25220399668471005,-156.66328759602285,3.6614368652266833,"[0.735439185168064, 0.8252232172468819, 0.8679060337829549, 0.8280609997261728, 0.8303309932539897, 0.6087940711441118, 0.4527923324591759]",green,"{""accelerate"": true}",11.465720752483154,pure_ml,normal_driving
1765200228.869623,0.3050503748886344,0.7581081193873946,-119.64421061395501,4.219998322680212,"[0.870517453195892, 0.957864048080281, 0.841354269435316, 0.6198048771781539, 0.8721473011133942, 0.46934114098896823, 0.6183283598803545]",green,"{""accelerate"": true}",9.64992395014323,hybrid,normal_driving
1765200229.869623,0.6806139384783064,0.4519542432720677,-161.55930858527663,0.7575877810785369,"[0.06718527295142705, 0.11102005519714196, 0.10114037766194306, 0.2645638818481366, 0.33441993063855, 0.32857350542012465, 0.4949096781721265]",green,"{""brake"": true}",2.0487260498753983,pure_ml,collision_avoidance
1765200230.869623,0.8613983580337553,0.732694370023115,-34.02154049807754,0.25034367041870687,"[0.09726204002286308, 0.06900336403611318, 0.032517204370787554, 0.12551931893002782, 0.11218794182697665, 0.24289305804730157, 0.7990097123368596]",yellow,"{""brake"": true}",4.982282544814371,hybrid,collision_avoidance
1765200231.869623,0.26350859496970147,0.22070015846933932,70.10303099875901,0.5148175285766079,"[0.035922781262683535, 0.12571122374290195, 0.07845507865915045, 0.23398584799016867, 0.3357073192652211, 0.5337118238571403, 0.7091962221985008]",green,"{""brake"": true}",4.245007381139436,pure_ml,collision_avoidance
1765200232.869623,0.5924166425428393,0.7337689690372569,-42.862812912181994,2.3836699679661435,"[0.606819835573599, 0.8537469947168841, 0.9435019251273131, 0.9325890456469159, 0.9320319747850023, 0.5578729069226287, 0.6174835126748058]",red,"{""accelerate"": true}",14.60713549183186,hybrid,normal_driving
1765200233.869623,0.4345803821479072,0.5381939625580487,-128.58637033447096,3.9878400755232324,"[0.8625595744424821, 0.9138507649281816, 0.9489226037775013, 0.7863073539502292, 0.793609293157721, 0.46673801859993114, 0.8972717457605434]",green,"{""accelerate"": true}",13.482087616695729,pure_ml,normal_driving
1765200234.869623,0.36389703325926204,0.22571389867860786,-13.18929452811225,2.933901282321045,"[0.9781137892330187, 0.5461760678826776, 0.7327300078906156, 0.6087449327950484, 0.8045624337921943, 0.6220329151393992, 0.5126074967483014]",green,"{""accelerate"": true}",9.736264164188487,hybrid,normal_driving
1765200235.869623,0.8642685922984906,0.297552800623836,33.91009274027851,2.1014173403989895,"[0.9149092481213565, 0.7273126044009683, 0.4742394038320011, 0.4984371264465425, 0.569482246783065, 0.4911000243531307, 0.5743664052727045]",green,"{""turn_left"": true}",5.580799095479763,pure_ml,normal_driving
1765200236.869623,0.8796946439343721,0.5090994513915361,-169.16724684873395,3.2001660003343213,"[0.41736858062581395, 0.7247231868403363, 0.8115693752484527, 0.5346486018915859, 0.7222460543192397, 0.9564538718202588, 0.7895859579079381]",yellow,"{""change_lane_left"": true}",9.04309087244762,hybrid,normal_driving
1765200237.869623,0.3834832734987579,0.6027641397229988,-38.597260936535726,0.4448019997546173,"[0.13413799963363535, 0.0917596733441568, 0.12899908351331535, 0.15563890198621033, 0.36851240928151296, 0.5846883764536281, 0.3048490363646242]",red,"{""brake"": true}",-6.194362489410186,pure_ml,collision_avoidance
1765200238.869623,0.5683376680287023,0.5229526735542653,-132.18543867669683,1.0951575980460784,"[0.5769527969016475, 0.9984747314020836, 0.3017661814335867, 0.9601762356478183, 0.3283815963056348, 0.4788116732793367, 0.243095663519328]",green,"{""brake"": true}",1.0736211027089553,hybrid,sensor_failure_noisy_sensor
1765200239.869623,0.865038398151621,0.24644890189012,-34.29621353586946,3.444148094531141,"[0.9993490298405857, 0.5412998241285494, 0.8016935416077465, 0.5172382297247475, 0.5948707992455197, 0.6306593084058345, 0.8384663347695421]",yellow,"{""accelerate"": true}",8.573111442200272,pure_ml,normal_driving
1765200240.869623,0.7974864165399536,0.374109658522495,-112.03474853047983,3.547962027086544,"[0.9631250256172805, 0.8086654942366034, 0.739674457446805, 0.7588847378305279, 0.5800669582652896, 0.5058881444409357, 0.9054971917963323]",green,"{""change_lane_left"": true}",10.533361971697936,hybrid,normal_driving
1765200241.869623,0.6543338794408076,0.3487599484417433,-176.2006474747682,3.1398979203607777,"[0.7149788562747303, 0.6007126825092427, 0.5097141082431936, 0.9748473055267733, 0.9943488787410675, 0.756430394874438, 0.9759051831685316]",red,"{""turn_right"": true}",7.137766765726964,pure_ml,normal_driving
1765200242.869623,0.5414053023388584,0.5783937961188772,145.6569756208779,3.1841214697070814,"[0.4139452746584592, 0.7336798374386341, 0.7433394757901219, 0.4245909575314739, 0.711528325916416, 0.5002526623809942, 0.7113667375924302]",yellow,"{""accelerate"": true}",8.391763080646381,hybrid,normal_driving
1765200243.869623,0.8791836781980765,0.2823974624097746,-29.36568891013017,0.8686360618409895,"[0.14371941719512643, 0.024909961526421845, 0.06294290834614658, 0.21200753916305443, 0.20104879245158475, 0.47686231418358216, 0.41996547753796687]",yellow,"{""brake"": true}",3.693408098469881,pure_ml,collision_avoidance
1765200244.869623,0.5141523013718311,0.20709183568714212,-170.3622454048394,0.808780036075737,"[0.06411603078264519, 0.14662952416912386, 0.018807824489570836, 0.2392706305055294, 0.23291736991522569, 0.4760946915856356, 0.38046478384544036]",red,"{""brake"": true}",-6.966670257887412,hybrid,collision_avoidance
1765200245.869623,0.7706522774587516,0.6362554767222756,-22.7890295091575,0.9209597884133973,"[0.0677619515083586, 0.14370775891314133, 0.008292239005660918, 0.20393907715324627, 0.14786108532010092, 0.41103797889152205, 0.43316443905042334]",yellow,"{""brake"": true}",-0.6353480622702303,pure_ml,collision_avoidance
1765200246.869623,0.34062575216182833,0.5461652118983137,-29.897742685617377,4.7310152467970985,"[0.9738465149290705, 0.9401869918359956, 0.7191022693794825, 0.9440594747422871, 0.7008761773363839, 0.9087383527760504, 0.9382952044502331]",red,"{""accelerate"": true}",-13.61541502333425,hybrid,traffic_violation
1765200247.869623,0.8279625974494714,0.7076876936288277,7.625008677859634,4.150409475386491,"[0.7384319063848707, 0.9760952810570513, 0.6048757357605258, 0.9536760284452428, 0.9141247878162813, 0.8689190907887294, 0.6252185192907744]",yellow,"{""turn_right"": true}",-6.54305463226731,pure_ml,traffic_violation
1765200248.869623,0.8775833255142362,0.5290689661218388,-141.10481764561922,1.7132173599292062,"[0.4688371628483275, 0.7477185245986937, 0.7370662731673523, 0.5834110182043013, 0.852542888202459, 0.6304044744454766, 0.5006759030798071]",green,"{""turn_right"": true}",3.8433309465585594,hybrid,normal_driving
1765200249.869623,0.24547256668301937,0.5583502934189771,99.86742714421965,2.22369123355419,"[0.49615623462473346, 0.9455843358546339, 0.58152602995905, 0.8197478860814857, 0.5790569972421492, 0.9038768717762882, 0.44665248128903223]",green,"{""turn_right"": true}",5.999237563170395,pure_ml,normal_driving
1765200250.869623,0.6389024635900935,0.28245113445566017,-13.080284628696457,2.643010724098507,"[0.9733923136696855, 0.8207603679874892, 0.8432402237085226, 0.6346536140697289, 0.5615500831131646, 0.9592049616467198, 0.8025090209801393]",green,"{""turn_left"": true}",5.4087834516575395,hybrid,normal_driving
1765200251.869623,0.3989914618195003,0.30486565564847223,148.0207462998518,2.3661665626987833,"[0.7903648649736627, 0.9080110501874941, 0.9012425724603598, 0.9931652331253531, 0.4779665518774835, 0.7168303478887491, 0.4944938830806242]",green,"{""accelerate"": true}",10.725357047549142,pure_ml,normal_driving
1765200252.869623,0.16617293329089533,0.41337334209535204,171.30885140725186,4.0700425925108785,"[0.7215512468844527, 0.5899124379100116, 0.6979387536709096, 0.9206899848839492, 0.9201972815950802, 0.8538268835137588, 0.9854764265969184]",green,"{""accelerate"": true}",10.1281104769956,hybrid,normal_driving
1765200253.869623,0.8424536486514058,0.2639604690130873,-36.30758011234256,1.496283301802885,"[0.029360012163484252, 0.1566534966334689, 0.14416198122082846, 0.19794049004513042, 0.3246825214339405, 0.5141183643476274, 0.6189932810789494]",green,"{""turn_left"": true}",1.3669909976543257,pure_ml,collision_avoidance
1765200254.869623,0.4772828107996626,0.6693631835422236,-157.75855268865314,0.7452778834668359,"[0.8, 0.8, 0.0, 0.41162701626751746, 0.7569270624925334, 0.603458386775019, 0.7777079989643744]",green,"{""brake"": true}",-11.514091437551794,hybrid,sensor_failure_partial_failure
1765200255.869623,0.7775836776021752,0.4747083128173251,-46.90945957172299,4.935865311490726,"[0.8324765985804023, 0.9638615530224077, 0.8049680649475895, 0.6744237264841654, 0.8709012394450989, 0.6772032290419147, 0.8245937402506547]",red,"{""accelerate"": true}",-44.43089337968714,pure_ml,traffic_violation
1765200256.869623,0.7049786328086584,0.38606473641374817,141.22029446090352,4.727157170079295,"[0.9983981279859877, 0.8337958846727458, 0.7668540288952148, 0.7345016957922145, 0.6614879352743798, 0.8915904636684402, 0.6096914221824088]",yellow,"{""accelerate"": true}",-18.327621236886912,hybrid,traffic_violation
1765200257.869623,0.4745026823225781,0.2552736445895044,47.07176273704603,0.9802644158914389,"[0.19240317947576593, 0.028025643140051782, 0.1256510650422333, 0.18468870159142653, 0.2918430453845636, 0.5880189946137923, 0.5360443801547404]",green,"{""turn_right"": true}",5.672813104327606,pure_ml,collision_avoidance
1765200258.869623,0.25944535617150977,0.4067775217504001,-30.63372546093309,0.17064937986433826,"[0.08851364852580153, 0.029162032669881734, 0.12485933104319823, 0.2779817028494872, 0.17168825048141606, 0.33933005102739994, 0.5272871072565615]",red,"{""brake"": true}",-9.175052712300724,hybrid,collision_avoidance
1765200259.869623,0.24622663866290334,0.7128081857828781,14.641131493607668,0.46958953430839423,"[0.17406125967104938, 0.06487052055971708, 0.15598187960266066, 0.1818089841339136, 0.10358963424100848, 0.538405631711526, 0.4198556990402297]",green,"{""brake"": true}",-2.3897606180324935,pure_ml,collision_avoidance
1765200260.869623,0.24602506426718274,0.5764199679076731,-88.95361215429683,2.3717603400326213,"[0.8525066010117406, 0.45469092974167336, 0.5889132039752247, 0.8440110684551101, 0.5954898370602746, 0.877288023975442, 0.6454663830004611]",yellow,"{""turn_left"": true}",6.361691361813249,hybrid,normal_driving
1765200261.869623,0.5245473964486347,0.31400723581943757,-7.715769076108096,3.4343965662498546,"[0.8526318468361528, 0.5800563753684593, 0.5039718234764423, 0.6092165313513269, 0.5062049706901494, 0.5306676815208773, 0.7387065007736988]",yellow,"{""change_lane_right"": true}",11.095918377338275,pure_ml,normal_driving
1765200262.869623,0.48783502790694444,0.3279282076496547,-37.72545735378398,1.0199984992052147,"[0.6495189140661759, 0.681368760511964, 0.7190716110776498, 0.8335222250711878, 0.6389697826973745, 0.45611898928222505, 0.9060072857690447]",yellow,"{""brake"": true}",6.6656393904945865,hybrid,normal_driving
1765200263.869623,0.38462380651232964,0.7540288423932366,-100.10019650240318,0.7705757910850926,"[0.18879876243416827, 0.06818051472118739, 0.10364730265938459, 0.12539336239749782, 0.32120707721434116, 0.5835584432891198, 0.31246565362415163]",red,"{""turn_left"": true}",6.4561431715454916,pure_ml,collision_avoidance
1765200264.869623,0.7953559387397563,0.5132356054222942,138.99063839257212,1.5718174847114648,"[0.477724576002836, 0.9573160783285172, 0.5452303747022179, 0.613541364261255, 0.4328274997715865, 0.5232760154374885, 0.9505313813977058]",yellow,"{""turn_left"": true}",9.848379184959859,hybrid,normal_driving
1765200265.869623,0.4829252102438748,0.7476337571071832,109.21092336797821,2.142276446669924,"[0.472799881633188, 0.8289640575187789, 0.6827439976522753, 0.8821133727024668, 0.9867815796481261, 0.6185332562817726, 0.7952195997258571]",green,"{""turn_left"": true}",3.4699536416450285,pure_ml,normal_driving
1765200266.869623,0.4216376983979472,0.28291442304824793,152.0218235619817,3.3114736882969114,"[0.875676190765562, 0.442574417384758, 0.550040481189848, 0.7634613594566197, 0.8159084055661946, 0.975750762063532, 0.8081087201308641]",green,"{""accelerate"": true}",10.839252889336594,hybrid,normal_driving
1765200267.869623,0.80298696693491,0.27506113208363814,-172.74272960283412,2.578695522145405,"[0.4491820077085257, 0.7352311484456386, 0.7918462882238204, 0.8170187061682272, 0.582945166917284, 0.9315902825759641, 0.6007286065228952]",green,"{""accelerate"": true}",14.846372282420074,pure_ml,normal_driving
1765200268.869623,0.695704408034262,0.7306029650667487,-30.352661324685,2.847734791784732,"[0.5302886218772602, 0.5541328978598102, 0.8245929193813963, 0.806355940832213, 0.8893008269324587, 0.5584354075387516, 0.7196676266700861]",yellow,"{""accelerate"": true}",14.486706553000015,hybrid,normal_driving
1765200269.869623,0.4248877104957135,0.7773062398110173,123.5685876829953,4.489124874148486,"[0.9206989135175213, 0.8564003933064102, 0.49659698674228503, 0.9293827818611446, 0.7668384364862378, 0.6614102123473523, 0.7610790234747069]",green,"{""accelerate"": true}",13.259101807767951,pure_ml,normal_driving
1765200270.869623,0.1320965788487703,0.3853561959207442,47.478573050518456,1.0160581471258419,"[1.0, 0.0, 0.4776562832518614, 0.31562291679252424, 1.0, 0.4081619186358971, 0.0]",yellow,"{""turn_left"": true}",7.592814290059945,hybrid,sensor_failure_stuck_sensor
1765200271.869623,0.5152222194861799,0.5290474865184569,-68.1423382885969,1.6237149279344698,"[0.10330509998407673, 0.17090439024563323, 0.08741535494170279, 0.25842054276202986, 0.3242450064712355, 0.5770370929432511, 0.4298996512333396]",green,"{""turn_left"": true}",7.674565193397234,pure_ml,collision_avoidance
1765200272.869623,0.5210420494120197,0.5445985034115977,-35.74826751930397,2.7945695793066045,"[0.9866504236209723, 0.423542102082235, 0.40850134912806824, 0.778876761663641, 0.8708633126151945, 0.5039590136707744, 0.5760398715566364]",green,"{""accelerate"": true}",9.448101067946228,hybrid,normal_driving
1765200273.869623,0.40416700938897754,0.7441799960678848,169.66442893053048,2.8835864956552935,"[0.5630854959802206, 0.8196157700697223, 0.8555046113039222, 0.7812389986488899, 0.41290180073410104, 0.6417118029952785, 0.41671023200092416]",green,"{""change_lane_right"": true}",11.548273869646483,pure_ml,normal_driving
1765200274.869623,0.2608939198832947,0.6090595398764505,-175.83528278045787,1.8260478922897094,"[0.8641837503995575, 0.6776033248646711, 0.5768745981443721, 0.6661290255915513, 0.9472988496198758, 0.6435188276649357, 0.7828599975064825]",red,"{""turn_left"": true}",4.700049109319833,hybrid,normal_driving
1765200275.869623,0.4888023852590909,0.7717980154755293,-138.48460859385202,2.2019818275838308,"[0.0, 1.0, 0.5665839136321651, 0.5482514660775301, 1.0, 0.4206084716217038, 0.0]",yellow,"{""brake"": true}",-1.7047277036462765,pure_ml,sensor_failure_stuck_sensor
1765200276.869623,0.8297510701135122,0.95,-26.340187799666136,1.7425519328959957,"[0.3409525882901586, 0.2862838204920828, 0.33631266710572166, 0.7932355909119274, 0.6898930058962136, 0.6974089558191614, 0.7223073940019238]",green,"{""turn_left"": true}",0.7147243618499175,hybrid,edge_case_road_boundary
1765200277.869623,0.870244814257605,0.24740356261266547,-2.668661327041484,4.230167684752031,"[0.9224264820057184, 0.963539699661881, 0.821235554678082, 0.6469883411238182, 0.8095343678320386, 0.6338106181958423, 0.5790071703183666]",yellow,"{""accelerate"": true}",10.978910819105357,pure_ml,normal_driving
1765200278.869623,0.3226123723935638,0.652151994088642,-151.63650869749117,0.7108116949179548,"[0.10289697778166668, 0.242252039901804, 0.25304102659813366, 0.22600791117596264, 0.316887986749281, 0.5881192472045924, 0.6350984513355009]",green,"{""accelerate"": false}",-0.9511912803287279,hybrid,edge_case_extreme_weather
1765200279.869623,0.37816427239945827,0.5457481950352348,154.29224895210584,1.8145231849389576,"[0.42782932696449644, 0.5323355745473661, 0.6711844475071844, 0.5656896339430462, 0.857226677285122, 0.9633702716840719, 0.7102744098003937]",red,"{""turn_left"": true}",9.645382448683147,pure_ml,normal_driving
1765200280.869623,0.6584953950363546,0.5442984171097609,-39.56726139159857,4.89998296422975,"[0.7564770117355171, 0.891178128059906, 0.9418879271170009, 0.855371135327541, 0.7601614927844398, 0.7616594582261016, 0.7876672870746753]",yellow,"{""accelerate"": true}",-11.84133092659047,hybrid,edge_case_speed_limit
1765200281.869623,0.7204158364913306,0.48953016543966377,52.28812953170837,4.570918208377909,"[0.9105302587885457, 0.731004747873332, 0.8311750022214667, 0.7779175259750772, 0.9961192128087513, 0.9095171803656836, 0.7526203046997655]",red,"{""accelerate"": true}",-24.279648559784693,pure_ml,traffic_violation
1765200282.869623,0.646268134775036,0.7358877484975126,-177.37760898162722,2.783181905598336,"[0.6513499348317191, 0.4257434884726514, 0.9268202351410494, 0.49147450839479934, 0.47611455889205084, 0.9255851627291731, 0.40128916557724303]",yellow,"{""accelerate"": true}",13.500277162373779,hybrid,normal_driving
1765200283.869623,0.31678997980585266,0.47962324194634387,-40.892224874730346,1.750401168838935,"[0.8, 0.0, 0.8, 0.5698179087088907, 0.7500389382528252, 0.767578922840831, 0.7190850697791334]",red,"{""brake"": true}",-5.005939356406685,pure_ml,sensor_failure_partial_failure
1765200284.869623,0.3546224575307887,0.6315895606156374,-153.54708539120313,2.6625271527044085,"[0.9692951320684231, 0.9544591507019924, 0.4603772443203876, 0.6492143156687162, 0.9880591337112076, 0.9649540540165783, 0.7803999238147761]",green,"{""change_lane_left"": true}",8.281413382331314,hybrid,normal_driving
1765200285.869623,0.37265345806577455,0.5464225019784238,67.7027902294303,4.837212449070484,"[0.9958423166461388, 0.7501829869233018, 0.7838422886580939, 0.8689521116600626, 0.8303119977655682, 0.8378307287784286, 0.7218216692101102]",green,"{""accelerate"": true}",-8.208668788283402,pure_ml,edge_case_speed_limit
1765200286.869623,0.7146703901991545,0.7870764271715862,-160.29687402453425,0.5659539707479795,"[0.7650379109654459, 0.5207470662461894, 0.7716301503556819, 0.8216091275590032, 0.7572637961045483, 0.6869762045621219, 0.8641416710520096]",yellow,"{""brake"": true}",3.9525187152247327,hybrid,normal_driving
1765200287.869623,0.8209073858455472,0.5185578901501293,143.1347793673855,2.4536278248260155,"[0.4446411288707621, 0.4046393657950734, 0.48964723966886137, 0.4184513431598304, 0.45446065446947875, 0.7720726959961262, 0.7514633022256547]",green,"{""turn_left"": true}",9.904920139151159,pure_ml,normal_driving
1765200288.869623,0.8417771206461783,0.33650219324822295,25.64664359422869,0.8936475372911588,"[0.0531578917863961, 0.17783969830011193, 0.017264613162707998, 0.2175656863462021, 0.17455176354908009, 0.40098918890967433, 0.5339668203551677]",green,"{""brake"": true}",-0.2867950586984076,hybrid,collision_avoidance
1765200289.869623,0.4723143991369243,0.5016271167072783,-41.3614522007954,0.028438890682713658,"[0.05736444831021403, 0.03323504080924613, 0.04847400220618419, 0.25041908122761586, 0.15057681125812222, 0.37937225970851585, 0.3567006346020214]",green,"{""brake"": true}",2.4842929848846858,pure_ml,collision_avoidance
1765200290.869623,0.887114467493852,0.32038831587998917,-134.32355512176758,2.59395616847569,"[0.8403546346884327, 0.9052247845149767, 0.4143845719305793, 0.44775840123610655, 0.6257241891929533, 0.7519224946188605, 0.6470684820949888]",green,"{""accelerate"": true}",14.570520632426794,hybrid,normal_driving
1765200291.869623,0.6277873958242646,0.42785433993551475,-30.68564429663675,2.380445641072194,"[0.8640139565854513, 0.7651909875362803, 0.4145723870979382, 0.755544835788638, 0.7813886553618623, 0.8666739382706091, 0.8735998237335323]",yellow,"{""accelerate"": true}",10.5284690079291,pure_ml,normal_driving
1765200292.869623,0.7822480420141494,0.5532931313650153,10.721094372183558,2.9037127536584837,"[0.9940424822792316, 0.864561990119526, 0.7707747972383843, 0.6661890190458208, 0.45737459584677936, 0.668206821212731, 0.49669354096226115]",green,"{""accelerate"": true}",11.41814573145852,hybrid,normal_driving
1765200293.869623,0.2529480340597512,0.7867321676828758,3.104809663166557,1.5509637182824734,"[0.09854093606112733, 0.06258135105480574, 0.196314968490377, 0.2764720318838869, 0.3504084045769895, 0.29535852238004706, 0.320764333257046]",green,"{""turn_right"": true}",3.272059890555669,pure_ml,collision_avoidance
1765200294.869623,0.8384660270612899,0.5965638345588488,129.84022562223217,2.5322408598622825,"[0.9868399139927672, 0.8565645780696388, 0.43313117717075145, 0.7139651523729487, 0.5478036476079464, 0.8107863647924487, 0.5898827212686606]",green,"{""turn_left"": true}",4.556797903591374,hybrid,normal_driving
1765200295.869623,0.8522628357615536,0.3910702079196825,-106.61464250766085,1.8064234014459644,"[0.6439749599976009, 0.6457427839574167, 0.7269268805053961, 0.5367544541800711, 0.5478384692865643, 0.72618164514618, 0.7698880380660102]",red,"{""change_lane_left"": true}",9.590262808328504,pure_ml,normal_driving
1765200296.869623,0.1008478033576714,0.5376753109214601,36.168347583199285,2.589081566502761,"[0.5150239161260883, 0.6479076156792101, 0.8983454260049781, 0.92543469336749, 0.6986687976706358, 0.5640577375497724, 0.5597702337049637]",green,"{""change_lane_right"": true}",4.443197102783921,hybrid,normal_driving
1765200297.869623,0.25045301639402084,0.69027139644089,-160.13557127146436,4.6453762592677865,"[0.7511771325065286, 0.709536281138018, 0.9226210211228967, 0.9820308416471658, 0.7909309664613287, 0.9770279341013868, 0.9544023284140127]",green,"{""accelerate"": true}",-9.41591520239183,pure_ml,edge_case_speed_limit
1765200298.869623,0.5548940313525921,0.5951872765395948,-16.98493568772946,3.974119681159684,"[0.5692214042904036, 0.5049408471483626, 0.7975560973752722, 0.6367683924490556, 0.4152276122138031, 0.7121882788144758, 0.8909788249688286]",green,"{""accelerate"": true}",13.37885121554922,hybrid,normal_driving
1765200299.869623,0.5711007589975395,0.6446302549931964,-34.62546141218717,3.2034057347623452,"[0.9078039945361941, 0.8255279409829983, 0.6016473963746294, 0.547047351943679, 0.9796076249416424, 0.4112299451747377, 0.7073208465649816]",green,"{""change_lane_left"": true}",8.878576060094648,pure_ml,normal_driving
1765200300.869623,0.597626403252658,0.7207570481348726,-148.43612271917235,0.6740695879703849,"[0.843175069513878, 0.8743963868412239, 0.7396158446374219, 0.9163085713870047, 0.5774310859421222, 0.9754729628146781, 0.6086016589702776]",green,"{""brake"": true}",5.00204572793626,hybrid,normal_driving
1765200301.869623,0.5843955656247891,0.3982844200171739,-162.5511512461868,2.6756438645019434,"[0.44652391461657326, 0.5817898181661997, 0.41945238468132373, 0.7930149829549431, 0.5608777173368473, 0.43680905936636244, 0.7373457139020048]",red,"{""turn_left"": true}",8.638326596586463,pure_ml,normal_driving
1765200302.869623,0.8751057798555602,0.7989221854616027,60.880218288985695,0.40326747124868745,"[0.1765563622679701, 0.1509083355826878, 0.14880027020592104, 0.11533997671486668, 0.29222074791365976, 0.2471673305084029, 0.4011343505910032]",green,"{""brake"": true}",4.000738015332049,hybrid,collision_avoidance
1765200303.869623,0.49567129322893433,0.39828482910860197,127.46297188252782,2.0680876287791263,"[0.7564363262788985, 0.6285823973742973, 0.9632511591299975, 0.42486775721545134, 0.7821045575416027, 0.9283773310879568, 0.5129013585207173]",red,"{""change_lane_right"": true}",11.887328928046433,pure_ml,normal_driving
1765200304.869623,0.5272314281477585,0.7593853230231866,148.95069353312266,1.5547195294540446,"[0.1, 1.0, 0.1, 1.0, 0.31269437364629066, 0.5648245159281853, 0.6038556676238944]",yellow,"{""turn_right"": true}",3.8950785482605585,hybrid,edge_case_sensor_edge
1765200305.869623,0.629001936986051,0.337529525306204,176.91145518889977,2.4743462935262834,"[0.777408988478113, 0.6998567319263671, 0.5835013132399826, 0.7303081791492905, 0.49558337982638817, 0.8004065692103843, 0.43140590506920923]",yellow,"{""brake"": true}",2.930562982573027,pure_ml,normal_driving
1765200306.869623,0.5048362870794352,0.5772622212517631,27.18464591363149,2.1583393164298332,"[0.8631679831540405, 0.8520616733630663, 0.8774386269343109, 0.6922266703622837, 0.6285965072226054, 0.8202081129035064, 0.4562334985689562]",green,"{""accelerate"": true}",10.682633816757633,hybrid,normal_driving
1765200307.869623,0.6666359380898671,0.3242074096003983,-157.0372191050815,2.461591912735286,"[0.6200439882871471, 0.4800372728517198, 0.957695529847942, 0.8106092982831856, 0.712949881082892, 0.9857231749131736, 0.7405664573385073]",green,"{""accelerate"": true}",9.947778395057664,pure_ml,normal_driving
1765200308.869623,0.8994128763760012,0.5345289489243203,57.59170366145092,1.1882432407050407,"[0.04128075728814167, 0.1617227461569143, 0.0709390705944944, 0.103969831915756, 0.19151895082025633, 0.5719283868426894, 0.38652896578075985]",yellow,"{""turn_left"": true}",-2.4619451321119734,hybrid,collision_avoidance
1765200309.869623,0.44876279922842466,0.5287370934326161,-22.3428445632117,0.9673312936312706,"[0.1081712528922466, 0.19427168271742673, 0.10862431216533419, 0.29148553289671353, 0.22414582412846112, 0.5509507488420045, 0.6416401617027214]",green,"{""brake"": true}",1.562441231982893,pure_ml,collision_avoidance
1765200310.869623,0.17680549883002936,0.586284005783985,-151.7481434978942,2.375173507560389,"[0.8272625291079441, 0.40790880026875365, 0.6464815651931107, 0.5712727933823534, 0.7382944276663284, 0.6074131498483106, 0.984423691066979]",green,"{""brake"": true}",4.045890507892066,hybrid,normal_driving
1765200311.869623,0.5245461237252654,0.3504227140989904,28.674457531692724,4.357365040111624,"[0.4166100080066999, 0.6771449838540784, 0.9778170628863071, 0.4459172135135222, 0.5192371445252693, 0.6544115199064768, 0.5212561471407184]",green,"{""accelerate"": true}",12.525941157097435,pure_ml,normal_driving
1765200312.869623,0.7586920507062819,0.45025152679885,54.831840743030845,3.7180626010027087,"[0.40916345190978604, 0.9208193691846536, 0.7933048984721549, 0.8572905363173366, 0.45064659464873974, 0.7706227338838305, 0.9101493602595778]",green,"{""accelerate"": true}",14.90651080360545,hybrid,normal_driving
1765200313.869623,0.24456807753960003,0.21955043042600197,170.17116460091526,2.4469832831533322,"[0.5819736165969002, 0.5961268507498684, 0.5201419004803187, 0.8677573647031966, 0.5553360784868824, 0.8425564257033863, 0.7774176415367282]",green,"{""accelerate"": true}",7.6230988006741125,pure_ml,normal_driving
1765200314.869623,0.3261888854340909,0.22581026636336732,-145.9525138232678,3.076066621404111,"[0.7506877400310327, 0.8626848169391641, 0.5237207044298006, 0.49803142448118737, 0.9960874270729931, 0.6266850293013458, 0.8747299460854209]",yellow,"{""accelerate"": true}",5.933986274000375,hybrid,normal_driving
1765200315.869623,0.5906429540347277,0.7620958035375744,53.626188272271335,2.562475567051003,"[0.44310598173628396, 0.7669610328762371, 0.48745484239642134, 0.9123694463122831, 0.8379890773970949, 0.9377308459502551, 0.7927918735188855]",green,"{""turn_right"": true}",9.765178552154078,pure_ml,normal_driving
1765200316.869623,0.5525436265197617,0.3246529184712371,-22.140580442034008,2.358620041125532,"[0.9403666214876623, 0.6120874920562548, 0.8314789785306317, 0.6345110213743049, 0.7740917198010626, 0.7404707919036276, 0.55725065351746]",green,"{""accelerate"": true}",5.8700013030757345,hybrid,normal_driving
1765200317.869623,0.453198230006853,0.29523230666826916,141.06378183777704,1.4404738555895935,"[0.2727544348776505, 0.22649660823301582, 0.2344841911613554, 0.22325963487599787, 0.2588345875956159, 0.4507961977290317, 0.4805894650995985]",green,"{""brake"": true}",1.719078738178018,pure_ml,edge_case_extreme_weather
1765200318.869623,0.8205542004843757,0.27971344350021876,110.67041224671415,2.3184813980259795,"[0.5383623461127198, 0.5166759054445469, 0.5798370679602851, 0.8742797485301357, 0.7068108975469216, 0.5690666554056515, 0.4502905536278669]",green,"{""change_lane_right"": true}",8.102755630567678,hybrid,normal_driving
1765200319.869623,0.4689038356412758,0.7527305604483678,66.70766748454544,0.8416706519955267,"[0.18116946321067892, 0.0873009281842387, 0.1803761221710863, 0.18530433724722734, 0.32010435381714, 0.5919837053904253, 0.34590459340809204]",yellow,"{""turn_right"": true}",2.8667715173303536,pure_ml,collision_avoidance
1765200320.869623,0.11662721679433741,0.6256900819367293,154.26094274061626,0.4489049167249185,"[0.15095200342875667, 0.15469270702489724, 0.018464690173345667, 0.10310165012621618, 0.208883817006043, 0.5850398756985825, 0.7926744235921995]",yellow,"{""brake"": true}",-2.951024194224048,hybrid,collision_avoidance
1765200321.869623,0.18986269022390723,0.6625009920819567,124.50317060821524,0.9102262049218492,"[0.1, 1.0, 1.0, 1.0, 0.3093077421214434, 0.6271880888785734, 0.49571619685951895]",green,"{""turn_left"": true}",10.13852300010451,pure_ml,edge_case_sensor_edge
1765200322.869623,0.4008912357533946,0.26705605865117793,26.803970663346576,2.8518189422599196,"[0.8877735928009849, 0.9643403548940516, 0.7404143046545855, 0.504247987423035, 0.6930567434508939, 0.8808483514455032, 0.8424689493694538]",green,"{""accelerate"": true}",11.362195536097477,hybrid,normal_driving
1765200323.869623,0.8736363821068197,0.6884379830400249,-140.71171921936156,4.456280047441878,"[0.6007285616492402, 0.7152618723820432, 0.7102608891901583, 0.6888177840927928, 0.9239719732005649, 0.8347061767514647, 0.7641036419292455]",red,"{""accelerate"": true}",-25.85511611352989,pure_ml,traffic_violation
1765200324.869623,0.5303011808334841,0.4540791450504338,116.03378995729885,3.510972094055695,"[0.8042707772731821, 0.6356833935831434, 0.973941286158339, 0.9064534568084947, 0.6750441167353526, 0.7331766773620141, 0.5966624297779808]",green,"{""accelerate"": true}",6.175997216608159,hybrid,normal_driving
1765200325.869623,0.2293601779489289,0.3852294408283288,51.94311043428078,4.8344619071701755,"[0.9539766062152983, 0.741284750816241, 0.8269165698721423, 0.9158614003819567, 0.7501209431961458, 0.8504480426413112, 0.7056770762565184]",yellow,"{""accelerate"": true}",-11.337825225302613,pure_ml,edge_case_speed_limit
1765200326.869623,0.7747720582863995,0.5257654597732894,123.49703705526622,2.8155036095487556,"[0.4010331954164541, 0.9308757505259034, 0.8320128981231218, 0.4635447601139101, 0.9507015775720172, 0.793496229317799, 0.45360886388891464]",yellow,"{""accelerate"": true}",7.599423068278483,hybrid,normal_driving
1765200327.869623,0.6823121570756239,0.6839730820814582,-152.89525078828532,0.011105850692153196,"[0.0009820010353779553, 0.07311607962896467, 0.11237516724572079, 0.1406099784092695, 0.171480743452399, 0.5631855384465305, 0.588961162460852]",green,"{""brake"": true}",-1.6121451062920293,pure_ml,collision_avoidance
1765200328.869623,0.13943327473776812,0.5015482174865025,0.40461321834528363,1.714527758659362,"[0.0, 0.0, 0.31639813435170716, 0.3403261407766177, 1.0, 0.309592947014566, 1.0]",red,"{""turn_left"": true}",1.1177125559476,hybrid,sensor_failure_stuck_sensor
1765200329.869623,0.8556562360505967,0.2080571054903506,-149.47032360463922,1.0209240332535432,"[0.1843352768915813, 0.17221384046249438, 0.17785699851946257, 0.18728683765844228, 0.3354904111940247, 0.5753391493159048, 0.6684278867853923]",green,"{""turn_right"": true}",0.09539869941665824,pure_ml,collision_avoidance
1765200330.869623,0.8120147567579189,0.05,149.93834215763485,1.1365847546418297,"[0.3993321587999352, 0.478927038179453, 0.4529747384877986, 0.5768333960788588, 0.8948029143274745, 0.8647510070322699, 0.7181535585571674]",red,"{""turn_left"": true}",-7.225917479542925,hybrid,edge_case_road_boundary
1765200331.869623,0.22422342121923036,0.2064864965075722,149.62223128933374,1.7524143677664763,"[0.45935403706831857, 0.6094345274458256, 0.44263682863979414, 0.7884547963173645, 0.5572988118672475, 0.585763558531412, 0.6020083243368105]",green,"{""brake"": true}",3.3112469668283664,pure_ml,normal_driving
1765200332.869623,0.8553806944856367,0.5748984040007595,-131.04710364443096,1.017802726368691,"[0.8769516218432618, 0.9114104082693041, 0.9024248313533412, 0.5129116746191191, 0.759867921688981, 0.40865463903669597, 0.4132951810696855]",green,"{""brake"": true}",5.6831257870445775,hybrid,normal_driving
1765200333.869623,0.5274323020379256,0.3288389006195273,-155.1217074681506,0.25228863060202833,"[0.0185635506707444, 0.04294686234680101, 0.0843609111742756, 0.2528891036872891, 0.33676904456584045, 0.20276958862227923, 0.5643433192683978]",yellow,"{""brake"": true}",-0.1347466828375481,pure_ml,collision_avoidance
1765200334.869623,0.30288621869037513,0.590602614674764,25.08993528241646,2.090410357357963,"[0.9344853106958358, 0.8829602073573758, 0.5984440139741514, 0.8164880642332589, 0.6755528230493146, 0.44892995940239144, 0.5638127403818861]",green,"{""accelerate"": true}",8.624481269059379,hybrid,normal_driving
1765200335.869623,0.21271905546620237,0.5894811031551136,-77.60504810059348,2.4059852033286124,"[0.8002605755589093, 0.6751765345346535, 0.5414158996769802, 0.6910649086198299, 0.5207594722538887, 0.6762546788836956, 0.6945296892358575]",green,"{""change_lane_right"": true}",10.205586880977453,pure_ml,normal_driving
1765200336.869623,0.7683278195058508,0.267893524064288,-103.84727336138266,4.2735073240719395,"[0.4404820751729459, 0.5148483781652475, 0.5536895165328091, 0.9791463295758577, 0.45481619414843016, 0.8976212904788525, 0.6792153222129371]",green,"{""accelerate"": true}",13.57436246958448,hybrid,normal_driving
1765200337.869623,0.6603153988804294,0.36154164624162705,-4.301531717311177,0.24696711896431411,"[0.19290740843837229, 0.07819595208198377, 0.0611108835344778, 0.23336181798704062, 0.27768694226876733, 0.5255605935728718, 0.48012578899160363]",red,"{""brake"": true}",-4.915911754184329,pure_ml,collision_avoidance
1765200338.869623,0.6903263831391954,0.5852156868679292,161.06633075019582,2.0058302775389154,"[0.9572710424423533, 0.5218339140066045, 0.951420945560733, 0.9179489430448793, 0.46113844945331356, 0.9863771303587039, 0.6529529162951813]",green,"{""brake"": true}",5.6399518468407495,hybrid,normal_driving
1765200339.869623,0.1510139908574006,0.32083130312876107,47.39355545076807,3.7806579824549758,"[0.4424817684099922, 0.48635545245478695, 0.5390895972824192, 0.44144956939366164, 0.4509046166907988, 0.6161185090479173, 0.8954122475054649]",green,"{""accelerate"": true}",9.995525873573511,pure_ml,normal_driving
1765200340.869623,0.6093689778827521,0.5896555861399262,64.71526399205244,1.0107329008354766,"[0.2683611502745768, 0.29158533168275336, 0.13533149043417614, 0.18246718267763193, 0.3960530423812807, 0.3933528737596034, 0.588270027792989]",green,"{""accelerate"": false}",1.430692630357715,hybrid,edge_case_extreme_weather
1765200341.869623,0.2367511110299125,0.35708751313672593,149.36972946022837,4.075154603838195,"[0.6534052394373232, 0.6887269878236781, 0.8986962444724569, 0.8055237712080884, 0.9517327409967966, 0.7608772295989109, 0.6107335627511511]",red,"{""turn_right"": true}",-16.996138759731494,pure_ml,traffic_violation
1765200342.869623,0.40707094648954156,0.95,20.05122048190473,0.5061616184394232,"[0.49658261292086736, 0.2421184992275141, 0.34449801065987384, 0.7602974212348764, 0.6003771690973362, 0.7502005979595874, 0.7206094656271393]",red,"{""brake"": true}",-5.19567839477002,hybrid,edge_case_road_boundary
1765200343.869623,0.24425439045291322,0.2705298139610802,16.189581828744632,0.5559078837815797,"[0.18118291516038776, 0.12461201240291075, 0.04481220811262163, 0.12895528125745742, 0.1682133670120292, 0.522137260804979, 0.5511710215004948]",red,"{""turn_left"": true}",-0.25696568321971736,pure_ml,collision_avoidance
1765200344.869623,0.6630441507962316,0.6683139027875432,34.86352572337663,1.54409304070147,"[0.9416616265567619, 0.7035530987246519, 0.6945544100583597, 0.482032069048895, 0.5689298946960931, 0.8463044682786061, 0.4192313188135425]",green,"{""brake"": true}",4.79228105783131,hybrid,normal_driving
1765200345.869623,0.3615842743597625,0.6124898949230948,-124.77039585457364,4.2017022946965525,"[0.7174148205422998, 0.6546597298719827, 0.6612235752670286, 0.6205917138138191, 0.8951167272290801, 0.8430561107116448, 0.7871629186124527]",red,"{""turn_left"": true}",-13.103696844679623,pure_ml,traffic_violation
1765200346.869623,0.4382575610835907,0.2755289813400584,170.83136326601235,4.171963146915299,"[0.9807425323133946, 0.8981871512527371, 0.6622712983066108, 0.6034878691085457, 0.5721383536219055, 0.5080332044816919, 0.5381273408160605]",green,"{""accelerate"": true}",11.394463718597693,hybrid,normal_driving
1765200347.869623,0.35311630351386736,0.27059984436137247,-172.30114173405943,1.644241756971915,"[0.9815668126799365, 0.6645254111245318, 0.794989046231602, 0.9800461249429794, 0.5502621170935219, 0.4237973409287465, 0.8776971598458665]",yellow,"{""brake"": true}",3.467927769742928,pure_ml,normal_driving
1765200348.869623,0.7210856158473893,0.30765196187719623,-170.5526378423673,2.6368577794926944,"[0.4453684581472253, 0.5705397761741355, 0.6520284450398113, 0.45675548823284357, 0.525821784659301, 0.4697830545557626, 0.599915220469865]",green,"{""accelerate"": true}",11.129507654500998,hybrid,normal_driving
1765200349.869623,0.45144290379678587,0.5781821445556147,-22.754532104459752,3.63038962907277,"[0.9510197956374841, 0.7670463715758712, 0.6389066336992806, 0.9079799905923143, 0.8835036327576489, 0.7664234217437718, 0.6145084162350836]",yellow,"{""accelerate"": true}",5.2712577354211385,pure_ml,normal_driving
1765200350.869623,0.5740565711632651,0.4085295736630856,-4.928415851478487,1.833452655632747,"[0.7803168878608662, 0.5067726584836761, 0.6805959928035272, 0.8915505702796612, 0.5724598754529305, 0.4524896162617399, 0.5011075708599677]",yellow,"{""turn_left"": true}",8.98769493158392,hybrid,normal_driving
1765200351.869623,0.3704119039795528,0.2737291213779356,161.06664076884573,2.3747645970597495,"[0.9725299033173785, 0.7085102391970952, 0.7207661278496661, 0.7919655663283289, 0.694827377266614, 0.5290168873777947, 0.649268209863088]",yellow,"{""change_lane_left"": true}",11.3241740307028,pure_ml,normal_driving
1765200352.869623,0.12528619582833783,0.27083255483925056,18.719946581202986,3.828398883131776,"[0.5261586348164502, 0.807321527148168, 0.9511541105427411, 0.5693015353572679, 0.7762608880740606, 0.8734724153353697, 0.715042602967084]",green,"{""accelerate"": true}",5.103327099640257,hybrid,normal_driving
1765200353.869623,0.8159645277581565,0.26856689587880345,178.7584668971521,4.9188642990546985,"[0.8505071068522299, 0.7529061435870578, 0.8187938644098904, 0.9222046351072668, 0.8384663510212703, 0.7555874462286736, 0.7490246381179653]",yellow,"{""accelerate"": true}",-13.510669771259135,pure_ml,edge_case_speed_limit
1765200354.869623,0.4011219189223457,0.401827873591431,174.46768469593005,4.896880359913217,"[0.7868947775679074, 0.7128795666309848, 0.8751994466732858, 0.8514878417225552, 0.9938175274938622, 0.6423023709425946, 0.6801250644449135]",red,"{""accelerate"": true}",-27.69374926230003,hybrid,traffic_violation
1765200355.869623,0.4490615428807224,0.31872185669235364,49.6891407412394,1.272928514126354,"[0.03568841334782329, 0.06439157156166711, 0.16399830518060535, 0.25905022678116874, 0.3416121560251722, 0.29932100743619394, 0.7289820962835162]",red,"{""turn_right"": true}",-4.819633039891421,pure_ml,collision_avoidance
1765200356.869623,0.7107955302843171,0.7214581389111141,-12.166776421635888,3.3934275382283774,"[0.6509028082757367, 0.4802149915000907, 0.6906131811472258, 0.6302659191467731, 0.8020797373900876, 0.7914714756039656, 0.9579175831652208]",green,"{""accelerate"": true}",7.693337926227973,hybrid,normal_driving
1765200357.869623,0.8624736338508953,0.4941042982692336,-37.58026062909811,1.8824986317276393,"[0.600132395020885, 0.5232530319246576, 0.7140371350419987, 0.9808291498180927, 0.7771208672371395, 0.7404486733164961, 0.6287329170096836]",green,"{""change_lane_left"": true}",8.840115454163662,pure_ml,normal_driving
1765200358.869623,0.43385725310532786,0.7681131981837828,9.8591673918912,4.442324070986382,"[0.6139850753805336, 0.6592987170194363, 0.8616083495225708, 0.9262493140165662, 0.6551858515567163, 0.6108042698517815, 0.6071236575520395]",red,"{""accelerate"": true}",-36.13000427775435,hybrid,traffic_violation
1765200359.869623,0.4757269271329171,0.20934494983395177,37.40505283131654,1.6595349753295927,"[0.738521958816726, 0.8072883480145949, 0.9598749369901054, 0.9196771400592944, 0.8914027064285645, 0.40668360277380133, 0.8172831525548696]",green,"{""turn_left"": true}",9.89248028503234,pure_ml,normal_driving
1765200360.869623,0.46011824627588693,0.36853509738417844,-77.33067111564772,4.253942616946129,"[0.7254059949251086, 0.829002215234707, 0.6146706333550442, 0.8863512097635853, 0.920824728488058, 0.7426382342596762, 0.7057089704396207]",red,"{""accelerate"": true}",-19.574977183696447,hybrid,traffic_violation
1765200361.869623,0.21263637953854797,0.21097568377717452,-51.113256281731125,3.5817161658756587,"[0.6571023205348099, 0.9292700942411243, 0.983990000488091, 0.9929485392600905, 0.45530941613997494, 0.6884988920519943, 0.997921408824999]",green,"{""accelerate"": true}",8.085681032904013,pure_ml,normal_driving
1765200362.869623,0.4708839517939344,0.6225587586835623,179.98698466639442,3.693123877676544,"[0.6849510066862737, 0.5909898013952262, 0.5883299580742838, 0.5387070821796326, 0.6301422538811355, 0.8498661402047899, 0.4023182845353475]",green,"{""accelerate"": true}",5.197924678170968,hybrid,normal_driving
1765200363.869623,0.38803849958772163,0.5158725647182272,51.584646265299504,4.1653429892959135,"[0.4813212337712053, 0.5020166316640055, 0.6009210146400947, 0.9843365522577386, 0.5408257070012321, 0.47909185568809753, 0.5000376073300865]",green,"{""accelerate"": true}",9.259152525574919,pure_ml,normal_driving
1765200364.869623,0.6942507742717591,0.7835237973068907,118.80888638835086,2.224520975819145,"[0.615012628559588, 0.43190254799118777, 0.5935050299893161, 0.44596747508011225, 0.5129056750805585, 0.5214511345455626, 0.8499861351978146]",yellow,"{""change_lane_right"": true}",10.482018274451228,hybrid,normal_driving
1765200365.869623,0.44559068718174355,0.32861530800047434,21.265787294197576,4.4533447191681095,"[0.7567557709190498, 0.6010575173086518, 0.7428955706382551, 0.6584639235890429, 0.7681834468808392, 0.9177821378526076, 0.9346459251329846]",red,"{""accelerate"": true}",-38.412890894815064,pure_ml,traffic_violation
1765200366.869623,0.174253417296704,0.5673816616753014,139.44772418484803,1.0229057356989435,"[0.4144410738682869, 0.010296634716707165, 0.43093010586938596, 0.9259942439574741, 0.2992508711637426, 0.7980131420125259, 0.29185350048988035]",red,"{""brake"": true}",1.2639083648882412,hybrid,sensor_failure_noisy_sensor
1765200367.869623,0.7656910859347948,0.4262364766290619,135.1169876832524,4.489978620137963,"[0.8959625273203954, 0.6034738611643871, 0.8917522403733329, 0.4280799359264641, 0.5615787087145422, 0.48825728668585944, 0.6992079241473477]",yellow,"{""accelerate"": true}",12.838723504489998,pure_ml,normal_driving
1765200368.869623,0.44777188525378264,0.2186839156956185,131.2991823854567,2.00250570926328,"[0.5824352700063844, 0.5564709700220902, 0.46412888404642316, 0.9014090982397983, 0.5031914955779455, 0.7392572879743757, 0.6191005161512498]",yellow,"{""change_lane_left"": true}",8.1820336731623,hybrid,normal_driving
1765200369.869623,0.8454059999684066,0.7071228056386913,-143.24511225613128,0.013375629126673672,"[0.1065017438037777, 0.06453729652790281, 0.022488340421277855, 0.28084453137697196, 0.1437988085435475, 0.357474064545326, 0.5154303850186805]",red,"{""brake"": true}",-9.093419420294532,pure_ml,collision_avoidance
1765200370.869623,0.30963251437796224,0.6108199183171421,-8.948173914096637,2.084931292870082,"[0.4554146512229821, 0.9452846764735889, 0.886754124951511, 0.46883870952052115, 0.9352572846345449, 0.6756975439187998, 0.7672933539804183]",green,"{""accelerate"": true}",14.947075030160256,hybrid,normal_driving
1765200371.869623,0.627183320926483,0.22596598697459525,-154.62392609706077,3.150508386179675,"[0.9652808950047514, 0.6951119078825668, 0.5502113917453352, 0.7371630837149736, 0.7853765366848171, 0.4825721675993009, 0.8790807343575996]",yellow,"{""change_lane_right"": true}",4.379514645473745,pure_ml,normal_driving
1765200372.869623,0.76713982167466,0.6240450153969834,-76.33330748660562,2.6642708312457852,"[0.5852137882700215, 0.708913826211492, 0.8935897609535248, 0.812259473013409, 0.9433897220856515, 0.667632757685672, 0.7572201833617025]",green,"{""change_lane_left"": true}",11.535914212537362,hybrid,normal_driving
1765200373.869623,0.14607242094214998,0.7806505564632107,155.86975227667193,0.9558021146320353,"[0.036591951125981396, 0.03372436134485932, 0.1393756186139173, 0.19252497344715191, 0.14816744918229496, 0.486518863804939, 0.636995647956982]",red,"{""brake"": true}",-4.791678125523945,pure_ml,collision_avoidance
1765200374.869623,0.7538590461148107,0.4638823620209243,-4.318198880049079,2.2154329996312567,"[0.7280232819253942, 0.8844281949241521, 0.8838577373817811, 0.9636174824765522, 0.4826317252356421, 0.7342236799322286, 0.4216138107557547]",yellow,"{""accelerate"": true}",7.593722124513267,hybrid,normal_driving
1765200375.869623,0.7351656944807424,0.7371170171080053,-101.02674390318474,2.6914359897793525,"[0.6046696145158579, 0.8784836752757343, 0.516080618030385, 0.8606583812747981, 0.4051037483542275, 0.5184657867709523, 0.643087677868492]",green,"{""accelerate"": true}",6.5989970386631605,pure_ml,normal_driving
1765200376.869623,0.7724900866158965,0.6387051517291018,-105.72362278661782,2.064499963972913,"[0.5209343760901374, 0.9225395230731743, 0.5657853940797651, 0.5291727352631215, 0.7101590385842951, 0.5252519375501493, 0.5820689971346236]",yellow,"{""change_lane_left"": true}",8.148421274497558,hybrid,normal_driving
1765200377.869623,0.42511632057834536,0.24502767294499503,-153.07083485902703,3.3273321807963185,"[0.7740550956064343, 0.746979001420039, 0.8533629897956192, 0.612114443148922, 0.80237799415804, 0.9064881024553788, 0.7221955044557364]",green,"{""change_lane_right"": true}",11.042622879306087,pure_ml,normal_driving
1765200378.869623,0.37794233699092805,0.23295275449189257,136.4923319684041,4.820578810533297,"[0.6999078840213069, 0.7785720871526337, 0.870226025576039, 0.7820920164154628, 0.9991666096774777, 0.8747430754768184, 0.7590829002130087]",red,"{""accelerate"": true}",-41.46006897044467,hybrid,traffic_violation
1765200379.869623,0.12009616816161693,0.20755402755200894,7.250279502224408,4.336636691890908,"[0.5767629037004554, 0.6237097803934637, 0.5048050463612478, 0.7570193731414345, 0.5949412448827687, 0.4131456102930995, 0.857367473785221]",green,"{""accelerate"": true}",14.368217466500246,pure_ml,normal_driving
1765200380.869623,0.6548748589233016,0.46148120497565304,142.293264352061,4.046402139969751,"[0.44959997230969717, 0.528899621057549, 0.4867014225855715, 0.7336750031404085, 0.9253898018141741, 0.5994932380639255, 0.5842407110423632]",yellow,"{""accelerate"": true}",6.780075576436831,hybrid,normal_driving
1765200381.869623,0.7815038729573646,0.724334391566021,164.40207542931827,4.408448334380937,"[0.9924238573944016, 0.5372976394467827, 0.5668547446436165, 0.7813591503886697, 0.9530901951525461, 0.7766935468784344, 0.8852237210368029]",green,"{""accelerate"": true}",14.831907610804718,pure_ml,normal_driving
1765200382.869623,0.4805869431748223,0.3286904812424799,19.660678063822616,2.9139086332604505,"[0.7921925997483521, 0.6304479510226475, 0.8092981204620227, 0.9981573808364474, 0.8193629341650621, 0.9309060456135518, 0.9281392451957764]",green,"{""change_lane_right"": true}",5.922393847229084,hybrid,normal_driving
1765200383.869623,0.14825718536267862,0.41993047113445786,52.46269566584242,4.340283926792455,"[0.9871029175975092, 0.9394999962171439, 0.6422908246999216, 0.849171664380626, 0.7661149252025512, 0.6938255769300216, 0.6759367012695962]",red,"{""accelerate"": true}",-33.581433414216626,pure_ml,traffic_violation
1765200384.869623,0.7007253092597879,0.35159206457411574,32.34878821405198,3.1922819595664675,"[0.9770711056567974, 0.5371557703801443, 0.8071705047628053, 0.9758993182201485, 0.7343115492591303, 0.9851158687426075, 0.6073565483158061]",green,"{""turn_right"": true}",8.142539825184272,hybrid,normal_driving
1765200385.869623,0.11972424374694057,0.36133071612851364,85.95915636617461,3.540379410692694,"[0.7634135516479219, 0.5045174188979858, 0.8294102062191193, 0.9695379068885456, 0.6567679137493594, 0.710481881549992, 0.7465980569611577]",green,"{""accelerate"": true}",8.24800946917382,pure_ml,normal_driving
1765200386.869623,0.30803833674088993,0.40513326096258395,152.46623331589052,0.9953906408523367,"[0.5623511567777857, 0.8339179778517023, 0.5039212384121093, 0.9249922739680323, 0.6131081901934985, 0.4697368400489542, 0.7052346967449272]",green,"{""brake"": true}",6.5455928536533,hybrid,normal_driving
1765200387.869623,0.655911232096629,0.7986516420035528,20.092525669173856,0.9333749558160014,"[0.8, 0.0, 0.0, 0.5735326335305057, 0.5278880364561178, 0.4601283981590649, 0.549436798585164]",yellow,"{""turn_left"": true}",-0.6247238676123263,pure_ml,sensor_failure_partial_failure
1765200388.869623,0.6150578229878438,0.6113597113644504,-67.15611457428403,0.35098873433925903,"[0.07765104149830689, 0.1738207256432911, 0.1427806068822764, 0.14752221754647504, 0.16526385801263738, 0.4534700607026307, 0.5461415476083067]",red,"{""brake"": true}",-7.716397777153938,hybrid,collision_avoidance
1765200389.869623,0.4009420215083056,0.22010994863361966,-153.88934903960939,2.5769756420075542,"[0.4850471412410785, 0.5295278332774801, 0.9564921209307611, 0.6946819014005019, 0.549206538087118, 0.5754857522682261, 0.48984294002540785]",green,"{""accelerate"": true}",9.164946824362346,pure_ml,normal_driving
1765200390.869623,0.622275813671147,0.23008875427154685,16.714499060052407,2.146883058424404,"[0.7376234263138682, 0.4168163031457669, 0.8599278892658582, 0.7338228549253073, 0.48850042462855353, 0.41421343010710954, 0.7683464902035018]",yellow,"{""accelerate"": true}",12.319378484592193,hybrid,normal_driving
1765200391.869623,0.21621986736959897,0.7863380561561928,-40.60287001088859,4.094249403352581,"[0.5073816905969748, 0.9001026668726396, 0.8668176663428222, 0.5272315725647109, 0.6550069645061432, 0.998846277910519, 0.9836894625101046]",green,"{""accelerate"": true}",13.422256161115317,pure_ml,normal_driving
1765200392.869623,0.6533598554931885,0.22210135366610306,-53.84584137901649,0.6180610924694988,"[0.17268889691617428, 0.12338017279202118, 0.009759375308616702, 0.21078418641590713, 0.1133914064039083, 0.23316229431237254, 0.3431602162252556]",red,"{""brake"": true}",-5.812030888366106,hybrid,collision_avoidance
1765200393.869623,0.47909870549611944,0.2511292097645431,-6.6976245226156506,3.4538370619407384,"[0.9552805044878814, 0.46399948603207486, 0.8294387610992753, 0.5710923773646337, 0.7701902548077528, 0.4671172010845431, 0.8667921684846092]",green,"{""accelerate"": true}",12.44143290039688,pure_ml,normal_driving
1765200394.869623,0.31302287034195175,0.5139373713553967,41.57453394392909,4.818497497692627,"[0.7116573398887486, 0.7837926704444393, 0.9817479516845176, 0.8656882102269048, 0.8970401079566773, 0.9953953008493339, 0.8145547611915978]",red,"{""accelerate"": true}",-0.6115264790440875,hybrid,edge_case_speed_limit
1765200395.869623,0.7100455356133489,0.3800115386822872,62.15747760719392,2.3959189067476383,"[0.6553816813782503, 0.7985458588790588, 0.6144053062542038, 0.680246674260202, 0.6769777918802171, 0.4939992397486645, 0.890071840066076]",green,"{""turn_right"": true}",4.565366931010966,pure_ml,normal_driving
1765200396.869623,0.7198691678094202,0.7138075619582747,174.90697146264355,1.2055093121206344,"[0.10716597396038363, 0.11467342121756181, 0.018730652523597315, 0.24249351862790208, 0.3696005437672223, 0.3878142506060559, 0.46106717026219435]",yellow,"{""turn_right"": true}",6.429417981686793,hybrid,collision_avoidance
1765200397.869623,0.26695698566467074,0.95,-11.66320240246485,1.3065218004481127,"[0.15470874724598063, 0.479588983686919, 0.3895708125608803, 0.5933897012533556, 0.6168952109589088, 0.8389917953696961, 0.7770595442909349]",green,"{""turn_right"": true}",9.672321574890987,pure_ml,edge_case_road_boundary
1765200398.869623,0.8382266491013,0.31651628985322383,5.774167234385289,0.8369104646911817,"[0.11166375757864827, 0.022585631919520257, 0.15869635276105273, 0.11401040485343593, 0.16265204224929763, 0.5495123077289936, 0.5959642543394186]",red,"{""brake"": true}",1.7289824335639885,hybrid,collision_avoidance
1765200399.869623,0.5875783735120433,0.3482155807039383,-133.73275950004907,0.7831183147440541,"[0.2528390607456543, 0.2678941092032556, 0.26946457808709734, 0.3140830407917663, 0.3180857905214288, 0.5242116141267402, 0.6319598336145003]",red,"{""brake"": true}",-1.6264116744672377,pure_ml,edge_case_extreme_weather
1765200400.869623,0.7524911640264118,0.23133981290897135,-39.880390880993104,1.7063800520036647,"[0.5904674177052737, 0.46375883847767985, 0.9247634138005205, 0.5149481154043449, 0.8607430859510392, 0.6411852788375956, 0.7327833001958857]",green,"{""turn_right"": true}",3.8397313569830334,hybrid,normal_driving
1765200401.869623,0.23137893033752724,0.36358261155926286,92.3151882035355,2.883528583891501,"[0.7632018399522139, 0.5324340401469945, 0.6247796350880415, 0.7042013090803959, 0.807584691485305, 0.9573815242964809, 0.7794404695285843]",green,"{""turn_right"": true}",4.763641955223468,pure_ml,normal_driving
1765200402.869623,0.1920299694619555,0.7452838445767802,137.80670280855236,0.3839249025073485,"[0.0, 0.0, 0.0, 0.0, 0.0, 0.0, 0.0]",red,"{""brake"": true}",-6.122415526737626,hybrid,sensor_failure_complete_failure
1765200403.869623,0.7512325019527814,0.22248110433575863,7.61987276756432,2.9295659715185334,"[0.7304012849022308, 0.6829562861367633, 0.8769838258047873, 0.9806073525253903, 0.40583055099005705, 0.9459267752605763, 0.7308189945581964]",green,"{""change_lane_right"": true}",4.339788282441753,pure_ml,normal_driving
1765200404.869623,0.12088951847412455,0.7921415982785782,-7.357760930158483,0.429217669130065,"[0.2983660268887633, 0.16819795391753817, 0.18991637935568317, 0.241644754940797, 0.2737151435056629, 0.38771817178789214, 0.6594831666366825]",red,"{""accelerate"": false}",7.5957214185667485,hybrid,edge_case_extreme_weather
1765200405.869623,0.7896532602879847,0.640982771482252,-152.1501598271104,2.9285925163642332,"[0.8066206418757231, 0.6550578454790398, 0.4778030514656484, 0.9550578686280403, 0.643854168503854, 0.9232858247965648, 0.43694634724473735]",green,"{""accelerate"": true}",6.843683729100265,pure_ml,normal_driving
1765200406.869623,0.6909482549967557,0.20727754078677374,-174.91963974401585,4.6125010528781125,"[0.7836331113038995, 0.7669634772545892, 0.6221042536858066, 0.6609893383579153, 0.64260485353015, 0.6401245025211861, 0.8657918846269794]",yellow,"{""accelerate"": true}",-24.336645920021084,hybrid,traffic_violation
1765200407.869623,0.39957469482875385,0.7273962936537641,-161.3921957437252,4.081119197813396,"[0.7980214334689144, 0.6999006821676417, 0.8496154792649724, 0.980179531983649, 0.608583703343429, 0.9753576562105463, 0.6845895253682278]",red,"{""accelerate"": true}",-16.1747322758575,pure_ml,traffic_violation
1765200408.869623,0.8243168347379929,0.4075307567442046,174.89620934176088,3.6709350978498865,"[0.9486657327717678, 0.6364557684125869, 0.6902532191008987, 0.49950282707961335, 0.9635050025187483, 0.6416641978055332, 0.808423360406713]",yellow,"{""change_lane_left"": true}",6.23044707368033,hybrid,normal_driving
1765200409.869623,0.6210249339454902,0.7333322475199417,-115.45773104944139,2.1513973598095233,"[0.49616689534343805, 0.7813082814834901, 0.8461542774266184, 0.8230249108862893, 0.558409843699725, 0.6874946927448237, 0.8068350647837356]",green,"{""change_lane_right"": true}",9.637113343459932,pure_ml,normal_driving
1765200410.869623,0.7892749071033867,0.36910841370604264,-41.270592280280006,1.9315464011744026,"[0.47476471773020557, 0.701032882656524, 0.6472995476681414, 0.7678261506749602, 0.586999204300162, 0.9447824817415837, 0.9679644507975272]",green,"{""turn_right"": true}",3.4599320691374698,hybrid,normal_driving
1765200411.869623,0.47891172089468736,0.72304989152454,34.761516590856765,2.1168389125211804,"[0.8275859295642995, 0.9815865150577004, 0.46419573068765235, 0.49286393492434216, 0.9107987372795424, 0.7421616122766712, 0.7099742213445863]",green,"{""accelerate"": true}",7.434816541748911,pure_ml,normal_driving
1765200412.869623,0.4258453932220452,0.5654503770815895,-172.1595919185135,3.1923970407383253,"[0.9831133179062858, 0.8066028027684153, 0.633545013314153, 0.8390848752559885, 0.8413542911053905, 0.7760495142930985, 0.6278120021008046]",red,"{""turn_right"": true}",-5.855927504587035,hybrid,traffic_violation
1765200413.869623,0.755461945693796,0.3028251411107313,-128.8790720767173,4.693709537759585,"[0.8907651865316898, 0.9247573079223863, 0.9798833942980487, 0.8203713183915561, 0.8408061639796387, 0.7872659255940615, 0.9415174845540015]",red,"{""accelerate"": true}",-4.426923094304017,pure_ml,edge_case_speed_limit
1765200414.869623,0.6891632379733756,0.5077220983081672,154.66303699263983,1.5852360314181775,"[0.5537542080071437, 0.6962637497366307, 0.8424090225502283, 0.5165125385809437, 0.826578202426875, 0.9839269732055265, 0.8807204998471205]",green,"{""turn_left"": true}",4.142767833255755,hybrid,normal_driving
1765200415.869623,0.8377299578704052,0.95,175.16875478767395,0.9633810557020095,"[0.43650810155582953, 0.2373744868758438, 0.6463997274740934, 0.5519377920721424, 0.6437587581566716, 0.9942434716845733, 0.7954817328076157]",red,"{""brake"": true}",-2.9728231178161124,pure_ml,edge_case_road_boundary
1765200416.869623,0.6472734320445341,0.3274019859043993,-125.18086621060864,4.298167450907805,"[0.7099687903642385, 0.9218291082992067, 0.41943529580737726, 0.883630717506166, 0.6178369005611335, 0.9858103102334187, 0.6572710626205531]",green,"{""accelerate"": true}",8.80445178169445,hybrid,normal_driving
1765200417.869623,0.20973468998784686,0.3206553632113407,-27.11765391491353,4.444129198366516,"[0.7085165746419184, 0.6912292181869744, 0.4337377174184789, 0.8852394971802627, 0.7389852308078492, 0.7866334609659176, 0.47990403715693386]",green,"{""accelerate"": true}",7.827123348279525,pure_ml,normal_driving
1765200418.869623,0.7138682272108707,0.27289214245890053,-175.3184535332708,2.380792100116323,"[0.5677377071452853, 0.8549436088015978, 0.6747922088151483, 0.9224693199520803, 0.40796165325193917, 0.9989811610254197, 0.4340772684962011]",green,"{""change_lane_right"": true}",4.571202919728261,hybrid,normal_driving
1765200419.869623,0.8631662336477873,0.5347694620375902,157.9569224818467,2.451363502817036,"[0.7767593052749542, 0.8934519665011725, 0.4659747854020228, 0.7171810685450497, 0.4594650782368802, 0.9441517585287869, 0.7667976665771288]",red,"{""change_lane_right"": true}",8.953790937728627,pure_ml,normal_driving
1765200420.869623,0.36282968079294375,0.7106003134543026,56.99806267525984,3.5530010085592476,"[0.41514220930156776, 0.7925813212826165, 0.4072258597551377, 0.9571385033686636, 0.46497943189215124, 0.5333200063269934, 0.8676177831346712]",green,"{""accelerate"": true}",8.871337674619737,hybrid,normal_driving
1765200421.869623,0.6498916832240595,0.4868866011744804,30.274467350306292,3.1121326878260587,"[0.6967504948745746, 0.9534156095080292, 0.9608268605634629, 0.9243301920873026, 0.5963552291887395, 0.40190874812502714, 0.7360755724831545]",yellow,"{""accelerate"": true}",10.645673648544916,pure_ml,normal_driving
1765200422.869623,0.5060178379844913,0.3622521217908975,-60.9713125297224,3.3001149422356963,"[0.6419779574272069, 0.7806890986745024, 0.8944490827969572, 0.7271777928880647, 0.8055387271508037, 0.44063921712196646, 0.46563892608874313]",green,"{""accelerate"": true}",8.803423283775253,hybrid,normal_driving
1765200423.869623,0.6296380571158504,0.5634709643533329,175.56136594978898,3.8533091003195667,"[0.9577172511428407, 0.8031715607181087, 0.8038309335442284, 0.721082307473657, 0.42876957186291825, 0.5670082170330502, 0.7830979059206344]",green,"{""accelerate"": true}",5.034142034602514,pure_ml,normal_driving
1765200424.869623,0.24416940327919134,0.6460554772119067,-18.974754026135773,2.2114467890455476,"[0.7686449032763939, 0.6741518931245892, 0.7699534635062109, 0.9864280219790752, 0.8728355694562098, 0.6842437133544536, 0.49898291457771826]",green,"{""turn_left"": true}",3.5421081783064006,hybrid,normal_driving
1765200425.869623,0.8467135885269913,0.49154249682861667,162.41507022048717,2.793489721052794,"[0.6687255658999367, 0.9194376951908598, 0.40143862283418447, 0.6039296071168756, 0.4032332394134618, 0.9789210530067254, 0.5252532271795729]",green,"{""accelerate"": true}",9.373953801543266,pure_ml,normal_driving
1765200426.869623,0.8491243642981752,0.7897611012847479,16.048219559752173,4.184740411656968,"[0.703675623744434, 0.7651389686050633, 0.7872279808031907, 0.6298089289762837, 0.6710841646931954, 0.6215622526698108, 0.7844418085925271]",red,"{""accelerate"": true}",-21.94356691299997,hybrid,traffic_violation
1765200427.869623,0.7881014326069771,0.4230605051714724,-28.32469649568138,2.4887791618284547,"[0.5049052201095144, 0.8551641060773061, 0.5398833097556061, 0.9567988774077051, 0.5771007883115765, 0.8473920731854023, 0.9134238078550074]",green,"{""turn_left"": true}",7.68564692450509,pure_ml,normal_driving
1765200428.869623,0.17440679851224,0.6752851857458806,-107.61939513660977,3.1896729629716885,"[0.5495432406591347, 0.44901488631630615, 0.960740442781855, 0.9178108837046834, 0.4233170710385268, 0.9556547939783901, 0.49340340607234195]",green,"{""change_lane_left"": true}",7.723696740746668,hybrid,normal_driving
1765200429.869623,0.2996042444469399,0.6773515306027652,89.47093271419644,4.1088834582343505,"[0.725883695807182, 0.6822730742310836, 0.9350436916424552, 0.7831342183219501, 0.8300192108992721, 0.6960617780338875, 0.960729190982244]",red,"{""accelerate"": true}",-10.797478973617004,pure_ml,traffic_violation
1765200430.869623,0.14104064181068213,0.7653556731042617,133.09448155871723,3.230794630830542,"[0.8736237141461314, 0.8378128909258343, 0.8289043461836455, 0.7891064827861737, 0.668906930668633, 0.575038135940814, 0.5520496521964978]",green,"{""change_lane_left"": true}",7.333175444744747,hybrid,normal_driving
1765200431.869623,0.7398485928650111,0.4293932627278001,87.95463751243278,3.663763004413947,"[0.692631973381381, 0.794774991206272, 0.916396955610414, 0.6861750941130838, 0.9286816454732258, 0.8009910821684934, 0.9572141078916507]",red,"{""accelerate"": true}",6.280463803293033,pure_ml,normal_driving
1765200432.869623,0.6032747795559483,0.5517413572977542,-76.09702778075669,4.310384529145279,"[0.569447273703793, 0.6651484119609761, 0.4542248454752761, 0.49900313173890753, 0.48195364080100234, 0.7042939348935531, 0.7146616708545361]",green,"{""accelerate"": true}",14.948476314673524,hybrid,normal_driving
1765200433.869623,0.6819793986078696,0.2695258740281247,-12.570906782046928,3.6568147123473067,"[0.8366454266824539, 0.9457955927295362, 0.6992923421838089, 0.730573787023401, 0.6410829693550641, 0.9148542242513412, 0.7395503919847592]",green,"{""accelerate"": true}",5.856270980137345,pure_ml,normal_driving
1765200434.869623,0.4247176783324692,0.3923640365989269,-13.000910806600771,2.5263972838419244,"[0.8116312171735189, 0.7344129419838459, 0.8103047668891981, 0.4725721587269621, 0.44087819865358824, 0.41284421909344104, 0.48666342445655597]",green,"{""accelerate"": true}",5.429402375362686,hybrid,normal_driving
1765200435.869623,0.4174725199620578,0.5917099309844869,91.04003540586938,2.8537436073506797,"[0.8027604671334344, 0.6605250631336466, 0.6927258668754042, 0.7250479149666399, 0.9350863296666547, 0.570197372519523, 0.9786696604545546]",green,"{""turn_left"": true}",4.774616140493833,pure_ml,normal_driving
1765200436.869623,0.5031416266852979,0.7922222630564497,-151.0025587294429,4.368535914453413,"[0.8784534299289801, 0.4204874130125257, 0.8807402136623723, 0.44210730330591314, 0.6445859966434722, 0.7922605051679035, 0.7107036589311277]",green,"{""accelerate"": true}",8.069694846767863,hybrid,normal_driving
1765200437.869623,0.2743524239708289,0.6672605093113666,-179.851914800021,3.2226466137422367,"[0.42300571342913307, 0.6640350409220166, 0.8669730437547518, 0.6581110542895334, 0.8157112142846716, 0.5665176394419263, 0.5308993908377165]",yellow,"{""turn_left"": true}",9.013789641078407,pure_ml,normal_driving
1765200438.869623,0.7016383219057877,0.6893882137877327,-125.48777762113286,2.162452708211166,"[0.9237384543082543, 0.726390403071699, 0.5528749509390349, 0.44753569583710656, 0.4083481022562848, 0.5528368265091304, 0.98626915705208]",green,"{""change_lane_left"": true}",4.507281040629204,hybrid,normal_driving
1765200439.869623,0.7260842817618023,0.24555513003640994,-99.83431549690906,2.31938868424359,"[0.9072800267455394, 0.863119222605047, 0.8851836062466845, 0.46205209823805227, 0.6963801823060611, 0.4811506466903773, 0.48376178850151946]",red,"{""accelerate"": true}",6.790464282336387,pure_ml,normal_driving
1765200440.869623,0.5450360116402319,0.3874108328225061,-147.70192327956931,3.105675994555253,"[0.41543662512568563, 0.7179988011835345, 0.7221278239796756, 0.9068316846683604, 0.6980417124334022, 0.7570575195628617, 0.9165225941817866]",green,"{""change_lane_left"": true}",7.829426390699392,hybrid,normal_driving
1765200441.869623,0.5022786721437956,0.4998523396407576,-35.981400465057355,0.9732108795315881,"[0.013144716435066673, 0.14720209958666106, 0.09736442822591869, 0.23320665885164069, 0.3367949378573435, 0.4014143419323105, 0.4024159251101305]",yellow,"{""brake"": true}",-9.093908287111157,pure_ml,collision_avoidance
1765200442.869623,0.2290439518295731,0.6447969991393637,128.25363439439744,4.415395718109853,"[0.7074125056171687, 0.5458283972509556, 0.5674904292977627, 0.700160983420518, 0.405248569082392, 0.8703536233352771, 0.540159426077474]",green,"{""accelerate"": true}",8.02092772448423,hybrid,normal_driving
1765200443.869623,0.17232504366043083,0.2633255653446169,112.94957152317333,0.24668623788524657,"[0.0, 0.0, 0.0, 0.0, 0.0, 0.0, 0.0]",green,"{""brake"": true}",-9.84015574322428,pure_ml,sensor_failure_complete_failure
1765200444.869623,0.3273668608073475,0.6506081009691813,23.35365741203215,4.321829437928308,"[0.8756194536318305, 0.8843891454952679, 0.44405458690251326, 0.4062111476982286, 0.7067650216886247, 0.661504124036985, 0.7456721244621927]",yellow,"{""accelerate"": true}",8.905686700662779,hybrid,normal_driving
1765200445.869623,0.7106957805612711,0.7366853549463841,75.19433783944771,2.516283847096527,"[0.7764167747921471, 0.5409268466074038, 0.9354646179910915, 0.7360022122094219, 0.4134839675359875, 0.6412855847335761, 0.938528752576812]",green,"{""change_lane_left"": true}",7.4854861090740075,pure_ml,normal_driving
1765200446.869623,0.11918042006317303,0.5330423003732585,144.28929365606015,1.732623321492157,"[0.0, 0.0, 0.0, 0.7192710949366404, 0.5874655016580703, 0.6322974219312788, 0.46182378369567173]",red,"{""turn_left"": true}",-2.7393389649095834,hybrid,sensor_failure_partial_failure
1765200447.869623,0.2302472172718064,0.284378397770151,-116.74735494299732,2.8396812950315224,"[0.7708705089246634, 0.7347016300122227, 0.8729105880986358, 0.657851733210755, 0.9554079322733601, 0.6800123023391879, 0.6728116829499726]",green,"{""accelerate"": true}",10.193731745914079,pure_ml,normal_driving
1765200448.869623,0.5867203616888016,0.6282293815345981,24.34529778349986,1.8218848103414917,"[0.8559735538914248, 0.5194550503365587, 0.5276945637980103, 0.6175603770982314, 0.7453085117226368, 0.9921854859627208, 0.9051242274643498]",green,"{""turn_left"": true}",4.177027018675862,hybrid,normal_driving
1765200449.869623,0.15102271168080847,0.3029965976696326,123.7329027176395,0.6571585312361748,"[0.14656467095675096, 0.11123645359091686, 0.1272636084133417, 0.15101955386064825, 0.35588404346286817, 0.43281059964514185, 0.49107950666202155]",green,"{""brake"": true}",-4.080741667598366,pure_ml,collision_avoidance
1765200450.869623,0.2888185688589635,0.7958755865648883,140.03321828165602,3.0849757075843054,"[0.6878251592910019, 0.4075249471046273, 0.7832942235406855, 0.974948401018871, 0.7536194063791313, 0.6065962174817139, 0.8425101265910288]",green,"{""accelerate"": true}",9.744178743724728,hybrid,normal_driving
1765200451.869623,0.4279733731189864,0.7023898920551055,51.649023280838065,2.3446654698849456,"[0.4624667438383153, 0.5895466552875671, 0.673087087086857, 0.6420792316154733, 0.71375100494326, 0.7343002149602922, 0.720380814859277]",green,"{""brake"": true}",3.6176255352222855,pure_ml,normal_driving
1765200452.869623,0.5895204402853754,0.25601238987722774,116.78820169889877,3.912281009088014,"[0.4288927048741204, 0.6855049630925927, 0.4027206462910774, 0.8408644861339358, 0.4456134352459911, 0.6285415691425872, 0.8936009198902581]",red,"{""accelerate"": true}",7.917771256664988,hybrid,normal_driving
1765200453.869623,0.5520508513355527,0.6089359221220789,20.84250287999818,3.2197470613321766,"[0.4535152727511521, 0.8750251438054859, 0.7275591517589124, 0.7403253182384242, 0.9049110737596177, 0.5988129511296449, 0.5528891649343901]",green,"{""change_lane_left"": true}",11.989326437920344,pure_ml,normal_driving
1765200454.869623,0.7657634339263399,0.43524773867026356,-120.24456942709519,2.608795710151037,"[0.5196859117627246, 0.4555295608024026, 0.42297433998293005, 0.7323637776875673, 0.7677937614029522, 0.5955462259010106, 0.8558854584880736]",green,"{""accelerate"": true}",7.218161294736799,hybrid,normal_driving
1765200455.869623,0.8689978225491828,0.5471786734189261,76.10970168710175,2.976791385925041,"[0.6402566660069358, 0.9722192761734797, 0.43851655642298215, 0.9022032837293688, 0.44655007007495484, 0.4423549278911349, 0.8550898457457299]",green,"{""turn_right"": true}",4.52399890252173,pure_ml,normal_driving
1765200456.869623,0.21350716942171788,0.6676758287741356,-21.023092549196335,1.6181446873143102,"[0.737286458039874, 0.4870368881804423, 0.4911976777314472, 0.9305942324461254, 0.734189672257149, 0.7769575499391893, 0.9040700534918369]",green,"{""turn_right"": true}",8.730616424936485,hybrid,normal_driving
1765200457.869623,0.8902209931769994,0.3288856074131109,-127.0864793480807,4.211274144912096,"[0.5114634145670481, 0.9548232438244163, 0.6385528910058085, 0.7863120172815843, 0.9982073369586638, 0.5584029964762853, 0.4481177873508648]",yellow,"{""accelerate"": true}",7.320899696332345,pure_ml,normal_driving
1765200458.869623,0.7337324504761145,0.2605050875945516,6.601418940596909,1.6590398139842142,"[0.4160006018192871, 0.7013785189423853, 0.4586039074678871, 0.9299211214470712, 0.6590874924166281, 0.9233918771331987, 0.8873813776349628]",green,"{""turn_right"": true}",4.500649652285027,hybrid,normal_driving
1765200459.869623,0.25002311341018113,0.22626684969271826,69.88086930909573,4.062916382937774,"[0.9447835170172582, 0.533459955377253, 0.5272123912788491, 0.8826835259054685, 0.40110980515984834, 0.673703801009804, 0.7768403635860497]",green,"{""accelerate"": true}",7.114310112235456,pure_ml,normal_driving
1765200460.869623,0.7619173790791665,0.471439683961577,1.8188734507247841,1.0015570454822667,"[0.6003545864378353, 0.9434405850525249, 0.8470370633159132, 0.5486793375598926, 0.9015619598705623, 0.5955845938526407, 0.7980694023825964]",yellow,"{""brake"": true}",6.798571112082325,hybrid,normal_driving
1765200461.869623,0.7452647403301871,0.28218522804518853,-124.96460012600214,2.739763533889243,"[0.7076193411589788, 0.8699222086310179, 0.6735213889603366, 0.8798500732638925, 0.7230901108175718, 0.8628057233420291, 0.4003664101560842]",green,"{""turn_right"": true}",9.854992946032691,pure_ml,normal_driving
1765200462.869623,0.6872047643022364,0.5667481105401201,32.7137621034451,3.9438415734450385,"[0.9593283306693755, 0.63600473112406, 0.8764446367178302, 0.40389651331875376, 0.9552786020819659, 0.6613814716957667, 0.9922854031466112]",green,"{""accelerate"": true}",9.644159853719902,hybrid,normal_driving
1765200463.869623,0.12175040554099424,0.5862196467120976,-52.58779029952712,1.6945688617757124,"[0.05862424404887792, 0.18846194270858543, 0.09613585098101761, 0.2140194448260398, 0.36684580282814483, 0.5644919018679131, 0.6062650594190981]",red,"{""turn_right"": true}",5.753712465068354,pure_ml,collision_avoidance
1765200464.869623,0.5664459432809893,0.48606387292707004,-24.45140031313057,2.773647447066131,"[0.8163260291124377, 0.5148190735835959, 0.8360095909961247, 0.7716282054537488, 0.9725149861742921, 0.5393359629911019, 0.8026712796135436]",red,"{""accelerate"": true}",6.039868479822422,hybrid,normal_driving
1765200465.869623,0.8169567680088649,0.6879625681074699,-20.262624719378035,2.9904987860575427,"[0.831329570312684, 0.9850672118627253, 0.9611825412880699, 0.5705717724271094, 0.8334751879179967, 0.9363591849772313, 0.59881163418198]",green,"{""accelerate"": true}",12.173935765404304,pure_ml,normal_driving
1765200466.869623,0.576988698738352,0.5011158460906893,78.1539515881012,2.339020738265945,"[0.7573182141808497, 0.4654077763754725, 0.7602570318117454, 0.7241459727237327, 0.43154380849896473, 0.8188949329420359, 0.8362328977146115]",green,"{""brake"": true}",7.177834161619889,hybrid,normal_driving
1765200467.869623,0.42301859380040585,0.4078051713612616,-30.26185574844028,2.477000492849583,"[0.4564376636245058, 0.7899244389977256, 0.7433106790434654, 0.6065469812852433, 0.5536515467986934, 0.8994374551683035, 0.5186668652157114]",green,"{""change_lane_left"": true}",4.69842582148834,pure_ml,normal_driving
1765200468.869623,0.7540607441315506,0.6066254030449942,-175.14091626149371,1.725269715577284,"[0.7229535535242055, 0.3833492579108668, 0.603652340364945, 0.7936887950697283, 0.2864208235913773, 0.4105306896473311, 0.12302353547600997]",yellow,"{""accelerate"": false}",0.7888442336614272,hybrid,sensor_failure_noisy_sensor
1765200469.869623,0.14237717164198768,0.5470147560722328,106.6667452570013,4.864638379857101,"[0.8828426793189856, 0.8121999411451035, 0.7524929950360801, 0.9966673438245797, 0.968679636363684, 0.7788912865093325, 0.9323724138078591]",yellow,"{""accelerate"": true}",-6.04866143975798,pure_ml,edge_case_speed_limit
1765200470.869623,0.463021765301458,0.31894856287649553,-42.69145545035535,4.611331733935577,"[0.9128601313919811, 0.6442534454574507, 0.666240726487016, 0.754919591790624, 0.6385849673953774, 0.6941914373259634, 0.9015129436280507]",yellow,"{""accelerate"": true}",-18.970406964281537,hybrid,traffic_violation
1765200471.869623,0.3534430602196358,0.5572109329840788,39.5542268475023,2.6547182329284302,"[0.7089537677118655, 0.9219569955838925, 0.9119759915953978, 0.8296960030191787, 0.6702393682726825, 0.6511889627326407, 0.7735321084340283]",green,"{""accelerate"": true}",7.289771512784724,pure_ml,normal_driving
1765200472.869623,0.41980307840381126,0.35988793060200086,35.76448708806505,1.580377049128382,"[0.07524058641665812, 0.17098764082505044, 0.1362621234895825, 0.1443910599581589, 0.2371155224540094, 0.4665814172496303, 0.37061421515664733]",red,"{""turn_right"": true}",8.311081294940132,hybrid,collision_avoidance
1765200473.869623,0.41128185714483045,0.22192255990541618,-32.305273013791066,2.315079061392538,"[0.4812523705479579, 0.8006293291172747, 0.4883240512079907, 0.7616900641651636, 0.9800417597973005, 0.617725500092412, 0.4485739575280004]",green,"{""accelerate"": true}",12.14158340756439,pure_ml,normal_driving
1765200474.869623,0.8664811134583229,0.7403270103273767,163.80409738317078,3.6949583621529998,"[0.5670053868052125, 0.5266429162326459, 0.5276591572298306, 0.7898792957358612, 0.49156880331790875, 0.8858276215028884, 0.547996711354096]",yellow,"{""accelerate"": true}",5.2073118847365745,hybrid,normal_driving
1765200475.869623,0.34496074396505483,0.28346657451223184,-51.926843262836954,3.7408487490157576,"[0.9882069710581421, 0.6008508250753599, 0.8910693713427202, 0.6513418187039488, 0.5796102015428054, 0.9974041263037698, 0.8874805380225893]",red,"{""accelerate"": true}",10.45964415525723,pure_ml,normal_driving
1765200476.869623,0.4120176442229553,0.49450176512249217,150.7834057253509,0.615961246290605,"[0.08408623227020805, 0.012575220064076343, 0.02782950160777973, 0.17600782231035822, 0.15061416076063552, 0.2924844454193512, 0.4803025228985417]",yellow,"{""turn_left"": true}",5.7331822151733824,hybrid,collision_avoidance
1765200477.869623,0.18892059309884585,0.27004856779536274,19.882505322146926,2.7074001963390253,"[0.715905874224203, 0.5758728405328225, 0.4543001415347747, 0.8385730660801638, 0.8224037019810895, 0.4503537955688377, 0.9105586241639229]",green,"{""accelerate"": true}",8.257659087484729,pure_ml,normal_driving
1765200478.869623,0.5609644071584649,0.2976992388212895,-19.292598487627522,3.314137798588777,"[0.4377576476709829, 0.637873486892254, 0.6749213694606093, 0.6340833505683645, 0.7185503495192213, 0.9647392317274649, 0.4021656722500986]",red,"{""change_lane_right"": true}",4.4224898557525165,hybrid,normal_driving
1765200479.869623,0.7821929255903531,0.4739498709758476,-144.65701745755368,2.7159531061533997,"[0.7435110230066406, 0.421595452844249, 0.9548817621132623, 0.6373698509695536, 0.7692835385920642, 0.6771100767695601, 0.882846808467464]",green,"{""turn_right"": true}",3.981963646793212,pure_ml,normal_driving
1765200480.869623,0.20623846824923994,0.2849802671194005,-160.57500656921803,2.417481438696803,"[0.0, 1.0, 0.34785607186611167, 0.47152347227352964, 1.0, 0.5437526542614646, 1.0]",yellow,"{""turn_left"": true}",-2.2224233617593168,hybrid,sensor_failure_stuck_sensor
1765200481.869623,0.33643693556404514,0.6510098666466331,-137.3667562260109,1.5353206682346072,"[0.7359683097632431, 0.47545877048485174, 0.30664030967093514, 0.056598458185778244, 0.8997312017209556, 0.673196100933944, 0.12664584280087243]",yellow,"{""brake"": true}",-0.28620677322252774,pure_ml,sensor_failure_noisy_sensor
1765200482.869623,0.132735541930355,0.4083802656734557,-49.20967453361763,0.631951619641625,"[0.052781786930203994, 0.13453186687250715, 0.10152565754008816, 0.17913435270997452, 0.3523542967671891, 0.214909715625176, 0.7226025115440478]",green,"{""turn_right"": true}",4.408435907324488,hybrid,collision_avoidance
1765200483.869623,0.6609148099963322,0.6416518423453981,121.00282391020343,1.8224190786715084,"[0.1767885685307355, 0.047648285682708784, 0.11305571959695981, 0.11743597104966444, 0.36954245037003197, 0.29127563690742486, 0.7543673519735353]",yellow,"{""turn_left"": true}",7.4609033357458685,pure_ml,collision_avoidance
1765200484.869623,0.45561246441029,0.5068931522486175,3.4499163910586486,2.0106302260450546,"[0.4623388114763277, 0.6332649696624782, 0.7943386672301264, 0.8068609317684856, 0.7638739281421347, 0.6726903514436524, 0.9122940117840863]",green,"{""turn_right"": true}",3.882713419215813,hybrid,normal_driving
1765200485.869623,0.710150377703696,0.20588606988616392,163.8774550902984,0.7887975561624434,"[0.9630298424214535, 0.8217050371256764, 0.6897699542093387, 0.931639471493921, 0.760572633125931, 0.9872630523124295, 0.710188258327999]",green,"{""brake"": true}",2.272210629554344,pure_ml,normal_driving
1765200486.869623,0.5697197347361186,0.665638071110533,40.36926350848751,0.19961444492540437,"[0.1318504685711502, 0.05930639080088529, 0.06913502503823717, 0.21821051246580064, 0.23223756198722412, 0.22756805363993415, 0.6498136733661855]",green,"{""brake"": true}",-6.576619580620255,hybrid,collision_avoidance
1765200487.869623,0.3464875160540368,0.7290780459893973,-20.344207183710203,0.9500008143580847,"[0.4618880670785786, 0.7525367685701232, 0.8087781586769336, 0.9269865360100388, 0.41678999533542066, 0.5164095349040938, 0.5820377112915396]",red,"{""brake"": true}",5.946065695038477,pure_ml,normal_driving
1765200488.869623,0.6208749616863634,0.43779135009179737,9.650232208243372,2.240068390146431,"[0.7297629100436942, 0.6589179701118877, 0.4203735355438509, 0.8268239777377031, 0.8879913260055338, 0.4480975150617036, 0.5617854663914106]",green,"{""accelerate"": true}",6.002698418819873,hybrid,normal_driving
1765200489.869623,0.1374517943712096,0.7606868221784171,96.02114247920089,2.132406265740256,"[0.9757860864308918, 0.7906842257018863, 0.5955117104520711, 0.7948346312989432, 0.5477367369329863, 0.4056060718805805, 0.8651901770216631]",green,"{""accelerate"": true}",14.40146753822665,pure_ml,normal_driving
1765200490.869623,0.7113247454812271,0.5068028934360097,62.04319774107305,3.5033772085967767,"[0.9682696267601434, 0.6991156426204412, 0.9237039146685162, 0.7390360958151267, 0.895929882830811, 0.6578945396960247, 0.5633583171326132]",green,"{""accelerate"": true}",13.186584002606466,hybrid,normal_driving
1765200491.869623,0.28467497976198874,0.6272055090826153,-30.953709157948303,4.120554997270828,"[0.7368737472201942, 0.8858766714766864, 0.9229039430756523, 0.6352031930721851, 0.8883432054600807, 0.8734955826264766, 0.7528945368800715]",yellow,"{""accelerate"": true}",-11.492745301007425,pure_ml,traffic_violation
1765200492.869623,0.4420983910866606,0.6971238866083975,54.63085403579648,1.9555703985240855,"[0.5552098588081706, 0.4653981716214812, 0.6321671899802682, 0.9295517528547812, 0.47389433749056775, 0.4702960983514065, 0.754036128294636]",yellow,"{""change_lane_right"": true}",7.005250957554997,hybrid,normal_driving
1765200493.869623,0.5967845885343754,0.26975263282350453,32.82347287560137,3.61944522608706,"[0.6874043347040708, 0.5750318614697298, 0.7339607659803937, 0.5907764811773901, 0.8269854548331941, 0.5807813514824733, 0.9107348564967689]",green,"{""change_lane_right"": true}",5.361921615997931,pure_ml,normal_driving
1765200494.869623,0.6679541328454179,0.2809213826726914,164.264531216976,2.4816466835988242,"[0.7741238054901446, 0.9613397626264422, 0.4528135411455083, 0.4546474981481146, 0.5636645973227473, 0.9724003768837901, 0.6917447170541042]",yellow,"{""turn_right"": true}",7.6847340366637304,hybrid,normal_driving
1765200495.869623,0.6991126248673605,0.05,176.02226608770263,1.278196878640997,"[0.2767445028484605, 0.534166679979062, 0.4337293895887617, 0.4113033980630231, 0.8431318464840969, 0.8984845640891299, 0.9122317054187259]",red,"{""turn_right"": true}",1.02750008399833,pure_ml,edge_case_road_boundary
1765200496.869623,0.43134439147677406,0.6446904740640762,-86.49318912139287,4.249406369108089,"[0.5089581016016281, 0.8220928825681078, 0.9179421702744237, 0.6577585867979926, 0.9915109151010557, 0.4898928167054115, 0.8968065014712303]",yellow,"{""accelerate"": true}",14.42933564229577,hybrid,normal_driving
1765200497.869623,0.302137357483914,0.7136371042867238,-36.90203774732256,0.295696949595028,"[0.18057200071209445, 0.19857672013183703, 0.16146213527016837, 0.2778796201410736, 0.10036377789724084, 0.5812720158756742, 0.44943980760412183]",green,"{""brake"": true}",-9.557807214622551,pure_ml,collision_avoidance
1765200498.869623,0.25523907383816813,0.42196202981292485,77.22586132177757,4.296005901534701,"[0.9379910681580007, 0.8189907000553216, 0.9707654266195491, 0.5571920643496784, 0.42849484694536893, 0.7881543476244379, 0.6256108563406368]",green,"{""accelerate"": true}",13.182720707004707,hybrid,normal_driving
1765200499.869623,0.6276803294447959,0.2879661228531108,142.634452107766,3.2923528250235563,"[0.9650514628971965, 0.6128301417953331, 0.44899825545916383, 0.620236758698729, 0.7915107561169599, 0.6593477274861115, 0.8927215430935931]",yellow,"{""accelerate"": true}",10.959984375150922,pure_ml,normal_driving
1765200500.869623,0.5148558534917838,0.4433551746053944,-32.33671637256529,1.458118027991278,"[0.1, 1.0, 1.0, 0.1, 0.3439102094332501, 0.5040119676379632, 0.5856448892789851]",yellow,"{""brake"": true}",7.908375574931052,hybrid,edge_case_sensor_edge
1765200501.869623,0.37505964371746126,0.25622883308618005,-9.971697772740006,2.072712539164007,"[0.1, 0.1, 0.1, 1.0, 0.42848144778344577, 0.6847517902534411, 0.6086954131357001]",green,"{""brake"": true}",0.4848632097130654,pure_ml,edge_case_sensor_edge
1765200502.869623,0.8799405183465504,0.7646175522321379,75.84786436945086,2.7130687521432466,"[0.9502689985732545, 0.8278430934339707, 0.49679800204135605, 0.5040190394483677, 0.9895154653462466, 0.8883181896238399, 0.8582988393383881]",red,"{""turn_right"": true}",3.0693610846951964,hybrid,normal_driving
1765200503.869623,0.26313689591570355,0.4942378474472627,-21.52968713792589,4.883548093081541,"[0.9269069965395708, 0.7884076076829688, 0.8033519711489703, 0.9305004686043494, 0.7189785437035403, 0.763567799068573, 0.709850857522056]",red,"{""accelerate"": true}",-43.00465330709162,pure_ml,traffic_violation
1765200504.869623,0.4740685379825942,0.5310642129777543,-139.2661445663319,3.2474325071258683,"[0.6596651910416349, 0.7586853741916695, 0.8277861804922675, 0.5832527491763729, 0.9574878110012248, 0.6318434720914455, 0.7613149966494386]",red,"{""turn_left"": true}",6.275760840187326,hybrid,normal_driving
1765200505.869623,0.13529017581579286,0.2767510968359806,-0.997273723608438,0.736770674530794,"[0.03564129253905264, 0.04900288300113518, 0.07330517168934163, 0.2582215194372195, 0.10944273704199038, 0.21888831417920082, 0.5106702419904866]",green,"{""brake"": true}",3.7409705289734383,pure_ml,collision_avoidance
1765200506.869623,0.39598628709119643,0.6000294983027301,-9.090608467159575,4.189086559618555,"[0.9754518144867516, 0.7471698805772259, 0.7675377576475985, 0.7402150007888937, 0.8913098294044806, 0.8967311847297856, 0.7189823970373223]",red,"{""accelerate"": true}",-12.562463127143396,hybrid,traffic_violation
1765200507.869623,0.17898697842152542,0.4316927562665363,152.94552612776445,1.1640957330648811,"[0.0, 1.0, 0.5440733092441152, 0.526739873260117, 1.0, 0.5249805308879871, 0.0]",red,"{""brake"": true}",-3.1144167414465107,pure_ml,sensor_failure_stuck_sensor
1765200508.869623,0.8227798995845503,0.4122661776248208,-123.91137399735975,1.9459311285653609,"[0.49798343375305065, 0.5937595984484987, 0.5258604172246976, 0.8597476130593742, 0.41801160120783337, 0.5849789505614673, 0.7797084750987071]",yellow,"{""change_lane_left"": true}",8.863184357693811,hybrid,normal_driving
1765200509.869623,0.15505050659410913,0.7854744657333472,19.106530049215188,2.1288503001480112,"[0.6144555146003161, 0.7931927204152761, 0.7583712509660361, 0.42314429028629474, 0.5817974535953715, 0.4954797824406916, 0.5420619750626776]",green,"{""change_lane_right"": true}",7.3047925970604295,pure_ml,normal_driving
1765200510.869623,0.35686463684136105,0.3463908712718282,34.27808240266164,4.973607634961903,"[0.9953180380807781, 0.8790108397788411, 0.7418262277220269, 0.7418213370853858, 0.7822110476912405, 0.8377221515921716, 0.9637860517786778]",yellow,"{""accelerate"": true}",-0.9855857293467434,hybrid,edge_case_speed_limit
1765200511.869623,0.35660644384989926,0.49145713333257074,4.951041123261211,2.6666919937104896,"[0.5986308700302826, 0.4865529445226945, 0.9390498623560696, 0.7051549047617025, 0.49933012269825877, 0.8276630023842658, 0.7243880204744864]",green,"{""accelerate"": true}",11.66972751741816,pure_ml,normal_driving
1765200512.869623,0.3015186863327117,0.3365226777145834,142.548704290001,2.531881570171933,"[0.5663570979962291, 0.7730698778209616, 0.599433874741345, 0.8703082607082614, 0.9718401030499331, 0.7718840124630797, 0.8749157545051552]",green,"{""change_lane_left"": true}",6.191311285104442,hybrid,normal_driving
1765200513.869623,0.8142295066308572,0.628075673553459,-54.14010520664687,1.2497701659289477,"[0.19469084879128506, 0.16221172847906767, 0.060170584432638965, 0.25798988319078064, 0.16402937358564612, 0.2446954902587998, 0.4732168868477595]",red,"{""turn_left"": true}",3.4916115289197887,pure_ml,collision_avoidance
1765200514.869623,0.408615839384871,0.47465697261496625,-154.39450681947963,2.466635962118426,"[0.42881641201981674, 0.6156840142591484, 0.6617597873008998, 0.9302794020819022, 0.9542516778545032, 0.6447808375867831, 0.7545572173531723]",green,"{""accelerate"": true}",5.164743578404054,hybrid,normal_driving
1765200515.869623,0.7884441934910886,0.44570899843208645,-129.00431343362493,0.3741427032649943,"[0.0588957395430664, 0.05027377572079466, 0.17460538996271557, 0.27397941507279755, 0.1479008435906199, 0.3025301339769989, 0.5170104657719032]",yellow,"{""brake"": true}",1.199128287031355,pure_ml,collision_avoidance
1765200516.869623,0.6486234205103465,0.5690999583065528,-165.0334501909482,0.5569069419103512,"[0.05589630554461755, 0.015254786702540013, 0.12401926125292387, 0.10536809109227226, 0.13505400938458526, 0.2777650657869062, 0.3796326248636386]",yellow,"{""brake"": true}",-6.3530547676322,hybrid,collision_avoidance
1765200517.869623,0.6017886870481928,0.6781939603762985,-33.94533252853195,2.0621869290064723,"[0.72588721351675, 0.903347338566844, 0.7169181190134377, 0.9235985358078327, 0.5741050863797502, 0.965083934648626, 0.5899951349549695]",green,"{""accelerate"": true}",11.92000947137507,pure_ml,normal_driving
1765200518.869623,0.6544004289155463,0.667318500323014,2.401235673391869,4.280967105519727,"[0.4310166783628093, 0.5716134678051169, 0.5962742522577444, 0.40159188831842274, 0.6904937582667429, 0.4797986323762499, 0.7264394698554821]",green,"{""accelerate"": true}",12.58248343139073,hybrid,normal_driving
1765200519.869623,0.39540200331398534,0.33927263831907156,-90.97834666493866,4.379999922431875,"[0.9286996084466967, 0.8402605325494037, 0.8923465841392874, 0.6239377095591565, 0.5751758804765338, 0.6089881094955265, 0.8039399099223963]",red,"{""accelerate"": true}",13.120283611881648,pure_ml,normal_driving
1765200520.869623,0.30723923427671396,0.28546358902917857,170.09448851636657,0.41606430459329413,"[0.2547078689191009, 0.20278474902274699, 0.27454344370290074, 0.3312249009969386, 0.3994805297624753, 0.3669498940110303, 0.6001168751047525]",green,"{""accelerate"": false}",2.7872163507099232,hybrid,edge_case_extreme_weather
1765200521.869623,0.7744535987203859,0.768154747136907,178.76789111808048,1.7802489326538218,"[0.8324105347007082, 0.5497791553738135, 0.6340764165688934, 0.8566603118400854, 0.9585986395393523, 0.6245646114826583, 0.9326482028794949]",yellow,"{""turn_right"": true}",7.52914061009845,pure_ml,normal_driving
1765200522.869623,0.6850614904851369,0.31521671169372534,11.842211983928559,1.756906699905268,"[0.4463596918248503, 0.8134176172812914, 0.4229479987690542, 0.6984684332144541, 0.6975968280907301, 0.6456676957290957, 0.4756406031408456]",green,"{""brake"": true}",2.296853177348715,hybrid,normal_driving
1765200523.869623,0.7250313753376698,0.31637102129993594,-119.3617962642086,1.0819628808001318,"[0.9508852610868382, 0.851724688531619, 0.7667687712894159, 0.6504383070246187, 0.8688684033550385, 0.9434141099936714, 0.7214109483858395]",green,"{""brake"": true}",6.545817138640388,pure_ml,normal_driving
1765200524.869623,0.17744648809311558,0.6472469536605774,-168.87810779341908,1.9669722293803305,"[0.15993092986014773, 0.14053230318190635, 0.17937321580695303, 0.1709102971566771, 0.3731603478506128, 0.5807368268533062, 0.30409950884019027]",yellow,"{""turn_right"": true}",7.699962538434205,hybrid,collision_avoidance
1765200525.869623,0.4182025959876777,0.7817902951799507,-34.88416138206178,3.0968783996606684,"[0.704743389647907, 0.6739137478743483, 0.8832120446067828, 0.9905303550551239, 0.6547966572427654, 0.8148906851462567, 0.6083616907745829]",yellow,"{""turn_left"": true}",-17.326335815590674,pure_ml,traffic_violation
1765200526.869623,0.2577247193747968,0.5355344695202258,-3.881546447946673,4.226003577976314,"[0.6839472833234883, 0.8762037941491225, 0.981938748894875, 0.5565462139855247, 0.857813054891587, 0.4477657288014375, 0.908034675278142]",yellow,"{""accelerate"": true}",5.765558754781564,hybrid,normal_driving
1765200527.869623,0.8803070916441073,0.5954531690820122,57.08039038996957,0.08654960248861843,"[0.15894881190073012, 0.1063475636085473, 0.009507085436805363, 0.13130607224505933, 0.15045289874085127, 0.42525800973716715, 0.4168854471077922]",red,"{""brake"": true}",-5.318033543493739,pure_ml,collision_avoidance
1765200528.869623,0.65296073506882,0.797201637685057,-146.03409347898545,4.923950748762551,"[0.7406246270985535, 0.9903766156937217, 0.9507201098569488, 0.7901828792788828, 0.8841291091080659, 0.7239288353694755, 0.8200258635664361]",red,"{""accelerate"": true}",-5.59451433720942,hybrid,edge_case_speed_limit
1765200529.869623,0.4834269427977528,0.6817707178609853,-147.45951002999016,2.6815246432664788,"[0.5750113263063865, 0.9999865229100873, 0.5784965157369196, 0.5090923340656268, 0.7726043853911633, 0.7107981835050885, 0.5764981428544407]",red,"{""accelerate"": true}",12.621497652572053,pure_ml,normal_driving
1765200530.869623,0.3517940431135076,0.5527098167705737,35.38518625346019,2.4745954381370145,"[0.40897827842037615, 0.725203284156585, 0.5711792393321152, 0.566327666419663, 0.796117912558078, 0.46922613706223787, 0.7445007823506258]",green,"{""accelerate"": true}",13.773564840243932,hybrid,normal_driving
1765200531.869623,0.8552016465459759,0.5491353018904832,17.154095884835222,2.7004571753016346,"[0.4366390495289576, 0.6490885926298477, 0.5576066638262787, 0.4476481952257528, 0.7697614761058618, 0.6043013422387684, 0.7878363209543462]",green,"{""accelerate"": true}",14.664134102861976,pure_ml,normal_driving
1765200532.869623,0.6633149962503679,0.3660151806004752,152.68127844091092,3.450837115008081,"[0.7985856775570941, 0.9347161670197923, 0.4384699257817101, 0.9846972974381046, 0.7944211592575399, 0.4464526186898796, 0.5817167433363846]",yellow,"{""turn_right"": true}",3.8876364129197802,hybrid,normal_driving
1765200533.869623,0.3010411434375828,0.38285592354637576,32.65468931360719,1.932439296731632,"[0.5975612028883743, 0.9594776081700578, 0.7310424814281238, 0.5302311295168777, 0.8357013626160035, 0.7724747861254049, 0.7435340066064294]",green,"{""change_lane_left"": true}",9.66703105620563,pure_ml,normal_driving
1765200534.869623,0.7149417599806578,0.569909838252612,-168.3938291285028,3.8934056512233326,"[0.4326285185196127, 0.6071251605391884, 0.7476992531162383, 0.9251883159865849, 0.5173845352946319, 0.4504655032716426, 0.6970723179195]",green,"{""accelerate"": true}",8.298383059222113,hybrid,normal_driving
1765200535.869623,0.8606283639619104,0.3350781575557071,22.439642767790133,3.99433917006135,"[0.4642263262160875, 0.835827753379881, 0.5209450736971775, 0.8180204215621212, 0.5490066408362665, 0.5791487036390018, 0.5848166374465009]",green,"{""accelerate"": true}",10.957873678650287,pure_ml,normal_driving
1765200536.869623,0.3549923701676996,0.7440419404304475,168.50006053326123,4.246342556592939,"[0.8977520745890437, 0.835442609038151, 0.5479773270268467, 0.9319297370740153, 0.4641803712509456, 0.7732464845212392, 0.9081884182919137]",red,"{""accelerate"": true}",6.978726050422939,hybrid,normal_driving
1765200537.869623,0.4148441485180877,0.22770728446839206,-160.470224676116,2.9248843148920547,"[0.9602084880638454, 0.8553863234963363, 0.6269786016110681, 0.4631666968014551, 0.46115147677475, 0.4011485443340006, 0.4944695090232678]",yellow,"{""change_lane_right"": true}",8.564496155760967,pure_ml,normal_driving
1765200538.869623,0.11895216131005881,0.45392981018050915,49.585607527879276,1.8932393163760985,"[0.06574018713475714, 0.19907962407770455, 0.1668523746227288, 0.10998351379638763, 0.18181512311165274, 0.47860999100172863, 0.4562821420429484]",red,"{""turn_left"": true}",-4.918673362153382,hybrid,collision_avoidance
1765200539.869623,0.15015579571368776,0.6940281816765216,-3.578075818631994,2.2311568303660194,"[0.48950675139049377, 0.6228377876474316, 0.9410312929626827, 0.7327146142695098, 0.6320535143330855, 0.5141548590392263, 0.7703496677712187]",green,"{""accelerate"": true}",6.09459166343536,pure_ml,normal_driving
1765200540.869623,0.45701299754094105,0.3442371637408249,111.33264103899154,2.0177177778974307,"[0.4472464067910157, 0.4862676483618764, 0.5848010038592679, 0.8090018873851437, 0.9461537166224055, 0.9087767703284306, 0.41770263893725706]",yellow,"{""accelerate"": true}",11.8560985574208,hybrid,normal_driving
1765200541.869623,0.7614851598418887,0.3930233311520911,-160.39076812927001,2.831663166529733,"[0.822074259434374, 0.7321122254766111, 0.7532349858342285, 0.4360014503452998, 0.487909695418417, 0.9836386676348579, 0.5481493254555094]",red,"{""accelerate"": true}",8.44640371475477,pure_ml,normal_driving
1765200542.869623,0.7931663037974123,0.2625006192209792,-147.7235035343107,2.2783719371468507,"[0.8571673706676595, 0.616228968584741, 0.6457594322806532, 0.6235234240708074, 0.5937258787397521, 0.6257379991259964, 0.40829737092083696]",yellow,"{""change_lane_right"": true}",4.133278744102356,hybrid,normal_driving
1765200543.869623,0.8358475754879053,0.4123577907995799,32.49286618334476,4.801165704601523,"[0.7771151896718389, 0.7936991997494803, 0.8224562459277213, 0.6531936102951774, 0.8848243775229909, 0.6025757892220506, 0.8126331147389874]",red,"{""accelerate"": true}",-35.96394303967245,pure_ml,traffic_violation
1765200544.869623,0.8869035899113238,0.5199245284627497,134.8904717376679,2.2752743896097476,"[0.4661187528246696, 0.7543140954869106, 0.5093112429816627, 0.5074573378661348, 0.5342858925701923, 0.6794569398789362, 0.7346038728671576]",green,"{""change_lane_right"": true}",8.439749569955993,hybrid,normal_driving
1765200545.869623,0.5970029360401545,0.7483924435363074,133.00818630596316,1.4935750770916743,"[0.9253720784817323, 0.8133655138373899, 0.11729683138264335, 0.004310416174993725, 0.12359256219544634, 0.0803915775382339, 0.5941681785396253]",green,"{""brake"": true}",-7.785657685000236,pure_ml,sensor_failure_noisy_sensor
1765200546.869623,0.26389858269251515,0.22196792541444543,-127.6050687405626,1.3638267417644003,"[0.5011503581496377, 0.46007079283164826, 0.9003593555974388, 0.5707866332981808, 0.6012016886916779, 0.6750356654572266, 0.5286811214534355]",green,"{""brake"": true}",2.5076696065695465,hybrid,normal_driving
1765200547.869623,0.22615016543793126,0.6239403395705927,-72.49177258369328,3.2954257915644836,"[0.8666856189115957, 0.6061954406598259, 0.7797844659053723, 0.8639207507483251, 0.7895805777287493, 0.9045128234481736, 0.8927458235776753]",red,"{""turn_left"": true}",2.718766015233875,pure_ml,traffic_violation
1765200548.869623,0.5546308366877056,0.6097220536721824,-146.70156363201477,4.626330694034,"[0.866568989803012, 0.926123368792815, 0.850297428346552, 0.9283426859582524, 0.8502657330956798, 0.7845768751384168, 0.9834536398510237]",red,"{""accelerate"": true}",-27.965927197310485,hybrid,traffic_violation
1765200549.869623,0.7667148821504436,0.6813998278437439,-131.46787588653717,1.8011862487249986,"[0.9027759351206586, 0.9083651174986297, 0.6290174859874735, 0.8006926257006206, 0.9414716905662415, 0.631998685970808, 0.6480952665744131]",green,"{""change_lane_left"": true}",10.326107719305995,pure_ml,normal_driving
1765200550.869623,0.6030604579089317,0.7674262338795945,34.39262936674685,1.760812305772356,"[0.532065746603222, 0.8035261858150822, 0.9184826660548296, 0.6680602507471589, 0.7670546209143148, 0.8814157254255413, 0.8251749599547]",green,"{""brake"": true}",6.614072924141858,hybrid,normal_driving
1765200551.869623,0.49881136309851126,0.6143014094548305,-25.426218271049073,0.8134916811627111,"[0.1, 1.0, 0.1, 1.0, 0.5424777801628277, 0.4245106620375273, 0.5366026098978797]",green,"{""turn_right"": true}",4.8985551228844315,pure_ml,edge_case_sensor_edge
1765200552.869623,0.2653400901356623,0.20957897345622237,-1.919159747283724,3.057985779473756,"[0.5158822516318623, 0.8355451735763404, 0.6544691391931065, 0.5083056884884772, 0.7260006186911601, 0.5330891150305284, 0.8041793711188554]",green,"{""accelerate"": true}",11.70279885180971,hybrid,normal_driving
1765200553.869623,0.5360637381997867,0.5639766616892736,-141.5266269224443,2.103657152748546,"[0.9421148741309008, 0.6399633625257167, 0.5148312634514529, 0.47895526571487623, 0.6032419106318122, 0.9134171103994303, 0.5956087895928939]",yellow,"{""accelerate"": true}",6.009623789480082,pure_ml,normal_driving
1765200554.869623,0.15133156222919217,0.7409343406689792,-31.65734800453918,3.243987022641582,"[0.9449763163536864, 0.877209463086217, 0.5684276372781963, 0.7315139132640507, 0.8600639149561002, 0.7684633179307097, 0.5160681208306623]",green,"{""turn_right"": true}",3.36902657042706,hybrid,normal_driving
1765200555.869623,0.846546140735005,0.5052345393225112,-138.19901558765386,4.036007233838547,"[0.648591676955791, 0.43875692612854983, 0.5790567862415484, 0.5203542512591071, 0.8134346024083032, 0.8888701552445366, 0.9869465636375494]",green,"{""accelerate"": true}",12.628171793606718,pure_ml,normal_driving
1765200556.869623,0.36454601620095495,0.5112714751113336,-70.05242840977813,3.429204060652186,"[0.906316954190454, 0.7577430690064184, 0.41928582570716505, 0.4112884980834334, 0.40691091638730775, 0.49684743163367173, 0.7205277098403042]",green,"{""accelerate"": true}",10.221143372687294,hybrid,normal_driving
1765200557.869623,0.4808997553658191,0.7334367178530055,29.01733441860918,3.3454005976485455,"[0.8917883514439322, 0.4327065282544858, 0.4095645861890265, 0.9235545598972114, 0.9824180275720407, 0.4005910554420119, 0.9289073453378587]",yellow,"{""turn_right"": true}",8.14004284648401,pure_ml,normal_driving
1765200558.869623,0.20833841706948136,0.6066184287299267,-9.136667749570433,1.8242344545172218,"[0.1709584510466342, 0.1492778887189089, 0.13384065534273415, 0.10589139187263315, 0.11398500003496573, 0.35504093119136304, 0.3667356949840146]",yellow,"{""turn_left"": true}",-4.203191377720143,hybrid,collision_avoidance
1765200559.869623,0.566207111262525,0.4640140747952406,-147.0907330013523,3.8943750225826825,"[0.53893547840582, 0.9259558123842071, 0.6755185641235388, 0.8563214180678036, 0.4894901307001386, 0.9345570709281734, 0.47100719751697623]",yellow,"{""accelerate"": true}",9.54605853432199,pure_ml,normal_driving
1765200560.869623,0.5706723340959885,0.6370896921242315,-57.548936971861266,2.0578185648078424,"[0.7772198067314946, 0.560800175505901, 0.44565333752321273, 0.6812778714828571, 0.7998233864985482, 0.9304315386145096, 0.9211419561671738]",green,"{""change_lane_right"": true}",9.009446937153697,hybrid,normal_driving
1765200561.869623,0.790154945781573,0.305083631767063,82.65053210291208,4.9837007352674885,"[0.7619423539155213, 0.7631446415959505, 0.9679893355586671, 0.9186002071724507, 0.979726279815762, 0.8499908827881485, 0.8227860513942947]",yellow,"{""accelerate"": true}",-14.510665984906861,pure_ml,edge_case_speed_limit
1765200562.869623,0.15827921930903335,0.5000493610163759,145.51894039393093,4.2927284541024076,"[0.8913775680480915, 0.7408794477664264, 0.9028134456931848, 0.6191349605739173, 0.6419459273049309, 0.411633608578887, 0.8732149159209942]",green,"{""accelerate"": true}",12.499391348788407,hybrid,normal_driving
1765200563.869623,0.86103623535439,0.532555473577573,-86.56094867598803,0.49922929062224425,"[0.0, 0.0, 0.0, 0.0, 0.0, 0.0, 0.0]",green,"{""brake"": true}",-19.259356053508437,pure_ml,sensor_failure_complete_failure
1765200564.869623,0.23344440608581857,0.4542902343202426,-46.30754034500519,4.513425483920454,"[0.8596404081982407, 0.8368028236006788, 0.7565202324432861, 0.9257185764567248, 0.8434346054132339, 0.8204564036262814, 0.9995904395992941]",red,"{""accelerate"": true}",-12.991606204579405,hybrid,edge_case_speed_limit
1765200565.869623,0.6974298538094826,0.4233371429272148,11.01415044968919,0.8950840492592602,"[0.020069138022204558, 0.10272950991212636, 0.039539140280063494, 0.1711826703260452, 0.153681559309364, 0.29961083761571483, 0.5190369364525138]",yellow,"{""brake"": true}",-8.728528810217217,pure_ml,collision_avoidance
1765200566.869623,0.8501369926798626,0.2525427948995063,22.109136275347506,2.285144947522949,"[0.6624556394472616, 0.4604531751911293, 0.8915244211024388, 0.9043815081257612, 0.8667582798955731, 0.9906765749915493, 0.7993602934691634]",green,"{""turn_right"": true}",5.300464783873136,hybrid,normal_driving
1765200567.869623,0.527762898477052,0.7689089408038727,-13.232479738720127,1.9837315120156476,"[0.1, 0.1, 1.0, 0.1, 0.46977285385782236, 0.4404808859414145, 0.6086130943310954]",yellow,"{""brake"": true}",9.815680249656761,pure_ml,edge_case_sensor_edge
1765200568.869623,0.13911348347975994,0.48849154159198804,-34.26491945764313,3.174023558341244,"[0.9707410229111698, 0.938271503298287, 0.6338272733276173, 0.7309730338001488, 0.8429772541812077, 0.9582589762790471, 0.7155712216526614]",yellow,"{""accelerate"": true}",11.381801663683744,hybrid,normal_driving
1765200569.869623,0.8559231347181697,0.467269469619298,-141.63501182051726,1.636526296316542,"[0.8, 0.0, 0.0, 0.7132922867690851, 0.6056396001004476, 0.5129858771442511, 0.6894946367327257]",green,"{""brake"": true}",-9.955338427729064,pure_ml,sensor_failure_partial_failure
1765200570.869623,0.8999380917538983,0.5213106425663935,-48.59530770874568,4.152472861352154,"[0.8003303053884556, 0.8569145114904824, 0.878863520782075, 0.8141896274420968, 0.8070641030148746, 0.8543245655181197, 0.9947280465350661]",red,"{""accelerate"": true}",-35.45637795258717,hybrid,traffic_violation
1765200571.869623,0.43006972840628055,0.6105613820296447,-17.930889477355738,4.50059716633776,"[0.913261994888784, 0.9607497945368736, 0.9889023862747283, 0.616543748648721, 0.7592902121961269, 0.8647272714615712, 0.695487952838706]",red,"{""accelerate"": true}",-48.156076708156526,pure_ml,traffic_violation
1765200572.869623,0.398804558877517,0.6549675448178853,-103.94525363672174,1.8522842724845399,"[0.5120428671421252, 0.9055066813730145, 0.6091609208483028, 0.4007287339940072, 0.686110505057091, 0.5404666215307374, 0.5692691666378036]",green,"{""change_lane_right"": true}",10.978553517421386,hybrid,normal_driving
1765200573.869623,0.3941811246412945,0.31198599606714134,167.6767094800684,4.228373901018244,"[0.9315495710339953, 0.9037394311796312, 0.6163241984299879, 0.8168480726238279, 0.41117398238863945, 0.7835888541130673, 0.8075691903375821]",red,"{""accelerate"": true}",13.46820172018272,pure_ml,normal_driving
1765200574.869623,0.5719324157056155,0.20724270216006271,-50.686226126804954,2.1654084026860376,"[0.7198093878381671, 0.9006397643644699, 0.7709387375175538, 0.43254832804545523, 0.7082207589196174, 0.7492422576362465, 0.7226699656656546]",green,"{""turn_right"": true}",6.827910456452976,hybrid,normal_driving
1765200575.869623,0.5222701989889726,0.6947825868575044,-16.8932768990165,2.041279008544467,"[0.9585969955945456, 0.8229447601216882, 0.6107976977486427, 0.9926470040892943, 0.6600496947389272, 0.5862026566307657, 0.6802417582905125]",green,"{""accelerate"": true}",14.012358569778037,pure_ml,normal_driving
1765200576.869623,0.5324906179979011,0.3474315183928435,117.84124142342574,1.299893357021091,"[0.7397756006891805, 0.44613326945737936, 0.7535372491988898, 0.5538952877990245, 0.6505050830754837, 0.8960266846135676, 0.8716456717064146]",green,"{""brake"": true}",6.905328747792357,hybrid,normal_driving
1765200577.869623,0.4131864872132861,0.6392779961267008,176.6230691068638,2.604434609708497,"[0.89739763500511, 0.4445048349233037, 0.4561804338550265, 0.8748626713148573, 0.9868592768817457, 0.5344197054121876, 0.7091404980131084]",green,"{""accelerate"": true}",12.220643240495846,pure_ml,normal_driving
1765200578.869623,0.8861948184940864,0.32788027298731703,-69.70593097374052,3.9410760406306222,"[0.5149235485870821, 0.8701032314253615, 0.810348831247063, 0.9874502625257905, 0.9427460775289123, 0.9651261212134977, 0.5429386146196374]",green,"{""accelerate"": true}",8.58696626248097,hybrid,normal_driving
1765200579.869623,0.2263886908644623,0.5406264653818836,-52.209947271972034,1.3796745644255597,"[0.11950443325925492, 0.04157723814141898, 0.02408781159354232, 0.24525046427271324, 0.13638662899422901, 0.25796782895895753, 0.5536631772702363]",green,"{""turn_right"": true}",-2.3531568127896936,pure_ml,collision_avoidance
1765200580.869623,0.6149511587281775,0.29240751795428965,-143.82255420353906,1.0626850910596541,"[0.8, 0.0, 0.8, 0.4070752834849699, 0.48481460037497387, 0.7559008593297998, 0.708180109033673]",red,"{""brake"": true}",-8.621090902492075,hybrid,sensor_failure_partial_failure
1765200581.869623,0.33033898286209773,0.527757081304383,-150.91083552712078,2.5991888749530174,"[0.8340781934031303, 0.7087410453013169, 0.9738737547792696, 0.9834733163000476, 0.6453065510962375, 0.49258293220697963, 0.8256295808080946]",green,"{""change_lane_left"": true}",4.51865778635693,pure_ml,normal_driving
1765200582.869623,0.8198716111546974,0.34387754570146617,-144.08153531060577,2.808270573188918,"[0.9932180239915589, 0.6527424715956912, 0.9654824289247596, 0.7868336429328149, 0.8034098477208107, 0.5153421205643995, 0.49870794088186254]",green,"{""accelerate"": true}",10.329354048228504,hybrid,normal_driving
1765200583.869623,0.5399059792016193,0.5981380222897313,-92.77052146293997,2.4928224252764504,"[0.5690480558802502, 0.899489448341487, 0.7122346986216819, 0.842074694127936, 0.833700582351568, 0.8106041087179428, 0.48515121478354495]",green,"{""accelerate"": true}",11.135775937050091,pure_ml,normal_driving
1765200584.869623,0.6767499067522241,0.7428758750906663,-54.977200889161956,1.1645737302855361,"[0.12486741579471679, 0.1957863798769814, 0.2032727492124464, 0.18303109391983124, 0.48087750140053453, 0.3710267014919104, 0.6151675932351741]",yellow,"{""accelerate"": false}",4.647018076945773,hybrid,edge_case_extreme_weather
1765200585.869623,0.5670129952627112,0.6784626114673081,-14.98008865079788,2.1866935883742786,"[0.5612488738747703, 0.9905950214532451, 0.846439958717515, 0.43606352412253757, 0.6678844167446365, 0.7157175842224885, 0.7989817613371215]",yellow,"{""change_lane_left"": true}",9.354094693993648,pure_ml,normal_driving
1765200586.869623,0.59759574165279,0.4815954928739256,136.4241048394549,1.720945121602844,"[0.09491845159841139, 0.20780196632137915, 0.10894339690014121, 0.29894518870704556, 0.44810861904448795, 0.6432255346475301, 0.6380159313174338]",yellow,"{""brake"": true}",-0.7168020054664179,hybrid,sensor_failure_noisy_sensor
1765200587.869623,0.783515060719579,0.5185562165265016,9.546867126801114,1.8848331858536598,"[0.1, 1.0, 1.0, 0.1, 0.3734424872431149, 0.4309933582946378, 0.6129240838770862]",yellow,"{""brake"": true}",10.402410285348726,pure_ml,edge_case_sensor_edge
1765200588.869623,0.7886761589107596,0.7075839302996478,-134.2110551640468,4.134399419122879,"[0.8284086734816563, 0.9577016600611516, 0.7882631954541945, 0.7774311626734213, 0.7222135608208892, 0.9085118751527334, 0.8491399858132431]",yellow,"{""turn_right"": true}",-6.9128662346371375,hybrid,traffic_violation
1765200589.869623,0.734594349651908,0.6017380254817486,-20.281265380508902,1.8936336203388828,"[0.5069471336756611, 0.41246513984546285, 0.7468448072458069, 0.7417595051133874, 0.7274681863790096, 0.7669636779548143, 0.8614837584099642]",yellow,"{""turn_right"": true}",3.326076812279802,pure_ml,normal_driving
1765200590.869623,0.33178491681200695,0.47124748262778243,19.81655681831203,3.6318278616819635,"[0.7884399897466033, 0.9068569444640959, 0.8214634523559349, 0.9459801972903712, 0.8495716166625139, 0.811948208600838, 0.6200534227380943]",red,"{""turn_left"": true}",-8.13944201621646,hybrid,traffic_violation
1765200591.869623,0.6478170042907642,0.6498518691387382,-149.2116216352762,4.921968698745735,"[0.7871671719430237, 0.7110780675216056, 0.8717767920548833, 0.8477315321462416, 0.9513285739611624, 0.8698385756665449, 0.6875429247940795]",yellow,"{""accelerate"": true}",-38.220998333345335,pure_ml,traffic_violation
1765200592.869623,0.26913457858010403,0.26897729921660174,107.29910715167,1.838785749351752,"[0.6734600560266442, 0.48281860416143807, 0.8313039948632575, 0.7563993709142796, 0.8721102686160769, 0.6493970798173281, 0.8068714824511212]",green,"{""turn_left"": true}",7.1516995274420765,hybrid,normal_driving
1765200593.869623,0.5304072643959852,0.5934375390697594,79.07400253252074,1.955440958249887,"[0.5905530180165369, 0.9343216214850187, 0.4275978722139927, 0.6749524850094522, 0.663476619618437, 0.7593241305351963, 0.4672323013340507]",yellow,"{""turn_left"": true}",9.895567252557848,pure_ml,normal_driving
1765200594.869623,0.3715308554295269,0.6591024867493829,65.02295168797968,2.856929979942252,"[0.7877743499857492, 0.4464074246443572, 0.44289599448686906, 0.6080867991547716, 0.8544347397634153, 0.4296001603445493, 0.6385561791959575]",red,"{""accelerate"": true}",6.321814134318995,hybrid,normal_driving
1765200595.869623,0.2624653411573908,0.2763347418586301,-109.79193446530512,2.371167486320032,"[0.5383243111728717, 0.4087895262822417, 0.6177992008039882, 0.5211426701832598, 0.7979962104265979, 0.6450872220157745, 0.6269557477729231]",green,"{""turn_right"": true}",4.357066946435426,pure_ml,normal_driving
1765200596.869623,0.5905870533891194,0.5115510801632117,-0.036824664145095706,1.901267715829796,"[0.6726000545364637, 0.9848564466863668, 0.7981011613684619, 0.8340795389845754, 0.7270193911765015, 0.8404294739260934, 0.5286642337432002]",green,"{""brake"": true}",3.8524774565978612,hybrid,normal_driving
1765200597.869623,0.1669615829048669,0.5438585123087507,140.4614094792408,4.121865342434006,"[0.6712718973080138, 0.6833737280510039, 0.946883779221005, 0.4534662936290984, 0.4896612127322208, 0.9732891140775887, 0.7997185722451571]",green,"{""accelerate"": true}",13.797303889553739,pure_ml,normal_driving
1765200598.869623,0.3997275105818443,0.7199118653108425,76.57720261885953,3.033773704725684,"[0.9404539929050763, 0.9898950778200383, 0.4865322920441655, 0.5524041577447212, 0.7845230006488102, 0.5049052450041452, 0.913670525528001]",yellow,"{""turn_left"": true}",9.485872117828613,hybrid,normal_driving
1765200599.869623,0.4598616113991517,0.5884742032815964,-0.6141539924573926,2.6272707477368016,"[0.8365004082219563, 0.5964042053260898, 0.7198337514882621, 0.49726018607506084, 0.7803837321779297, 0.4855216188979641, 0.5738922524834551]",green,"{""accelerate"": true}",12.204398959586394,pure_ml,normal_driving
1765200600.869623,0.46268742385858985,0.7784711005707365,-40.650569006022714,2.3459636570714264,"[0.6488441501922722, 0.4863705195825296, 0.4895902132122965, 0.5526348556495391, 0.9867301839202801, 0.8660748121684383, 0.9625578998494868]",green,"{""change_lane_left"": true}",5.212512749275817,hybrid,normal_driving
1765200601.869623,0.1280075188104789,0.6891340943714149,44.92165455685704,3.739634305798729,"[0.5848266986557448, 0.8170428243288492, 0.4929543648320865, 0.621203402846266, 0.9184063165190193, 0.6850355821614025, 0.9584327008305693]",green,"{""accelerate"": true}",7.234257232012839,pure_ml,normal_driving
1765200602.869623,0.8980004906191723,0.05,-98.55133239901603,1.5779987135044173,"[0.27251493964088686, 0.4621074211611888, 0.31165795127412604, 0.6263590669910952, 0.774603942090048, 0.8383748387984545, 0.8857772426532443]",yellow,"{""turn_left"": true}",8.894268162311015,hybrid,edge_case_road_boundary
1765200603.869623,0.6983549908219847,0.504333542983249,-157.03814691397247,3.4111344194418836,"[0.41756136375788516, 0.401309690607082, 0.8554993926773309, 0.8675788206932402, 0.8858976800125993, 0.4415914132141548, 0.7418892457195669]",green,"{""change_lane_left"": true}",5.331601135049048,pure_ml,normal_driving
1765200604.869623,0.33421373982911695,0.7830053134611015,-147.94383378177312,3.4462920546432088,"[0.721157561217205, 0.9203528086026956, 0.9515347419768538, 0.6070576200294804, 0.9773546408803003, 0.5726047391220948, 0.5040940052971286]",green,"{""turn_left"": true}",7.674918954148283,hybrid,normal_driving
1765200605.869623,0.376018764754542,0.3479209669512588,-157.29527634519894,1.9529473936472486,"[0.15253540345230096, 0.10137075869169093, 0.09883231450540574, 0.1858883836876808, 0.2438698698146358, 0.5866789502853096, 0.38380702754088497]",green,"{""turn_left"": true}",-0.7523155698101194,pure_ml,collision_avoidance
1765200606.869623,0.5787454351695015,0.46674796345023783,37.37381104436122,1.1910538720428179,"[0.236283073300824, 0.145562221660737, 0.23883868743991207, 0.311767152858209, 0.37352018187579883, 0.33858035856571284, 0.6738217848877246]",green,"{""accelerate"": false}",4.170929069875443,hybrid,edge_case_extreme_weather
1765200607.869623,0.6044055385263675,0.7033076168557995,-95.83716675900001,3.9309304799479015,"[0.7513192663812727, 0.4077375924148116, 0.49053236743886885, 0.7198645475388035, 0.5709245821244471, 0.4332140676910497, 0.608075383050352]",green,"{""accelerate"": true}",12.352003853217749,pure_ml,normal_driving
1765200608.869623,0.29520234524214706,0.5741354842865652,-98.02284461845872,1.8255915658992803,"[1.0, 0.1, 0.1, 0.1, 0.3801655576702381, 0.6774647561058618, 0.4810339173896766]",red,"{""turn_right"": true}",10.751957081520727,hybrid,edge_case_sensor_edge
1765200609.869623,0.6418578376782309,0.5220673506219464,137.30639781888138,2.4257722370802792,"[0.7229631868369581, 0.7662915849504226, 0.8465115744089301, 0.7460406204006622, 0.8059287734187832, 0.9794672502480702, 0.44098954394043843]",green,"{""accelerate"": true}",12.06485782726492,pure_ml,normal_driving
1765200610.869623,0.13576546116718788,0.30808253867777463,-56.859156804179605,0.8201504188347344,"[0.11494650781618027, 0.024817646032223473, 0.10064392190678527, 0.1592501091101985, 0.1655437961759207, 0.43352994758872376, 0.6179068011625878]",red,"{""turn_left"": true}",8.913931057867858,hybrid,collision_avoidance
1765200611.869623,0.6806272674635204,0.6772492415469983,136.51678668513932,4.609061229779911,"[0.8606735153988359, 0.9316801801801834, 0.709828253411346, 0.997830038003054, 0.6981928792402852, 0.6315597925404607, 0.7612269660817458]",red,"{""accelerate"": true}",-30.931826369241797,pure_ml,traffic_violation
1765200612.869623,0.5229765367207329,0.7002894201725747,-2.847685927634229,0.9836594715076107,"[0.11802568925962863, 0.13408605800923706, 0.16919605472430646, 0.24831565257380322, 0.1743271147689916, 0.25527157965564307, 0.39478315515886153]",yellow,"{""brake"": true}",-9.365384362010555,hybrid,collision_avoidance
1765200613.869623,0.27319074398987786,0.7265644513816729,-65.41164000005594,2.418671102689957,"[0.9270054677122779, 0.6966591333682361, 0.971761470733992, 0.5728338103401392, 0.7436712902666166, 0.4511282061936595, 0.6100074762583891]",red,"{""change_lane_left"": true}",9.694201166040497,pure_ml,normal_driving
1765200614.869623,0.8710035242453044,0.721886213790951,-1.0707552588106732,0.6836869923860893,"[0.17727446646529146, 0.09617312053965006, 0.06055718403497561, 0.2173073596380211, 0.22476848089955476, 0.34744731487444536, 0.3981058423947728]",yellow,"{""brake"": true}",-9.02854861934828,hybrid,collision_avoidance
1765200615.869623,0.8105081602730164,0.6100339347853739,41.62178649749502,1.8791996582685804,"[0.8193750439739236, 0.9526174765168857, 0.7206844748910377, 0.6970538522797298, 0.8026531211081334, 0.801025768817619, 0.45271482647269456]",green,"{""brake"": true}",5.026274238346504,pure_ml,normal_driving
1765200616.869623,0.4217994488637786,0.6787522438337543,-32.995786534650804,2.09720760758137,"[0.8157279750467317, 0.8489445287583895, 0.9016163806543189, 0.956644633026228, 0.795724833923992, 0.4224788154535075, 0.5850785238872717]",yellow,"{""accelerate"": true}",13.656141915003738,hybrid,normal_driving
1765200617.869623,0.49727327325481885,0.6901986245839737,145.97709620220002,1.272347058801748,"[0.1, 1.0, 0.1, 1.0, 0.4034694196741475, 0.32505999965854754, 0.6073249568280298]",yellow,"{""turn_left"": true}",-0.61784034737194,pure_ml,edge_case_sensor_edge
1765200618.869623,0.6575862969160297,0.4670266087897878,-165.76982440697114,3.6082773790603495,"[0.46460386561482336, 0.4642180624409361, 0.4870296143186977, 0.8871677869629985, 0.7723625539729795, 0.5086848028824007, 0.48234008270979833]",green,"{""accelerate"": true}",6.267439233308605,hybrid,normal_driving
1765200619.869623,0.43241221040915423,0.21600951631340568,-29.699284520954652,3.4512825854201017,"[0.8011337905652625, 0.6722012629173941, 0.6549272540296345, 0.9619936416603568, 0.5346965671012358, 0.5614870432148539, 0.7553215043697579]",yellow,"{""accelerate"": true}",8.183017431417241,pure_ml,normal_driving
1765200620.869623,0.255321199926565,0.3972427494765953,-114.25616228715216,2.9093534164079706,"[0.6152557585090742, 0.4925758797559737, 0.698020936286535, 0.641711755144663, 0.8204635542241084, 0.4624777052466561, 0.7842640581071008]",green,"{""change_lane_right"": true}",5.073440051734094,hybrid,normal_driving
1765200621.869623,0.5236176863289795,0.5509937757050783,-12.079403009993046,3.0944635518164048,"[0.9329644769737893, 0.667184325646621, 0.6909370635522167, 0.7393179908302743, 0.9998999203000368, 0.9787939204888932, 0.8060201784948844]",green,"{""change_lane_right"": true}",8.589491614331983,pure_ml,normal_driving
1765200622.869623,0.4839565607703874,0.3879974329859949,54.46790099847651,1.1739240121608776,"[0.8, 0.0, 0.8, 0.7974100669706271, 0.6033998654362581, 0.40281497840834557, 0.4520584042749628]",green,"{""turn_left"": true}",-10.694976506033234,hybrid,sensor_failure_partial_failure
1765200623.869623,0.6584540316350428,0.2398545880440507,29.02256688994413,1.9668752078412761,"[0.41702567999065043, 0.8854143038813324, 0.6408042846182798, 0.6944137200304497, 0.8829288895539463, 0.5597142500487831, 0.9936868139007737]",yellow,"{""change_lane_right"": true}",10.115750279869088,pure_ml,normal_driving
1765200624.869623,0.8093357361311215,0.6001816225768586,-136.52308567152247,1.608749966566781,"[0.458531865608504, 0.39775493118980176, 0.8605439450181097, 0.2167160247025809, 0.85872844237552, 0.34039267374224835, 0.9727172158685932]",red,"{""accelerate"": false}",4.272707958006988,hybrid,sensor_failure_noisy_sensor
1765200625.869623,0.5080689541629043,0.6803648424492021,10.561908676613156,3.421281138537556,"[0.42314629654923513, 0.6357255652082427, 0.705679783967411, 0.4008009103363087, 0.8893003407785017, 0.5510877232054412, 0.4522959152880838]",green,"{""accelerate"": true}",6.601032070198243,pure_ml,normal_driving
1765200626.869623,0.48840030853019634,0.36283950251254615,105.40326036859557,0.26666713377323836,"[0.11508368445512501, 0.1493116222912495, 0.05472375334297672, 0.15149835439519324, 0.13820997335213142, 0.5213341770129069, 0.6290501064101823]",red,"{""brake"": true}",-4.322204880684918,hybrid,collision_avoidance
1765200627.869623,0.305244927985654,0.2655847713579534,-73.11730742632432,4.495447881325265,"[0.9476219983416891, 0.6172803414697996, 0.5872688393617492, 0.4171134966655263, 0.5467021529211851, 0.9979768051132184, 0.6468234394090461]",yellow,"{""accelerate"": true}",11.984807135116537,pure_ml,normal_driving
1765200628.869623,0.5494474383620948,0.3791858650451982,109.93038010182737,3.4775780636347173,"[0.5029432318544834, 0.7511848661359097, 0.8533209729572355, 0.6802940185243337, 0.7320721334434878, 0.8924135575206225, 0.44882917209246825]",green,"{""change_lane_right"": true}",6.574673354378402,hybrid,normal_driving
1765200629.869623,0.3363197952204079,0.05,-1.9767584447263815,1.5062297225606769,"[0.10847980484691928, 0.2542787906802158, 0.55187234705475, 0.5132467094683333, 0.5768389659702393, 0.6809670355808178, 0.9333628085992031]",red,"{""brake"": true}",-5.548160279030059,pure_ml,edge_case_road_boundary
1765200630.869623,0.521075611585545,0.7906678041239683,115.72652535938902,3.2074044511767656,"[0.7394466640098679, 0.473759041551274, 0.49413901204900984, 0.938635083176224, 0.9274040901998243, 0.7825681226261698, 0.519710561293606]",green,"{""accelerate"": true}",10.263024559696138,hybrid,normal_driving
1765200631.869623,0.8486934622197152,0.23715011382257223,174.58463297702647,2.542775390512025,"[0.6386819404721813, 0.8035121581078868, 0.46239931889646624, 0.7410943789021276, 0.5986170192589333, 0.48464783335426553, 0.6437199621926136]",yellow,"{""accelerate"": true}",5.599625140847872,pure_ml,normal_driving
1765200632.869623,0.7171752291303879,0.20581938015947313,-21.999622128204678,1.9214025728369728,"[0.4930631963927939, 0.4124066615844551, 0.4323065264306167, 0.7204767834600339, 0.42229360922431464, 0.7190924571947337, 0.741104860437465]",green,"{""turn_left"": true}",5.733783028164856,hybrid,normal_driving
1765200633.869623,0.380055223388691,0.374291492008444,-20.97603923931632,4.653923485218107,"[0.747974427739045, 0.7492767508816184, 0.7996860643392664, 0.9492690369163571, 0.7822667855137607, 0.79004869586442, 0.8040729709509173]",yellow,"{""accelerate"": true}",-6.118157805212531,pure_ml,edge_case_speed_limit
1765200634.869623,0.826863294688628,0.5460447534927477,156.64261519782278,3.298516486115888,"[0.608430548363664, 0.4349675881855075, 0.4305390212679523, 0.883689905011863, 0.9696169360768486, 0.6937511576087643, 0.7471507851692545]",green,"{""change_lane_left"": true}",5.232706919855162,hybrid,normal_driving
1765200635.869623,0.19244285853884444,0.6341031384237412,-168.08408705863337,1.3465136514396454,"[0.16989958407855205, 0.08398846524897192, 0.1543419714328289, 0.17214345801000328, 0.15869729418396714, 0.373835165060728, 0.5653819022638188]",green,"{""turn_right"": true}",-2.0066965190048474,pure_ml,collision_avoidance
1765200636.869623,0.5514381278826782,0.7222864047113784,117.73183672696098,2.9395529785828614,"[0.7359082995336084, 0.7878808449759362, 0.8715768372882224, 0.757254790685097, 0.8226634782692138, 0.9613766551755107, 0.5723399299171534]",yellow,"{""turn_left"": true}",9.384513108812833,hybrid,normal_driving
1765200637.869623,0.38093084034247326,0.5746291801732254,72.01352362400962,1.8006635385932712,"[0.4740928104408315, 0.4511453165543109, 0.9695297359731166, 0.9599114562554136, 0.5840255276472508, 0.9247694982982875, 0.4974950103165027]",green,"{""change_lane_right"": true}",5.83436868228816,pure_ml,normal_driving
1765200638.869623,0.2608983052542094,0.4787553933149893,-20.503560519351574,4.57366780936799,"[0.9670486407584097, 0.9901568395757203, 0.7829528771273787, 0.8104845728866439, 0.7898285612428355, 0.7757084359346238, 0.7263941800587923]",red,"{""accelerate"": true}",-44.393785977197446,hybrid,traffic_violation
1765200639.869623,0.2909245572075362,0.4833912665658682,122.9854462270064,0.18660363762530252,"[0.07832420497219222, 0.17917119397005776, 0.04808637467925514, 0.2637635428864289, 0.13060018812825958, 0.5685458871964144, 0.511746132282052]",green,"{""brake"": true}",-9.153756336824715,pure_ml,collision_avoidance
1765200640.869623,0.14883812619646497,0.7883153865808241,-179.24597361265705,2.820569240404887,"[0.7428381480422721, 0.6940628651380398, 0.5317607019635368, 0.8582678013905345, 0.7221579738599082, 0.8705268380087664, 0.7486803115867735]",green,"{""change_lane_right"": true}",7.827327328293677,hybrid,normal_driving
1765200641.869623,0.1081269836852214,0.5002085903866584,101.8615590467747,1.8652191513784353,"[0.8475172075413385, 0.4905530834396232, 0.5683888088828402, 0.8902022204691067, 0.8318060558398304, 0.8331408451356332, 0.7404886502931499]",green,"{""brake"": true}",3.557591217581522,pure_ml,normal_driving
1765200642.869623,0.8141922977190046,0.4499061447763104,-36.32759062815569,4.131152017359648,"[0.8610093107813188, 0.8691812984397845, 0.6806092702467281, 0.6159468698802287, 0.8866501799947082, 0.4895142788939894, 0.7037162205460912]",green,"{""accelerate"": true}",13.746664337924116,hybrid,normal_driving
1765200643.869623,0.8085671052854874,0.7564592074691312,34.62154859987091,3.565853291843196,"[0.40365909997423477, 0.9974157122276195, 0.49264287598863704, 0.9762128754015313, 0.45349258724566405, 0.6177331892806808, 0.7398469686363636]",green,"{""change_lane_left"": true}",5.7122963998365215,pure_ml,normal_driving
1765200644.869623,0.2027681656802366,0.4219008864529627,-166.31575559640146,3.8815475272979407,"[0.6733833940485641, 0.9920814267508171, 0.9438125583521098, 0.4537052608861625, 0.6325927226467549, 0.664148866188121, 0.924440746894014]",red,"{""accelerate"": true}",14.885636667761638,hybrid,normal_driving
1765200645.869623,0.22591037508788717,0.3780498621387815,152.0796294233953,2.862951562864297,"[0.7973583768720423, 0.8650828795806319, 0.8595857403759538, 0.7549442328665221, 0.4525209996336996, 0.5963756676554253, 0.5949869774499597]",green,"{""change_lane_right"": true}",10.688105755647005,pure_ml,normal_driving
1765200646.869623,0.5312429634179335,0.39258462540078765,-41.15299931301595,1.9495765628363104,"[0.1, 1.0, 1.0, 0.1, 0.6830749789610738, 0.31314866504893696, 0.6493135358882988]",yellow,"{""turn_left"": true}",3.7428531855093787,hybrid,edge_case_sensor_edge
1765200647.869623,0.44495472772891564,0.3449483134788086,165.67875727461856,2.874109400502132,"[0.7215932722815905, 0.6953190771889486, 0.9224330481136581, 0.8740202732956985, 0.9688672789206538, 0.7101452285021906, 0.7058535132484205]",green,"{""turn_right"": true}",9.475123189136307,pure_ml,normal_driving
1765200648.869623,0.7903148675782621,0.568428533756975,173.90993837544877,4.2937478306069226,"[0.9626788379402689, 0.6361420761740059, 0.8787126935469517, 0.6936545407821781, 0.7993934996223103, 0.8573159012888578, 0.9898694487497706]",red,"{""accelerate"": true}",-21.639125835955866,hybrid,traffic_violation
1765200649.869623,0.13799309579909746,0.6925128764041377,-49.442818628329455,0.4806329345276248,"[0.10203767300387108, 0.18246805238772842, 0.07147946602523228, 0.22666208586092673, 0.12850423951849177, 0.5399387203804906, 0.7572491336816733]",yellow,"{""brake"": true}",-0.5487078428339789,pure_ml,collision_avoidance
1765200650.869623,0.10282835731267204,0.3512692012452965,26.002194351695724,2.3549553392380935,"[0.6201689673921864, 0.801172192446779, 0.6029446727294423, 0.7412165033559059, 0.730657581004839, 0.4528394362609892, 0.898931600807675]",yellow,"{""change_lane_left"": true}",7.0875630045183895,hybrid,normal_driving
1765200651.869623,0.43629902075974303,0.7553782487537319,-137.32066813800753,0.7369326371406748,"[0.056748575636666534, 0.1490576880939291, 0.04744667177440742, 0.20787562057004305, 0.38759193579333273, 0.5045947406477144, 0.5185980423492944]",red,"{""brake"": true}",-6.50334658144318,pure_ml,collision_avoidance
1765200652.869623,0.29412561731038134,0.565236829809443,-83.24666062249224,0.8902598425786687,"[0.18910539685425592, 0.003869617409375814, 0.0781098222295713, 0.28349076158316644, 0.3543293974215377, 0.2022130247162359, 0.5388052139694368]",red,"{""brake"": true}",-2.4748382437537515,hybrid,collision_avoidance
1765200653.869623,0.6204346332395463,0.7409486302012747,-13.640627010350286,1.9765575287535464,"[0.6780428591194082, 0.6720055576116387, 0.6858639131612694, 0.7570896856832989, 0.8966122696322995, 0.5024965515317701, 0.9388694838870674]",green,"{""brake"": true}",4.059039480018671,pure_ml,normal_driving
1765200654.869623,0.28493149911890303,0.7218279412566688,-179.54667154966998,2.0435319020339753,"[0.5603595329030326, 0.8727218365790584, 0.8866570343264935, 0.5287799175391557, 0.7301266428663358, 0.6568660453448256, 0.5528006063785269]",green,"{""accelerate"": true}",14.331860750565083,hybrid,normal_driving
1765200655.869623,0.14029277128486728,0.23933791145239236,174.59282034686473,1.7472901051743501,"[0.9335735468305189, 0.9790446406840257, 0.8078353641926691, 0.8908790816239441, 0.5142312633455379, 0.5619510429035429, 0.5510457577597178]",red,"{""brake"": true}",4.752689849441758,pure_ml,normal_driving
1765200656.869623,0.8323089935274667,0.4737356007425387,91.38466176909601,1.121318677932304,"[0.24746608899756417, 0.13608876906198608, 0.2977315979061038, 0.5717125770204405, 0.779598683328895, 0.43577696627425544, 0.5366887635068596]",green,"{""accelerate"": false}",3.2564348635894333,hybrid,sensor_failure_noisy_sensor
1765200657.869623,0.14931356786661737,0.6005427482823584,-129.29273020035225,2.4827297411629496,"[0.43570963413767005, 0.9955714187911041, 0.9362846236632011, 0.6103046842292363, 0.8913649830092061, 0.4007458318490369, 0.7845995322012649]",green,"{""accelerate"": true}",13.911864700988588,pure_ml,normal_driving
1765200658.869623,0.46162152484899155,0.29476387350459365,-20.43792828179424,3.2599473931301564,"[0.5103385271861287, 0.9098565394881252, 0.5170053615517936, 0.8906531431623042, 0.6403604509966521, 0.6435213719688779, 0.7737524148989003]",yellow,"{""accelerate"": true}",11.805906426823631,hybrid,normal_driving
1765200659.869623,0.2698754933195147,0.29433055261825386,179.02170292652306,0.5080664746085966,"[0.6594830502845261, 0.5903244871248825, 0.5284265782439871, 0.9222041450563655, 0.6900452758026525, 0.6661947937199753, 0.4769139827534421]",green,"{""brake"": true}",7.207063911474373,pure_ml,normal_driving
1765200660.869623,0.25489631168706095,0.4786634510553364,154.8677796754774,3.8360568656033487,"[0.7588312537157487, 0.7159094435067084, 0.83192464269192, 0.4144139827263345, 0.9717014308561822, 0.8930905259416628, 0.6981566164104209]",green,"{""accelerate"": true}",13.47536560512724,hybrid,normal_driving
1765200661.869623,0.8720897570397391,0.44752645215759235,116.89408630966349,0.6754508252547078,"[0.4006624981017044, 0.8103705887729837, 0.6791620336196077, 0.598986624161478, 0.6277968335161869, 0.8568352962761807, 0.8434055564709696]",green,"{""brake"": true}",5.172363038896991,pure_ml,normal_driving
1765200662.869623,0.19382186022651063,0.520695048440917,147.84194263611678,4.431030669181432,"[0.6432596910524274, 0.9184625527046005, 0.8105796991997888, 0.729806374620418, 0.6747693745097751, 0.7630776056528152, 0.8992103476919612]",red,"{""turn_left"": true}",-17.14344376251452,hybrid,traffic_violation
1765200663.869623,0.7255465824409825,0.2181237531293514,-46.70513046963113,4.3674183752912645,"[0.9282155350298468, 0.7623726401242489, 0.8125306599733345, 0.9501250701761365, 0.7433910108228589, 0.9236816692075394, 0.727832717450434]",red,"{""accelerate"": true}",-15.612258759310976,pure_ml,traffic_violation
1765200664.869623,0.37572625192749853,0.4728328617288748,-167.0320029880277,1.3347918501712952,"[0.03392853241469116, 0.1968045074308235, 0.0265291754948638, 0.127574231011864, 0.15760541772457382, 0.25486156887220435, 0.6378223819507682]",yellow,"{""turn_left"": true}",1.1838685664216726,hybrid,collision_avoidance
1765200665.869623,0.30347809181215124,0.31056935369767286,-179.05987889804223,3.913833138308314,"[0.4221394025265987, 0.6924270546615, 0.8331413297177336, 0.9017561459488409, 0.558149813598034, 0.6006990253835924, 0.5929524146188456]",red,"{""accelerate"": true}",9.720529591293126,pure_ml,normal_driving
1765200666.869623,0.7785685953460354,0.5683582958881959,-12.946555527072858,4.910884875293778,"[0.9737321566111337, 0.9163479444547353, 0.7424573415253528, 0.9169262439337448, 0.7951647793875559, 0.836361766944088, 0.6599294467438278]",red,"{""accelerate"": true}",-26.023037640923917,hybrid,traffic_violation
1765200667.869623,0.8577724397256196,0.2230311957313398,-104.70238614158761,2.282558674116656,"[0.9139674514526334, 0.4810989961308244, 0.7584142682182295, 0.7691170561519073, 0.5907051229502505, 0.9631302974621087, 0.6251034715877241]",red,"{""turn_left"": true}",9.40711485379877,pure_ml,normal_driving
1765200668.869623,0.8930685824383494,0.707602920700521,-145.52458686885873,1.584013617577066,"[0.5243203331242974, 0.8117319678444217, 0.7013942397700452, 0.7465571166630531, 0.7584347494413722, 0.9970070181830718, 0.5208944788973153]",green,"{""turn_right"": true}",7.545120712783852,hybrid,normal_driving
1765200669.869623,0.585495064735509,0.24891377957286198,-139.62466247677148,0.5820122241727455,"[0.09329296272143246, 0.04256685397489786, 0.04074994326303447, 0.24748736123909293, 0.34805173325699895, 0.5847204652006431, 0.596618720338194]",green,"{""brake"": true}",3.936754589347794,pure_ml,collision_avoidance
1765200670.869623,0.6138645459934645,0.31754436506880024,111.29483845383315,4.405105484643293,"[0.7245852883951949, 0.4228137336505682, 0.8475098658350839, 0.6297079058241797, 0.5444712429568963, 0.6845293301885282, 0.87266969799517]",green,"{""accelerate"": true}",10.434482843020579,hybrid,normal_driving
1765200671.869623,0.8525793517376516,0.771384185094744,-8.64909330191853,3.5058343301946593,"[0.6969819204849115, 0.449499544643208, 0.41437505284727194, 0.9792137523430151, 0.6194378408863473, 0.4839621275520243, 0.8793726726081317]",red,"{""accelerate"": true}",6.23139730698496,pure_ml,normal_driving
1765200672.869623,0.24783549055547338,0.7499557954515934,-172.74459497834863,2.718265789107985,"[0.7924777635287058, 0.9171323492740575, 0.5916513365515363, 0.5740111941872266, 0.5192461564768862, 0.6213892536319096, 0.6699425289742622]",yellow,"{""accelerate"": true}",7.467456784369198,hybrid,normal_driving
1765200673.869623,0.46612955080293594,0.5126422580976002,-146.54449913050112,3.3295615115307227,"[0.8003391250467516, 0.5161346542238676, 0.47446025311748075, 0.8525965259233852, 0.7344560460907563, 0.7684439513016956, 0.7644815264239906]",green,"{""accelerate"": true}",10.150643343833758,pure_ml,normal_driving
1765200674.869623,0.16089452611133126,0.6552387773383499,0.5620630838916333,2.0284157224132118,"[0.7691988910840746, 0.9586088468978876, 0.915340412100249, 0.6036312875327863, 0.6788918782994307, 0.8851739673428309, 0.6973706214597548]",green,"{""accelerate"": true}",13.679538772486058,hybrid,normal_driving
1765200675.869623,0.21818112316246419,0.40749710111940474,-138.94517868811715,1.0047178561339205,"[0.0, 1.0, 0.36511291475206636, 0.4118821455150272, 0.0, 0.5058933537781696, 1.0]",yellow,"{""brake"": true}",7.874759096164718,pure_ml,sensor_failure_stuck_sensor
1765200676.869623,0.35778321356486553,0.28377875574158906,-31.784231055052434,2.2258543187612365,"[0.7289502162002326, 0.41596408290888165, 0.8968304810328187, 0.4413823159066962, 0.868566655033586, 0.44521830197055345, 0.6642623472028372]",red,"{""accelerate"": true}",9.348734064810792,hybrid,normal_driving
1765200677.869623,0.8741253954116627,0.22017269408788484,-56.944163172059035,3.5871467736370137,"[0.9521926052923949, 0.7179181190997619, 0.7274522048298453, 0.7170258316380651, 0.9310549047364103, 0.5696460476383964, 0.6831587463931701]",yellow,"{""accelerate"": true}",10.501747697831863,pure_ml,normal_driving
1765200678.869623,0.6580265891438757,0.2549794540590594,-28.732030364607432,2.815487656710535,"[0.6155776226174986, 0.6249621504709165, 0.8816811185454847, 0.461112449198399, 0.9027738888035033, 0.7643062034898568, 0.48577316233684076]",green,"{""turn_right"": true}",6.538508919708505,hybrid,normal_driving
1765200679.869623,0.4177661768332962,0.7642562849674297,20.26594417730291,2.5568095770545085,"[0.6354459485391698, 0.9784434112077482, 0.7444619689281577, 0.8627644960486268, 0.5306179094806182, 0.7349902155245662, 0.8093542690196973]",green,"{""change_lane_right"": true}",4.0816111992471145,pure_ml,normal_driving
1765200680.869623,0.7820203922255703,0.40269587527043715,73.70210027248534,1.1309831790938543,"[0.09478242288651276, 0.07868068952108409, 0.18371832202070357, 0.18826959894284923, 0.19359788099353, 0.2784596444560833, 0.6734271676409516]",red,"{""turn_right"": true}",-2.5167006813988806,hybrid,collision_avoidance
1765200681.869623,0.3600064690142435,0.6857831656841582,166.26243085081552,0.040651237656042394,"[0.005148537133828035, 0.007828679370737746, 0.031811828227970594, 0.15404029097224273, 0.12511588306777957, 0.4925729345336476, 0.45187620297082726]",yellow,"{""brake"": true}",-3.347551041051389,pure_ml,collision_avoidance
1765200682.869623,0.19836645978847295,0.2053404368741309,46.61773026755212,2.496168894209045,"[0.9051326573033632, 0.6899391927569627, 0.899454718138026, 0.9051428099328194, 0.5857016008601756, 0.5337865572462767, 0.920547208123484]",green,"{""change_lane_left"": true}",6.303990374181653,hybrid,normal_driving
1765200683.869623,0.39803244519324255,0.23927673532557922,164.48396938584628,1.7284927678370736,"[1.0, 1.0, 1.0, 0.1, 0.48327016643361753, 0.3954084364148148, 0.6873746703460134]",yellow,"{""turn_left"": true}",1.4480826938037188,pure_ml,edge_case_sensor_edge
1765200684.869623,0.23195743651642672,0.5962823510944911,-154.54994673737073,0.07830838089021175,"[0.031832526452119314, 0.05243696278372037, 0.011182175108367942, 0.28811323130852845, 0.17114981071813762, 0.3041846775585449, 0.4619782142362323]",red,"{""brake"": true}",2.8808007398811597,hybrid,collision_avoidance
1765200685.869623,0.5020480180152748,0.5725063973686912,-6.132589573024447,1.0259944642954704,"[0.0452989559753336, 0.003420025905208868, 0.0305136808785218, 0.167698144213958, 0.12427281603138358, 0.4649875168814223, 0.40136313063567686]",red,"{""turn_left"": true}",-1.4088212523326016,pure_ml,collision_avoidance
1765200686.869623,0.5239103203726614,0.45066442814956,-134.89142623373712,0.8608583167043783,"[0.152513577556604, 0.33422212884587843, 0.9348838546972136, 0.4403761275609672, 0.5184205330346121, 0.7047658992750679, 0.7135849818740907]",red,"{""accelerate"": false}",6.769002247512148,hybrid,sensor_failure_noisy_sensor
1765200687.869623,0.6590978617991456,0.7507691764102691,159.52877928643608,2.2521589766880163,"[0.5212001209696714, 0.908252363103005, 0.8279975995624498, 0.6925486102590742, 0.8172617615246605, 0.6731104716891889, 0.4044049631936437]",yellow,"{""turn_right"": true}",6.576564262392116,pure_ml,normal_driving
1765200688.869623,0.8200158121411071,0.5157788045172249,-148.33274724158773,3.0148584017479108,"[0.45415252168641645, 0.4595940940282042, 0.6471635580335007, 0.634988931468907, 0.4913815269638239, 0.7475419381301467, 0.7019634600688929]",green,"{""turn_left"": true}",6.607482710980344,hybrid,normal_driving
1765200689.869623,0.5303098422500051,0.5448329047830125,0.07279829711073374,1.7656677917930412,"[0.7228013832001514, 0.6792548142194619, 0.8185085868837658, 0.886739432404267, 0.4437988673668485, 0.6030975608752177, 0.8228167443326049]",green,"{""turn_right"": true}",6.036311016006229,pure_ml,normal_driving
1765200690.869623,0.5321050816260228,0.48184309598685976,-18.57962508504784,2.6690762904041874,"[0.9820549204927794, 0.45557450607986827, 0.7443804327614391, 0.6231322729784007, 0.46608988699744924, 0.5562799055661397, 0.8696684673512731]",yellow,"{""accelerate"": true}",13.133311032278785,hybrid,normal_driving
1765200691.869623,0.5337688800026986,0.6020595706709879,-124.54237846392459,0.7891617344487425,"[0.13824493517098402, 0.10592315057181267, 0.19864439699051828, 0.1957907427202249, 0.20824652910790512, 0.21650689961049055, 0.5064357217858467]",green,"{""brake"": true}",3.6138916465245217,pure_ml,collision_avoidance
1765200692.869623,0.23363167180646904,0.44978696608845303,-27.410498568020184,3.9126409625702854,"[0.46144215171855263, 0.7530791086107077, 0.8507114346483109, 0.779754523146132, 0.7411273609288057, 0.9726709022237934, 0.9612582923034818]",green,"{""accelerate"": true}",7.347023584420148,hybrid,normal_driving
1765200693.869623,0.6580878851700848,0.5054101018550221,-150.64447883941605,2.0528880946960735,"[0.614122904526141, 0.49830510993481825, 0.9402370523980113, 0.4263753278800938, 0.7730257295565608, 0.8194529925076139, 0.9600359359093109]",yellow,"{""turn_right"": true}",4.7252999302087915,pure_ml,normal_driving
1765200694.869623,0.5891412451060223,0.6520893442637985,163.5242345679937,3.760982706619122,"[0.7455254911232616, 0.6335436778903666, 0.7625806222920026, 0.9743778189490194, 0.6620097037153008, 0.7640827806789308, 0.4540870485504913]",green,"{""change_lane_left"": true}",9.198084255409274,hybrid,normal_driving
1765200695.869623,0.6443373006590514,0.3557681208075122,-12.849319042846902,2.987015576156133,"[0.731547099457619, 0.6741396693991665, 0.7087677423670099, 0.5238736909271133, 0.5149737480115908, 0.8639986829188095, 0.7165673680599809]",green,"{""accelerate"": true}",6.985661851017007,pure_ml,normal_driving
1765200696.869623,0.5371231669843896,0.6247131601829261,92.70913665501075,4.358446589461138,"[0.7489909572899751, 0.4929505437508974, 0.5931619605394751, 0.42030710413427924, 0.654070098465291, 0.6072623444697702, 0.8433770605741451]",green,"{""accelerate"": true}",9.147985007026854,hybrid,normal_driving
1765200697.869623,0.7717721292971607,0.2862380869266729,-95.34145105849296,1.2929071890252748,"[0.16709211175856806, 0.296495987980527, 0.16281502770227468, 0.200540313077359, 0.2873069442150703, 0.3834345704453563, 0.4532825531304993]",green,"{""brake"": true}",6.845782883481544,pure_ml,edge_case_extreme_weather
1765200698.869623,0.3404226859916493,0.5684895522799807,-105.00822189407607,3.080075486798806,"[0.7539012579786064, 0.5692165513114429, 0.5060865724148218, 0.5429358088903067, 0.8646312725492951, 0.5733360689217625, 0.5154988746456619]",yellow,"{""accelerate"": true}",9.090666065683406,hybrid,normal_driving
1765200699.869623,0.11125950865199714,0.2986291979876248,147.70955328235698,1.9488554984819306,"[0.6083839480417473, 0.6020591991531207, 0.4412018039519179, 0.8267786669051398, 0.9445656700270204, 0.7859793418528702, 0.5752270513983783]",yellow,"{""change_lane_left"": true}",8.819945684626191,pure_ml,normal_driving
1765200700.869623,0.8076517849563285,0.24271867209031384,96.95230714122451,1.3302267029344876,"[0.676485365300997, 0.5306201815267461, 0.7575019853618206, 0.44168644840191196, 0.0063003127063198106, 0.42025662903759087, 0.8526974646967109]",red,"{""brake"": true}",5.261816025216483,hybrid,sensor_failure_noisy_sensor
1765200701.869623,0.7590890791061844,0.41476614158566616,51.18725917822,3.292767654758956,"[0.8978576287774465, 0.9754890666572348, 0.8489934336766625, 0.6323672178353433, 0.41745126614181055, 0.7657803309995381, 0.8395349455180876]",yellow,"{""turn_right"": true}",4.474459073697575,pure_ml,normal_driving
1765200702.869623,0.12472117412921967,0.3945573649942964,4.15329704254483,2.995887539467829,"[0.47655550744353103, 0.6927092305542073, 0.6909006482596081, 0.8360780289777361, 0.8777789391859603, 0.9275959369951989, 0.9129784288542562]",green,"{""turn_left"": true}",6.914371395369516,hybrid,normal_driving
1765200703.869623,0.21497859207123382,0.43634730560789764,127.5386892389408,0.9901997719844,"[0.21090070405175732, 0.8501361283115701, 0.7469875991950015, 0.942475523695745, 0.6578195624042085, 0.47509288609239464, 0.03321138343154051]",green,"{""accelerate"": false}",-1.7419709765912366,pure_ml,sensor_failure_noisy_sensor
1765200704.869623,0.4450009117988647,0.31748709239433504,74.05407478762781,2.8219862179590782,"[0.9303050946893618, 0.685279667645859, 0.9865003702089824, 0.9326122810432272, 0.8938581282857325, 0.7716307811160183, 0.5218959310945721]",green,"{""turn_right"": true}",6.871249048790694,hybrid,normal_driving
1765200705.869623,0.48197592218493357,0.4490884907054876,-27.54793060287512,2.7293813291318276,"[0.44335714335568727, 0.7188265123131021, 0.7386952683329919, 0.6867546626694185, 0.5622602141325466, 0.7256011295177434, 0.8636874967831674]",green,"{""accelerate"": true}",7.496636722344428,pure_ml,normal_driving
1765200706.869623,0.8072861223648284,0.5718947956258428,114.12796103616077,1.8849199868144468,"[0.7034552383329571, 0.491790657306511, 0.6310288056532241, 0.9792486767151521, 0.9893693590732986, 0.7737071088988314, 0.5249711679383454]",green,"{""change_lane_right"": true}",4.103537463717572,hybrid,normal_driving
1765200707.869623,0.863892994220725,0.22109917135870924,10.333777263749964,2.5229228966108086,"[0.6619879954319534, 0.9213756820568788, 0.8406045571386449, 0.5964000434027468, 0.5338637525341503, 0.501970866196378, 0.5827481238637542]",green,"{""turn_right"": true}",9.135147241396231,pure_ml,normal_driving
1765200708.869623,0.8888575449623788,0.4402269266296518,-9.869074224457762,2.047729137634572,"[1.0, 0.1, 0.1, 0.1, 0.46235342226722365, 0.3400524116969217, 0.6762296509373539]",green,"{""turn_left"": true}",1.3524397564764365,hybrid,edge_case_sensor_edge
1765200709.869623,0.28906830447471477,0.41028094245910873,161.74491445075577,2.534266628994251,"[0.9254002590171918, 0.7670091656286547, 0.4577671220588815, 0.943948447331447, 0.4096650084649275, 0.8011138028254643, 0.5761496344357813]",yellow,"{""accelerate"": true}",7.058893043709907,pure_ml,normal_driving
1765200710.869623,0.15451985190197606,0.5852422019274207,-26.519807887243353,0.8657859727248879,"[0.16744284234772625, 0.14493600490009562, 0.11408051927333746, 0.26012401966594667, 0.26752429396514543, 0.3181640123847376, 0.7032481004420372]",yellow,"{""brake"": true}",2.6173842347257352,hybrid,collision_avoidance
1765200711.869623,0.4426803373470801,0.5677382800836669,31.386644182398964,1.8512809712257852,"[0.9569467505671492, 0.40690882749918594, 0.798775672885673, 0.6326235962980924, 0.5828234079509333, 0.5857786464359861, 0.5944340197169138]",green,"{""change_lane_left"": true}",5.582318187484429,pure_ml,normal_driving
1765200712.869623,0.42142829277997906,0.5143622086733021,-48.173599328577076,4.211621487350636,"[0.8045829725031253, 0.9444027378583055, 0.645409106321745, 0.6378437440361109, 0.9215510287824212, 0.8129874964474298, 0.7734730721091112]",red,"{""accelerate"": true}",-29.888203012190495,hybrid,traffic_violation
1765200713.869623,0.3189958486628154,0.5667500355205791,122.45544986942777,2.0927662094773183,"[1.0, 0.1, 0.1, 0.1, 0.48148759395135854, 0.44315718862848574, 0.4256595148989139]",green,"{""turn_left"": true}",0.46957879434305916,pure_ml,edge_case_sensor_edge
1765200714.869623,0.43575991831013894,0.324334543164423,132.08194619821765,3.58520693488115,"[0.8602106462295817, 0.9452782528048629, 0.715445574245672, 0.5934779874751127, 0.4458325922864771, 0.9812572307668486, 0.462391286707898]",green,"{""accelerate"": true}",13.102088071687504,hybrid,normal_driving
1765200715.869623,0.47510177875764814,0.4378607130597843,172.42299578616496,1.85362603099133,"[0.6333463862531126, 0.9344291647664551, 0.9042698281556255, 0.8260373322515389, 0.8505419692244147, 0.7236605352987178, 0.6359475372093353]",green,"{""change_lane_left"": true}",11.007686057563085,pure_ml,normal_driving
1765200716.869623,0.3083633516137727,0.47272735421470663,-179.76736401234817,1.1885018768864728,"[0.09512874738171079, 0.18697396770829575, 0.0025985836571326805, 0.2571993528027683, 0.2825599520430927, 0.26109365317483574, 0.4806828140462798]",green,"{""turn_left"": true}",0.5763414166351355,hybrid,collision_avoidance
1765200717.869623,0.3462946686001721,0.5204760685842647,-154.64655115181873,2.1460621552844517,"[0.8833179599957823, 0.9477930291457324, 0.7024139302092038, 0.7908944966819438, 0.5690306865510264, 0.8665029931562528, 0.419021363160879]",yellow,"{""turn_left"": true}",8.494699037556835,pure_ml,normal_driving
1765200718.869623,0.540018858579065,0.7872978816035454,-42.304722574203026,1.268401312403184,"[0.7440370360521655, 0.9227062629765018, 0.4223664707544772, 0.8522316649431924, 0.9391053470469852, 0.7658461816647868, 0.6664707598292725]",green,"{""brake"": true}",7.5930799474962,hybrid,normal_driving
1765200719.869623,0.11520341242734028,0.5785179488259635,-81.24562805020594,2.1746952296906463,"[0.8182508618772244, 0.42972171932417325, 0.8531088779271792, 0.6102322384764273, 0.8048683901271222, 0.7502721555712315, 0.46101867701485977]",yellow,"{""turn_right"": true}",4.104060914482214,pure_ml,normal_driving
1765200720.869623,0.13125885204009347,0.6990845801124179,6.646846365056131,1.5239170339217787,"[0.6477878094670452, 0.6066047911144746, 0.7951896429715963, 0.8258293538460499, 0.44524016743421824, 0.5108600930289418, 0.9042111077428966]",red,"{""turn_left"": true}",9.377796037416626,hybrid,normal_driving
1765200721.869623,0.7023384504598531,0.5484686336276058,-53.26720286440576,4.741941976776599,"[0.6978991105769347, 0.8116992036988281, 0.6399537168919409, 0.7782717290073797, 0.6717539365665212, 0.8017259426353338, 0.9871060923574349]",red,"{""accelerate"": true}",-31.343766196215043,pure_ml,traffic_violation
1765200722.869623,0.7935081708137461,0.3544279142576495,-139.34196689645995,3.9686137335818428,"[0.949335147819669, 0.892912092727729, 0.5254898198973232, 0.5736280077339155, 0.5766043015509245, 0.6620058332976607, 0.8200197530550208]",green,"{""accelerate"": true}",5.26491021658341,hybrid,normal_driving
1765200723.869623,0.23218101569707184,0.6882959007685703,167.30445414296577,2.01306639056839,"[0.8964151596583492, 0.8934983049782808, 0.79483167652438, 0.9552380762592079, 0.6031249128997423, 0.4528644694314171, 0.7269889011572868]",green,"{""change_lane_right"": true}",5.049804706818234,pure_ml,normal_driving
1765200724.869623,0.586240594675202,0.692301968167085,51.785369780792244,2.821738866422736,"[0.45302080372530323, 0.8471851175948308, 0.8350316112014793, 0.9739590820153272, 0.631441121534449, 0.9351227065934082, 0.9070203326330376]",yellow,"{""turn_left"": true}",9.529009201662966,hybrid,normal_driving
1765200725.869623,0.6364605325872812,0.270244730943782,-42.238819725580235,4.957997279063286,"[0.7643022651910543, 0.7964719193943233, 0.7470371816577105, 0.6220510916543665, 0.7965440032746979, 0.9739195156590479, 0.8647762452768377]",green,"{""accelerate"": true}",-41.603404733230754,pure_ml,traffic_violation
1765200726.869623,0.4652079684696394,0.5795918618985259,-156.5900022917446,3.2662341216143136,"[0.8261427945730373, 0.9045057111696309, 0.9957678014160383, 0.8523898216987191, 0.8708869597960698, 0.7829710522024256, 0.977249886856288]",green,"{""turn_left"": true}",-7.494242608161981,hybrid,traffic_violation
1765200727.869623,0.8374365978691145,0.44012916837820915,-14.290494205976755,3.8124244114667087,"[0.9026119151597848, 0.9110588629857806, 0.655581422504564, 0.9327653945872971, 0.7545846579569482, 0.927426891745472, 0.8428681727605098]",red,"{""turn_right"": true}",-10.41718666364377,pure_ml,traffic_violation
1765200728.869623,0.6613240961996927,0.4374924407204025,-24.55961162264995,2.560120670311302,"[0.4893910433496698, 0.6170262545998653, 0.4012494816189417, 0.8683092858546211, 0.7390262388301211, 0.5700848406247183, 0.9342552111731343]",green,"{""turn_left"": true}",5.033356308394918,hybrid,normal_driving
1765200729.869623,0.6250769879668121,0.95,-149.79303925935045,1.0978150547400622,"[0.15042981614810857, 0.25259680100542503, 0.47965286725674494, 0.6339757584434288, 0.7309700476970931, 0.9741571690491866, 0.8180804627406744]",yellow,"{""turn_left"": true}",5.288720536981986,pure_ml,edge_case_road_boundary
1765200730.869623,0.5564478079729428,0.3072400883434865,35.75611014224721,1.8515522981482917,"[0.9450343488557068, 0.4592421741891832, 0.4649647444490929, 0.8541624096904488, 0.699679544481157, 0.886293969909752, 0.9050851157944159]",green,"{""turn_left"": true}",8.113548420140518,hybrid,normal_driving
1765200731.869623,0.3014734967122682,0.6500326880670035,36.65684322464273,1.5730039584939632,"[0.06054717893441593, 0.13099144466710005, 0.08521880437955315, 0.2898163041123104, 0.125361932112962, 0.44771038934999385, 0.30876129984385975]",red,"{""turn_left"": true}",2.8045381108549563,pure_ml,collision_avoidance
1765200732.869623,0.5273176732429568,0.6713946816298224,17.83012885514335,0.37411303304030763,"[0.19901839362329202, 0.18616767368754678, 0.06606151307128454, 0.11534112773363683, 0.35485476025956464, 0.4283963090155649, 0.7046815788770671]",yellow,"{""brake"": true}",-6.59075603203595,hybrid,collision_avoidance
1765200733.869623,0.6170603128095544,0.47138035331752626,113.85647728009644,0.35575009450561756,"[0.04042496627773369, 0.06922126637705232, 0.12486620610871657, 0.22614867469272118, 0.3173191052630221, 0.4568801075858434, 0.43745375939631764]",red,"{""brake"": true}",0.23739235085701438,pure_ml,collision_avoidance
1765200734.869623,0.10537948633536615,0.4053621755551371,-36.82521911282987,3.2673728198078775,"[0.9228334221424489, 0.41069625564567896, 0.6422736733548835, 0.8580316691265881, 0.5401484096977676, 0.6430389941389238, 0.42414939112081956]",yellow,"{""turn_right"": true}",4.500014066365286,hybrid,normal_driving
1765200735.869623,0.13649736968673257,0.5821660369736651,19.58330845246737,2.409175611090628,"[0.9250417221247749, 0.8569962870618671, 0.9276160599739188, 0.9587776131529152, 0.9554986634787829, 0.7043668650353285, 0.5536686689555623]",red,"{""accelerate"": true}",9.33959334707469,pure_ml,normal_driving
1765200736.869623,0.21744841864260112,0.49342598400139775,26.118485505735105,0.4745665376863468,"[0.07963710475097317, 0.022247736897489868, 0.14028081536491158, 0.21985259293011725, 0.24042579355955188, 0.45524973950569375, 0.5555933847987733]",yellow,"{""brake"": true}",-2.8331348622353794,hybrid,collision_avoidance
1765200737.869623,0.46511611862373914,0.6251650314857031,37.060685842203696,2.248051823924293,"[0.5025352385191791, 0.9732061885112995, 0.9899120555052294, 0.49029823146395346, 0.4267694368175914, 0.7737280203516148, 0.6228324300265347]",yellow,"{""accelerate"": true}",7.483966781077692,pure_ml,normal_driving
1765200738.869623,0.7501501545670964,0.7730585400962537,172.06045903557316,3.232616624778056,"[0.9747576075688539, 0.5431015202422966, 0.6439060582012808, 0.7986865712040616, 0.9434527815731885, 0.7464127774071556, 0.7178345428002555]",yellow,"{""turn_right"": true}",7.296321698332701,hybrid,normal_driving
1765200739.869623,0.5368483714593919,0.30976447050172473,-164.7042798157824,3.4498844195499045,"[0.4928038450195446, 0.9551582784245902, 0.8234343384404432, 0.7816303497856374, 0.5422890293808769, 0.5536267341487529, 0.4864012515982985]",yellow,"{""turn_left"": true}",7.594008947228363,pure_ml,normal_driving
1765200740.869623,0.46439721269481715,0.95,148.14112148096436,0.9592415633098688,"[0.48155573078208713, 0.36067313901305104, 0.6304447066508374, 0.744514672997175, 0.7063002939216037, 0.6607032444794197, 0.7249929572996858]",green,"{""brake"": true}",3.374923166276959,hybrid,edge_case_road_boundary
1765200741.869623,0.749849992146372,0.524682503905088,-99.79710710511841,2.0522706178774937,"[0.9336778654924078, 0.9722062071058799, 0.9427966122582617, 0.4277535925115951, 0.5530708599272645, 0.9315028065533498, 0.8733025625841524]",yellow,"{""turn_right"": true}",4.032209989576399,pure_ml,normal_driving
1765200742.869623,0.4324044012262256,0.2325750770367226,-159.18839401960767,3.43856076680426,"[0.7395108411836367, 0.639119753815025, 0.826591285431051, 0.9854315892905242, 0.7678803004790904, 0.41853547603154706, 0.9748746236768268]",green,"{""turn_left"": true}",6.582865931776171,hybrid,normal_driving
1765200743.869623,0.6738646847599283,0.7158287825739846,-153.52112401255079,4.916276901145884,"[0.9939339008469865, 0.9651531985281412, 0.9905363434875527, 0.757472393629452, 0.8244835825361697, 0.6811116194220926, 0.9433443108020916]",yellow,"{""accelerate"": true}",-34.82617675679941,pure_ml,traffic_violation
1765200744.869623,0.8089186344484541,0.6093064178031953,51.87374397791692,2.4753621212186614,"[0.7118897724719958, 0.773402742031354, 0.406817474744505, 0.949848057675279, 0.4045331491402795, 0.9527225428535445, 0.8845525238165675]",green,"{""turn_right"": true}",4.293751647469678,hybrid,normal_driving
1765200745.869623,0.6611801771846059,0.7594126828836647,29.185082777053825,4.8199550296590274,"[0.7151955600587389, 0.835624195006935, 0.9694622075958328, 0.7073432697995705, 0.8108445801850311, 0.6072270497526043, 0.9201962296131961]",red,"{""accelerate"": true}",-22.178563666516567,pure_ml,traffic_violation
1765200746.869623,0.36831528355328713,0.5419328209778693,-171.89659566302765,4.422685958932484,"[0.967643074016683, 0.6189144694644578, 0.6194356004003168, 0.8874438558840774, 0.8042143654680387, 0.6378180820913154, 0.7575735497059919]",green,"{""accelerate"": true}",-33.44481312884994,hybrid,traffic_violation
1765200747.869623,0.7247501098771599,0.3792894597424935,-115.66418343585319,3.4655960206592895,"[0.5733568403206548, 0.49703324832020507, 0.7359587835192098, 0.9842088050698741, 0.9137077230505062, 0.6534072395693965, 0.7827391235891066]",green,"{""change_lane_right"": true}",8.32681538794574,pure_ml,normal_driving
1765200748.869623,0.5247788293544826,0.47245046372366334,145.2132747995904,4.651486452482087,"[0.9238261506655285, 0.7212259248667412, 0.9740564403069077, 0.9477611209545527, 0.7989610081546081, 0.7264875084652574, 0.7969922935437255]",yellow,"{""accelerate"": true}",-13.544673128307558,hybrid,edge_case_speed_limit
1765200749.869623,0.3422472492758317,0.24401568730823514,158.1314542562771,4.171883269606177,"[0.9614519097895754, 0.93385885088501, 0.8674395407958608, 0.6686628774212254, 0.7483367219229599, 0.7896688936310738, 0.6636508017918493]",red,"{""accelerate"": true}",-48.32957735784683,pure_ml,traffic_violation
1765200750.869623,0.5662988280145049,0.535417767417087,175.54507472772306,0.3095268438514629,"[0.08144969625823627, 0.09409142168585755, 0.15691100471678002, 0.1845772338857033, 0.17504729894362211, 0.2969094079416631, 0.48461120576772965]",red,"{""brake"": true}",-7.905973565655009,hybrid,collision_avoidance
1765200751.869623,0.6204628075053574,0.5993749885405686,-2.369598289229555,4.282802756507126,"[0.5983644761237183, 0.4027282326345056, 0.5909936435537995, 0.589680631183469, 0.8007612242378488, 0.8728879560069919, 0.5827680404176782]",green,"{""accelerate"": true}",8.949480058175931,pure_ml,normal_driving
1765200752.869623,0.26552039983314224,0.21894660163055446,-121.74572486250558,3.5014421817296983,"[0.9936001912848327, 0.8065791893844505, 0.6830261127333964, 0.8146440410992903, 0.8195008909754296, 0.6806860001465802, 0.6172441657168037]",red,"{""turn_left"": true}",-9.418482451308012,hybrid,traffic_violation
1765200753.869623,0.6606446709103861,0.5684262236334436,-18.995842789125902,2.2654190740514006,"[0.7933027820327685, 0.43328356759264863, 0.6498740041779543, 0.5422008580239865, 0.42876182247081757, 0.41786273917324096, 0.6400961924804548]",yellow,"{""accelerate"": true}",5.468942721720688,pure_ml,normal_driving
1765200754.869623,0.17776420595315862,0.26106550310521653,-124.05512948136553,0.6112524019507262,"[0.15046545555563035, 0.12447654328800839, 0.02096093297767203, 0.1070938941594988, 0.3901466987432435, 0.3322182018669899, 0.7839357671001865]",green,"{""brake"": true}",-6.624085713378131,hybrid,collision_avoidance
1765200755.869623,0.40552653163765606,0.7118642881201851,-179.50278073169017,2.9817376965708338,"[0.9809203409923791, 0.42950071481869134, 0.9925608717907513, 0.6245008923267614, 0.6730123062660726, 0.6437313418016523, 0.4149353163814446]",yellow,"{""turn_left"": true}",4.403458006537312,pure_ml,normal_driving
1765200756.869623,0.8688642753008723,0.4116984260496599,156.7612235149297,0.16093349027054504,"[0.08543473972580234, 0.19340977335520654, 0.16383156162953888, 0.22674596506697683, 0.2957989571847619, 0.3310949506988452, 0.4882570513495507]",red,"{""brake"": true}",-8.902138546393664,hybrid,collision_avoidance
1765200757.869623,0.3875116258008581,0.7976835289943824,55.89496337210537,2.834704674352959,"[0.8829435936374201, 0.8289656459491614, 0.44769217877917045, 0.843813370534473, 0.9675553853508783, 0.7478064818645156, 0.688742764242684]",green,"{""accelerate"": true}",7.407575376614251,pure_ml,normal_driving
1765200758.869623,0.86327257005431,0.296124263706406,-23.157976646760154,2.4681312827531916,"[1.0, 1.0, 0.5604297986032785, 0.3019471873723725, 1.0, 0.3295598838491583, 1.0]",yellow,"{""turn_left"": true}",-5.581929233897265,hybrid,sensor_failure_stuck_sensor
1765200759.869623,0.22794779714677374,0.44945320073915207,-53.404367237640805,0.3591562715794949,"[0.19596233761535659, 0.14142860221035417, 0.0003513790044277432, 0.22952492196153876, 0.15792015751683994, 0.5399053429765903, 0.4429154457952362]",green,"{""brake"": true}",0.36836001144018304,pure_ml,collision_avoidance
1765200760.869623,0.805173719697199,0.2720105580354013,-144.29291518617038,2.081696901306997,"[0.44969208491544066, 0.7480016664516831, 0.7475200565311977, 0.7974682306946115, 0.9307988002460058, 0.9564617654799166, 0.9592576906801678]",yellow,"{""accelerate"": true}",11.81831303406361,hybrid,normal_driving
1765200761.869623,0.10624199193530491,0.34055140319686006,22.51371554124193,3.6562447020313384,"[0.899350204421947, 0.8172388535882512, 0.8383706119600901, 0.6571021316030817, 0.6321741407558332, 0.6540203241069947, 0.852437132959838]",red,"{""turn_right"": true}",-9.934457554948294,pure_ml,traffic_violation
1765200762.869623,0.4454484275921037,0.42526522611082557,151.1989150827893,3.899719462652513,"[0.9877929672579792, 0.912857268215581, 0.659544684487834, 0.8915559576119813, 0.6509121365155353, 0.7257592849801158, 0.6998154512745829]",green,"{""accelerate"": true}",6.394671375120745,hybrid,normal_driving
1765200763.869623,0.8963235612246113,0.6735919834476216,-35.042789930877184,4.591481647501805,"[0.7492509236705154, 0.8495871589481171, 0.9799852468410343, 0.7149562862107304, 0.7689220062245822, 0.8481764541603801, 0.9735695413260674]",green,"{""accelerate"": true}",-14.14277530039439,pure_ml,edge_case_speed_limit
1765200764.869623,0.752960980573841,0.6670506031224759,-133.38077502752208,3.7743258935016475,"[0.8815668368436089, 0.5159778353352995, 0.5124601663498248, 0.8716441887704723, 0.580918515589243, 0.9462463683980368, 0.5708353011282633]",green,"{""accelerate"": true}",14.420530016761784,hybrid,normal_driving
1765200765.869623,0.7706571414266077,0.05,153.27800492829658,0.5269399206765064,"[0.3564319348905701, 0.35915158575218886, 0.6577603768161171, 0.6339529204601734, 0.5157337484530404, 0.7820477605602225, 0.7256503048555472]",yellow,"{""brake"": true}",8.504288237511169,pure_ml,edge_case_road_boundary
1765200766.869623,0.5281357220089692,0.5620193416566828,-93.72234806339782,4.599083518065959,"[0.896302392278649, 0.7445210077125125, 0.9122980312063841, 0.9020724311345175, 0.8758495373592052, 0.9437665211986142, 0.7920599458072621]",red,"{""accelerate"": true}",-1.9680036366111384,hybrid,edge_case_speed_limit
1765200767.869623,0.2565612479956772,0.4846422218615893,49.81254235992186,3.4481414855358468,"[0.8615155165609297, 0.4318383270780951, 0.5411324281368723, 0.5206236743179304, 0.5296875848373587, 0.5718704357649277, 0.7065993908924826]",green,"{""accelerate"": true}",5.055872596230357,pure_ml,normal_driving
1765200768.869623,0.7595640983937417,0.4198316844342666,77.13225631524956,0.9576738818046805,"[0.16878396753763686, 0.13409244070589676, 0.14795906019933114, 0.29251127050314857, 0.32582624970724283, 0.47203969655694744, 0.7237357428352118]",red,"{""brake"": true}",-9.559206742952417,hybrid,collision_avoidance
1765200769.869623,0.44180170604155167,0.5936762519197845,-85.82451671459687,0.9043516090356598,"[0.1450285232417039, 0.10378109787842114, 0.09461804430950178, 0.1674551864242654, 0.16528009649215308, 0.2872989222762148, 0.4824848559135101]",green,"{""turn_left"": true}",-0.478209855840543,pure_ml,collision_avoidance
1765200770.869623,0.2644641579480294,0.6184852513385751,-37.73078722997656,1.6250651341790845,"[0.8, 0.0, 0.8, 0.40366226606194494, 0.4229376783200137, 0.538073974066199, 0.5880979121121176]",green,"{""brake"": true}",4.998713880172286,hybrid,sensor_failure_partial_failure
1765200771.869623,0.3708468313485589,0.7266066312122001,-72.02287989303062,3.3014162937663185,"[0.9250456211499428, 0.4914761358923565, 0.9913647305705704, 0.6187223076436635, 0.46018885409814253, 0.9457778918109695, 0.872138319542338]",green,"{""accelerate"": true}",8.083505921884466,pure_ml,normal_driving
1765200772.869623,0.7489349334407143,0.31413131324520344,-87.94040202791705,2.5617756315021856,"[0.7650640708088159, 0.6266977416143542, 0.729674501345443, 0.5558864392929652, 0.4263622630738634, 0.5810858480507836, 0.7406091102572192]",green,"{""change_lane_left"": true}",8.031538525515954,hybrid,normal_driving
1765200773.869623,0.6835167431942037,0.7974865369778703,44.23017745797024,2.947497479790099,"[0.7738573497909786, 0.7335400089110997, 0.4834172580430428, 0.752911796546558, 0.5507627351081428, 0.4059993925279453, 0.9646724773594024]",green,"{""turn_left"": true}",7.703662723235154,pure_ml,normal_driving
1765200774.869623,0.43220061896278217,0.525207570201837,28.51441232747322,2.4996945366398946,"[0.986672834238948, 0.6992986109889829, 0.6325952200654338, 0.6877219982489728, 0.5545850066579644, 0.8461180320174817, 0.5249644458941798]",green,"{""brake"": true}",6.877645133204365,hybrid,normal_driving
1765200775.869623,0.22578355256642288,0.6114150493447419,-135.2627374288298,0.5497179589102255,"[0.05160147743544137, 0.1528657125581416, 0.14254483932800255, 0.11571488389218483, 0.2356198545345909, 0.5902171339166558, 0.4285492604356539]",yellow,"{""brake"": true}",-0.8379427396132115,pure_ml,collision_avoidance
1765200776.869623,0.2647014655721346,0.5887752273181253,-31.31898906009327,0.963853962126907,"[0.15613618398849743, 0.11221308598049402, 0.019822700174328814, 0.1503146878149708, 0.16973896299287344, 0.223542308159614, 0.4686392790191454]",green,"{""brake"": true}",-3.4958031134190266,hybrid,collision_avoidance
1765200777.869623,0.7688124520156153,0.5936186298989844,150.05184099795534,2.3894617566748853,"[0.8243027541030838, 0.9767000753080354, 0.9048171646667752, 0.7453920237953267, 0.5534014419457328, 0.7923320227985873, 0.7865970916191793]",green,"{""accelerate"": true}",10.058754659440545,pure_ml,normal_driving
1765200778.869623,0.23205081930990962,0.7250102183568112,141.27964816624728,1.804647546479798,"[0.519186671604686, 0.611262898040468, 0.7134583218280051, 0.4350011770880829, 0.8845581315451255, 0.597706579854949, 0.9313911241623787]",green,"{""change_lane_left"": true}",11.640690609877666,hybrid,normal_driving
1765200779.869623,0.407360156070088,0.6643017127863333,-159.10985840169775,0.6157882712800433,"[0.06472020578445017, 0.15078822612165504, 0.11932752663475375, 0.12429360729771849, 0.13915129324448883, 0.563028431893954, 0.37556190645936327]",red,"{""brake"": true}",-6.995141370252634,pure_ml,collision_avoidance
1765200780.869623,0.6874778033584731,0.05,9.01690268733162,1.454346983769885,"[0.294429784223288, 0.45546415113076644, 0.41180989376737576, 0.6469565610112605, 0.570609704921481, 0.9972193297032108, 0.8669617352901584]",red,"{""brake"": true}",2.226986177204264,hybrid,edge_case_road_boundary
1765200781.869623,0.6145941952769121,0.3549203280558628,-80.83899286564294,4.5790583267416505,"[0.9752561350499823, 0.9857282605531645, 0.9172732507094515, 0.7996938469528662, 0.8924346372163309, 0.9106962881855303, 0.7223842603760049]",red,"{""accelerate"": true}",-11.210089895650494,pure_ml,edge_case_speed_limit
1765200782.869623,0.27135880386408956,0.5002933073285749,-179.485601519199,4.2279769152267335,"[0.6405764916585569, 0.9850729098191655, 0.8429632739382122, 0.7834771425251377, 0.6996434183561474, 0.8951331470533959, 0.765657435505252]",yellow,"{""accelerate"": true}",-46.44357255347585,hybrid,traffic_violation
1765200783.869623,0.148494213430869,0.6193734155359683,153.06351716524622,2.863481553579572,"[0.8873325563136107, 0.6966719100035452, 0.589901031788284, 0.7902686389626215, 0.7436201024999378, 0.9313889429152832, 0.8154688373117325]",green,"{""change_lane_right"": true}",9.502225918914476,pure_ml,normal_driving
1765200784.869623,0.3898500388109388,0.7552504744027293,48.000582739334504,3.280274051865995,"[0.5139900816133928, 0.7598792041820641, 0.7708337249546575, 0.5524637340384143, 0.92803859090643, 0.8315900841659387, 0.7491451306748733]",green,"{""change_lane_left"": true}",9.199263895457545,hybrid,normal_driving
1765200785.869623,0.3044762762168728,0.5746112314446514,-158.41003437740974,4.212556283362938,"[0.9770627883879152, 0.8827920157844, 0.44763307170993827, 0.9463447264956665, 0.45447316730321546, 0.476466718821724, 0.9943032584383672]",yellow,"{""accelerate"": true}",9.843788615579466,pure_ml,normal_driving
1765200786.869623,0.5516437751003102,0.49220364001935574,131.94479461391765,1.2458045630117083,"[0.7128931052750552, 0.27210531422015316, 0.4563912781955689, 0.6953206257320212, 0.15079892896473457, 0.01893302222243398, 0.8962599420048247]",green,"{""brake"": true}",-9.171830570179916,hybrid,sensor_failure_noisy_sensor
1765200787.869623,0.6989112022918917,0.3689370335149078,105.17845560198417,1.8765992817100818,"[0.5094648661557083, 0.7994034854751056, 0.5102962620826172, 0.9973919715540567, 0.9314629956976972, 0.4251909706388718, 0.6953618849877075]",green,"{""change_lane_left"": true}",4.069595924249412,pure_ml,normal_driving
1765200788.869623,0.6903017093740205,0.691890327412124,-32.13212208645629,3.465831050519803,"[0.9739329825329233, 0.9813760854374238, 0.879168520369053, 0.9418184960869417, 0.9863285974625142, 0.9983134219450497, 0.5491321835956338]",green,"{""accelerate"": true}",13.453852535792588,hybrid,normal_driving
1765200789.869623,0.3810807293902406,0.6375761544734546,-175.68699451239016,4.737628878326288,"[0.757454836982153, 0.8437473571235228, 0.7240294696724356, 0.7127128977337931, 0.7115779233568313, 0.7114601223367968, 0.952864424503547]",red,"{""accelerate"": true}",-26.92542931405006,pure_ml,traffic_violation
1765200790.869623,0.16260864993463198,0.2492339984694652,43.23528026643126,3.2930630540780896,"[0.40657581047699665, 0.9601992198470385, 0.6753826508158267, 0.760973288886553, 0.9002499656904022, 0.6077128708862598, 0.7746735162686599]",yellow,"{""accelerate"": true}",5.356624706891873,hybrid,normal_driving
1765200791.869623,0.4364887807600052,0.597359616971125,172.18502814730073,0.9117673678370766,"[0.00045640492022749337, 0.17854709874589791, 0.03410314000914616, 0.18267921432469839, 0.11917496980906633, 0.4552096907256036, 0.4237863963800639]",green,"{""brake"": true}",-3.500349578166837,pure_ml,collision_avoidance
1765200792.869623,0.6221112855225372,0.7331420498809911,19.90847314766813,3.4703195532880073,"[0.6972019493064414, 0.9438239559712414, 0.9473323241475256, 0.4687339839322708, 0.5212601734871034, 0.8869720928873785, 0.5895011042416136]",green,"{""change_lane_right"": true}",6.0931138091629995,hybrid,normal_driving
1765200793.869623,0.47173761751703946,0.3984116711342075,-21.797407633480265,3.0719638346798135,"[0.4909423366157133, 0.7152271309227349, 0.41769906123431394, 0.9180758520643535, 0.6354805009946299, 0.7385776151111672, 0.6094686629879429]",green,"{""accelerate"": true}",8.808395887496943,pure_ml,normal_driving
1765200794.869623,0.7176651581449249,0.31232668258993745,120.03825421660305,4.107433733417751,"[0.6413230306281399, 0.6659090978639516, 0.8709309442288886, 0.9318894287032244, 0.8258410896052181, 0.846561645103323, 0.6772870946087212]",red,"{""accelerate"": true}",-37.60333161455884,hybrid,traffic_violation
1765200795.869623,0.5819934652590184,0.2718954485519578,93.8433537281552,2.8612688597251195,"[0.6120141537032662, 0.8389827821281615, 0.7435031914134886, 0.6465189416147004, 0.7805479916369317, 0.9732535157097971, 0.9257530691082693]",red,"{""accelerate"": true}",5.8603884265214745,pure_ml,normal_driving
1765200796.869623,0.5591765162031745,0.6306654056106487,-8.730708310605927,0.4694615255430231,"[0.15041770756673928, 0.0750781869154176, 0.13074075850244352, 0.1508869913769769, 0.36006775111132405, 0.3779918010852722, 0.32930280959816643]",red,"{""brake"": true}",1.4611039370409404,hybrid,collision_avoidance
1765200797.869623,0.682684717044675,0.5311031961139556,48.37822455947288,2.7586954842417475,"[0.4011385738090869, 0.4208652199035302, 0.5088531737016979, 0.6553000902188679, 0.6944049460292292, 0.9768882646180934, 0.41772899481284803]",green,"{""accelerate"": true}",5.907652109440558,pure_ml,normal_driving
1765200798.869623,0.5790616989983985,0.3363705596971098,-40.350363140489215,2.6438756585011385,"[0.6081131662888898, 0.6322640099832616, 0.5375321008427232, 0.6257392419642701, 0.7887003290802841, 0.9024006142933642, 0.9351297443753815]",green,"{""accelerate"": true}",8.958026323972776,hybrid,normal_driving
1765200799.869623,0.20992315238745346,0.6133468557437916,-156.060084009925,3.1914345684637078,"[0.7556553349890591, 0.6445514744602274, 0.5891583892715984, 0.43558949700456395, 0.526280082620558, 0.6985879676134654, 0.6667748476873897]",green,"{""change_lane_right"": true}",8.63661020823549,pure_ml,normal_driving
1765200800.869623,0.43259380778762635,0.26842141558963667,41.74729101331544,3.1132851672171573,"[0.6821020239452759, 0.9460023455159128, 0.7380244126519386, 0.848374471927906, 0.9389023910122968, 0.9005104339992642, 0.78096603014348]",green,"{""turn_left"": true}",4.540926843649238,hybrid,traffic_violation
1765200801.869623,0.38556928106,0.5215397063236016,-33.09272725901391,3.0617862768381015,"[0.6590180864671593, 0.9147993456975622, 0.9954362895559192, 0.8222352218517104, 0.4857184788067936, 0.7349935277701727, 0.4689206103334419]",green,"{""accelerate"": true}",11.737715383337582,pure_ml,normal_driving
1765200802.869623,0.37287443416041055,0.5959574250208641,-60.57574816899888,3.9299395321161374,"[0.8861719232425802, 0.6093314447398221, 0.9617477980953447, 0.539212943743643, 0.9200305216923037, 0.8170981172171315, 0.8500368169476613]",yellow,"{""accelerate"": true}",12.101001417640056,hybrid,normal_driving
1765200803.869623,0.18370174218961763,0.6314924052608624,109.30042783292318,4.325775536339172,"[0.47720802777736426, 0.9156890701125786, 0.46892244383360693, 0.44723836348507173, 0.9762039274675742, 0.5025614642252603, 0.4738450097733856]",red,"{""accelerate"": true}",12.377529606992043,pure_ml,normal_driving
1765200804.869623,0.7322664577915345,0.334576441935883,129.50713162649987,4.652093830221094,"[0.7852910185565866, 0.9401984113855044, 0.7709157091891472, 0.7664570093690674, 0.7584118912308853, 0.799100294046359, 0.8668546307860161]",green,"{""accelerate"": true}",-29.04489147932304,hybrid,traffic_violation
1765200805.869623,0.2797117272134956,0.41528728394541303,-86.49092934650704,2.896307954791659,"[0.8227634856794122, 0.5905942406728455, 0.7110194827444614, 0.7934176153614381, 0.6048353015137804, 0.5373448925809823, 0.9499504318292641]",green,"{""accelerate"": true}",5.374581284067014,pure_ml,normal_driving
1765200806.869623,0.16109266025817792,0.2750513872022851,-161.77386165410658,1.8165491878562297,"[0.8574867010802062, 0.9201384846752805, 0.5040630375976264, 0.6837829323812284, 0.5841964042924618, 0.6269141671680089, 0.767233707012029]",green,"{""turn_left"": true}",3.218038733303624,hybrid,normal_driving
1765200807.869623,0.3299489614264249,0.5825855238718685,151.00572720151,0.6426064047884753,"[0.17786425931575675, 0.0025087488044068795, 0.05274924906051579, 0.2513063797486652, 0.37593865459436393, 0.25720212014967575, 0.4003266367655345]",green,"{""brake"": true}",-5.777499640273779,pure_ml,collision_avoidance
1765200808.869623,0.5482820133796213,0.3065011537187815,-176.27653428701953,1.4952356731208805,"[0.6608599012615403, 0.9422095605395793, 0.5561446573485962, 0.9433518276031698, 0.8124229620769259, 0.5494876731396792, 0.5547393278218617]",green,"{""brake"": true}",6.626958938879612,hybrid,normal_driving
1765200809.869623,0.26845100981730785,0.2892468979347667,-86.91412860372152,3.472085783191766,"[0.7610296927903044, 0.4384385881070169, 0.4820900031241961, 0.8344447245347717, 0.6238087598632748, 0.9616943367408041, 0.579950228891121]",green,"{""accelerate"": true}",11.904013815291648,pure_ml,normal_driving
1765200810.869623,0.7425564771655665,0.3757182177251076,-2.0913642721717074,2.8529536961201094,"[0.8827586424411485, 0.8747475361450074, 0.5170322555709744, 0.8362769369451812, 0.7317441596191472, 0.7408970499116223, 0.732073176748816]",green,"{""accelerate"": true}",5.094888068148467,hybrid,normal_driving
1765200811.869623,0.5118065909936951,0.31980208322123455,6.600500910754238,1.215875352329098,"[0.15965905372783726, 0.10444448500666884, 0.27246011042528295, 0.15638216586654094, 0.4788227938068641, 0.5564753390969965, 0.43840576728884895]",green,"{""accelerate"": false}",-3.8847774999838824,pure_ml,edge_case_extreme_weather
1765200812.869623,0.12257655423546146,0.5444212823072097,-51.92593087060152,4.119518661985101,"[0.8275391684942736, 0.983055646028822, 0.7548530239048625, 0.6721154654725109, 0.8778875790682598, 0.8037739818501893, 0.9597175366284174]",red,"{""accelerate"": true}",-10.770671879479075,hybrid,traffic_violation
1765200813.869623,0.46196452744079375,0.6061046316967758,-177.6026998774303,2.2185101665805256,"[0.9729124317523001, 0.4085142617937474, 0.8002664927158692, 0.514125593090783, 0.7298930505634859, 0.7628208599149502, 0.9212256241105689]",green,"{""turn_left"": true}",4.4553845094548254,pure_ml,normal_driving
1765200814.869623,0.5686001852021421,0.3046786456954134,94.71693098480839,0.31388576132641033,"[0.0957171583215116, 0.0828907966867129, 0.03731793813607503, 0.11356969949062007, 0.29375268375886654, 0.35138641407986665, 0.5169825908835761]",green,"{""brake"": true}",-5.603499187155783,hybrid,collision_avoidance
1765200815.869623,0.676076164799583,0.37476155940023115,-56.22458111216942,3.883683260922053,"[0.771469251442456, 0.895170937012347, 0.8419751071147901, 0.6636703629387312, 0.8098964461054154, 0.5821019828444751, 0.668018079693038]",yellow,"{""accelerate"": true}",14.597593037628965,pure_ml,normal_driving
1765200816.869623,0.2710720680989356,0.296846928891749,83.9706778057099,1.3556100257266,"[0.1, 0.1, 1.0, 1.0, 0.4732725220664946, 0.6549320455679319, 0.36639004698588673]",red,"{""brake"": true}",11.848177894270528,hybrid,edge_case_sensor_edge
1765200817.869623,0.24952731769383282,0.405765988181047,-156.24221056047583,2.2108329300791314,"[0.1, 1.0, 0.1, 0.1, 0.396502287684249, 0.35792769187688317, 0.5095517736631963]",red,"{""turn_right"": true}",2.836384881605497,pure_ml,edge_case_sensor_edge
1765200818.869623,0.1156288558843741,0.22377656753149044,2.7459370363520197,4.292109090261257,"[0.6645252038348729, 0.9185103729296676, 0.6957364120577549, 0.6859234045892852, 0.7332292672060008, 0.8685679614437287, 0.7651363595184358]",red,"{""accelerate"": true}",-25.321262150148304,hybrid,traffic_violation
1765200819.869623,0.7084151738849059,0.3980823313497632,171.65859843233724,1.9519462157255656,"[0.8, 0.8, 0.8, 0.7559363731362375, 0.6955010359398118, 0.7542111038715185, 0.616247825895078]",yellow,"{""brake"": true}",-13.09734690687456,pure_ml,sensor_failure_partial_failure
1765200820.869623,0.29237523620114214,0.5227887745347798,93.61022237908702,1.0524943502175979,"[0.14914770384033316, 0.5151564899278425, 0.787659450706942, 0.8324652250434996, 0.0033525330789033747, 0.10606420898763957, 0.91846958237452]",yellow,"{""accelerate"": false}",-6.258672243169668,hybrid,sensor_failure_noisy_sensor
1765200821.869623,0.15543746165946415,0.43975451801306387,65.22715723517885,0.9556007319220468,"[0.10725161522406197, 0.13778229624157862, 0.13286579256250178, 0.260859475265706, 0.3152582132211673, 0.4801798249307969, 0.530465936695422]",green,"{""brake"": true}",-3.0556312710790148,pure_ml,edge_case_extreme_weather
1765200822.869623,0.8928803021492098,0.33146828161060726,24.147264009792426,3.232756343173363,"[0.8561046163287589, 0.5665565159688803, 0.46416246508358133, 0.6934106068730563, 0.70365839941433, 0.8076489293391218, 0.8681004492708553]",green,"{""accelerate"": true}",10.081201473949141,hybrid,normal_driving
1765200823.869623,0.5695101381687709,0.2156159434369666,45.0885691837274,3.15576640433606,"[0.9914575947569568, 0.893467048590822, 0.7387346353319311, 0.8859382129980276, 0.7571373565008424, 0.772806166493923, 0.9517325844260568]",red,"{""turn_right"": true}",-13.619377863640135,pure_ml,traffic_violation
1765200824.869623,0.36495486792792464,0.7395404561718701,160.64580667496548,0.979505673137461,"[0.2850250866009447, 0.20366628258183117, 0.29522736928557214, 0.12927201968493895, 0.4566361572462386, 0.4503817366819196, 0.6915892884617467]",yellow,"{""brake"": true}",-2.1929336127667174,hybrid,edge_case_extreme_weather
1765200825.869623,0.4295441511263417,0.5936535964370173,-70.17080832978516,0.9194871336099699,"[0.8497984823995465, 0.784464311113684, 0.8328843921144117, 0.6494488177471767, 0.8139430615543067, 0.7099498589391522, 0.9087906050941557]",green,"{""brake"": true}",2.3150252882806375,pure_ml,normal_driving
1765200826.869623,0.108815230864667,0.623043314411881,117.04698823693411,4.308453772937076,"[0.9892142279298421, 0.6207024899893545, 0.964005340523214, 0.5264036127086343, 0.46658403896236417, 0.5378892074172735, 0.882113643211952]",green,"{""accelerate"": true}",5.976535878526775,hybrid,normal_driving
1765200827.869623,0.5385522562353653,0.5665613297285944,168.86589339342765,2.5047278426679407,"[0.4004303783086418, 0.8619769926010379, 0.44688138359462126, 0.8715068537826758, 0.8560935055174353, 0.6260114511509988, 0.4826239512482925]",green,"{""accelerate"": true}",10.195568755361505,pure_ml,normal_driving
1765200828.869623,0.42809861770885693,0.05,-136.48745132830436,1.7273549097620593,"[0.12215875356139119, 0.5507963807223581, 0.636550884174517, 0.7738519119390395, 0.8176259294831039, 0.8944593638431075, 0.7481422759398154]",yellow,"{""turn_right"": true}",-7.7485110308425025,hybrid,edge_case_road_boundary
1765200829.869623,0.5249202293758478,0.602963423826915,-41.904707615268364,0.369146976243347,"[0.11968743826672407, 0.16646867146451866, 0.09384681380883748, 0.29095660354799996, 0.2596767530745855, 0.34210377539592013, 0.6797886193343782]",green,"{""brake"": true}",-2.1027131876643352,pure_ml,collision_avoidance
1765200830.869623,0.2727110346818562,0.7794658687433043,-113.37695873459775,1.7180461217318268,"[1.0, 1.0, 0.6912609199212464, 0.5843647524681774, 1.0, 0.6374008385051413, 0.0]",yellow,"{""brake"": true}",0.6884193146370414,hybrid,sensor_failure_stuck_sensor
1765200831.869623,0.5706714067331441,0.2417293188319803,-143.26665362268156,0.7496013954769465,"[0.1315912351830874, 0.18498539160012814, 0.06814927664735003, 0.18978652503447843, 0.1724743071501159, 0.2517997829711566, 0.4104383037744379]",green,"{""brake"": true}",-3.815465994578468,pure_ml,collision_avoidance
1765200832.869623,0.7229587917084129,0.32156131813841043,-150.2591679628909,1.9189928447970048,"[0.17312389632421032, 0.13081535136584446, 0.015036935853381972, 0.22766545253894624, 0.32944257655593656, 0.2006836114772066, 0.6691926663205798]",green,"{""turn_left"": true}",3.931868103547785,hybrid,collision_avoidance
1765200833.869623,0.24407620505503935,0.25546559520415424,-134.21422566163662,2.759019365630532,"[0.5348930972613688, 0.8101096406777146, 0.7415157665776921, 0.9921040515448529, 0.9857269474880584, 0.8805386507352754, 0.8161868186319615]",green,"{""accelerate"": true}",11.697414379588427,pure_ml,normal_driving
1765200834.869623,0.2469307298069385,0.36000243355146994,93.89147186175443,4.961814641767537,"[0.6881411733910228, 0.6348414569519994, 0.8431737474250276, 0.7445775822510695, 0.6415759245820737, 0.9474641519721544, 0.7506972287219975]",yellow,"{""accelerate"": true}",-28.497642749430796,hybrid,traffic_violation
1765200835.869623,0.7949676220924357,0.7932175877755361,-10.794482190211607,3.068778309900061,"[0.843111723727042, 0.7811020763364264, 0.6171727077029975, 0.9504670293351101, 0.8214584264420097, 0.9582506145472854, 0.7723082798283203]",yellow,"{""turn_left"": true}",2.681195244354928,pure_ml,traffic_violation
1765200836.869623,0.7098371347897807,0.47717960966342016,-127.33547641652996,3.9835825032122445,"[0.914422896558811, 0.949977241813764, 0.6382630780165072, 0.8701732091089975, 0.6473183217848855, 0.6490914926754291, 0.8517521114036868]",red,"{""turn_right"": true}",-16.290385070599584,hybrid,traffic_violation
1765200837.869623,0.11050000520141748,0.3207124121256153,136.4320118731952,4.0599900320075655,"[0.6414315341487239, 0.7883716523235399, 0.6880884542789193, 0.9442133035985453, 0.8519369497419083, 0.9457876893428104, 0.8790298980971419]",red,"{""accelerate"": true}",-31.438785308256513,pure_ml,traffic_violation
1765200838.869623,0.8485341269812124,0.4441086627438303,-37.053065185371494,2.1532006917907585,"[0.8951928157630828, 0.8617233766349803, 0.5006215663013321, 0.7905615548910057, 0.5865029926190086, 0.936843174361019, 0.4635821564849041]",yellow,"{""turn_right"": true}",4.1863599577138615,hybrid,normal_driving
1765200839.869623,0.5663178314125489,0.5397242187379907,-104.08292328348112,2.205160280085802,"[0.7573230150455903, 0.7535004971087003, 0.9587913948317522, 0.5364649920923296, 0.9202055939808587, 0.9747355446256178, 0.9684799224512504]",red,"{""change_lane_left"": true}",8.466705701294643,pure_ml,normal_driving
1765200840.869623,0.15015476633714578,0.6665186884025356,1.0137632208412484,0.6993032853590875,"[0.14551795226922745, 0.055008814742053484, 0.12303178873101878, 0.2964474623529165, 0.21678349552703194, 0.4809317621140385, 0.6316344321350702]",red,"{""turn_right"": true}",9.278200736412034,hybrid,collision_avoidance
1765200841.869623,0.27125275420817907,0.2107749252264337,-55.71252959790028,4.227149770125506,"[0.779368578008204, 0.8278665410047461, 0.646520955247485, 0.9815497807564276, 0.6973624394074285, 0.9713604234369181, 0.7792955637286655]",red,"{""accelerate"": true}",-28.641725940099118,pure_ml,traffic_violation
1765200842.869623,0.17710864762695905,0.6702699096341742,-27.316362452686857,4.10945073317173,"[0.8392495743648232, 0.6504382282931601, 0.47000778825309664, 0.7021420701633194, 0.8078861991667754, 0.6752358977525403, 0.9922479312439123]",green,"{""accelerate"": true}",8.259806143460532,hybrid,normal_driving
1765200843.869623,0.4216385131203667,0.7796052525327934,155.91501120029966,0.4776114197361506,"[0.004746697740921291, 0.1302246589156562, 0.13236317491264596, 0.24851731191507698, 0.3338421292155841, 0.2993907502353162, 0.41380357715693733]",green,"{""brake"": true}",-5.622229839218382,pure_ml,collision_avoidance
1765200844.869623,0.7304172364708953,0.7964689069686253,179.01128284540434,0.0108545208388523,"[0.18612654875216372, 0.004613979279097502, 0.17575701298630197, 0.15627701306976038, 0.3886103297585536, 0.3984860039738154, 0.6659813175181375]",green,"{""brake"": true}",3.9549985208463685,hybrid,collision_avoidance
1765200845.869623,0.33307090794331173,0.6256518341624794,-32.50469798042105,2.175382498763582,"[0.9170867039316553, 0.8693589036848279, 0.8276350199794908, 0.9884349292123106, 0.4428639051980516, 0.6653737352001514, 0.7199605137138467]",green,"{""change_lane_left"": true}",11.137265303248732,pure_ml,normal_driving
1765200846.869623,0.8733015388694084,0.3016528814739908,77.09160762937246,0.38325989939586824,"[0.2789351995450091, 0.11127411559293986, 0.10380978672472224, 0.2943596309690338, 0.3771322345341189, 0.41815703529372655, 0.6455942716780972]",green,"{""accelerate"": false}",4.701218411744744,hybrid,edge_case_extreme_weather
1765200847.869623,0.42326147190684194,0.623202606296105,49.741213605436556,0.9225308786826927,"[0.17110498457540543, 0.13857581007073552, 0.11900930579598393, 0.29674903235529604, 0.2642880253305335, 0.3881481488024643, 0.5587005940199714]",green,"{""brake"": true}",-6.089366788409612,pure_ml,collision_avoidance
1765200848.869623,0.6145913811726647,0.41322916290615097,-13.9247250824483,1.5233118012774651,"[0.49463660892570543, 0.9341609146640287, 0.7081582637128847, 0.7841475969306346, 0.41688949804426817, 0.42122857672064273, 0.5980172779183891]",red,"{""brake"": true}",4.507694443161693,hybrid,normal_driving
1765200849.869623,0.5359108792301716,0.262359921320465,-15.026000797358886,3.2838832828834095,"[0.6861405753032954, 0.5113441861024689, 0.6581352801354181, 0.6433555267860317, 0.9276810621805145, 0.45008088837009114, 0.6232100018122566]",green,"{""accelerate"": true}",11.789017532599484,pure_ml,normal_driving
1765200850.869623,0.7554946983302062,0.35849962818314873,-154.99197088581627,2.5366366197513277,"[0.9346489667222767, 0.8833414593109482, 0.6311070044885648, 0.9534756378088742, 0.4162262542077081, 0.8247174849090544, 0.8563647303747881]",green,"{""turn_left"": true}",8.254669091907063,hybrid,normal_driving
1765200851.869623,0.790563266068545,0.351817628461244,-13.37513782630248,1.719523068654278,"[0.47682164157557644, 0.5803816866302507, 0.68303622745567, 0.4284966617341492, 0.45874011386768215, 0.6127428070239472, 0.8548277294408844]",green,"{""brake"": true}",7.049200467986728,pure_ml,normal_driving
1765200852.869623,0.43331995616735974,0.5324894419807924,-179.08956004679877,1.4027877425071729,"[0.40062647239533583, 0.7927908098912082, 0.4456218954030099, 0.6384167431500964, 0.9860320122180057, 0.8711216219936171, 0.5568016984458128]",green,"{""brake"": true}",7.582687561834197,hybrid,normal_driving
1765200853.869623,0.1670976463429833,0.6361109925880978,-146.10874215324836,4.274625397998513,"[0.6183088393646994, 0.69683526254118, 0.47333280098475505, 0.8036813348653513, 0.7560352297203892, 0.7091231522216225, 0.7183759027640859]",green,"{""accelerate"": true}",6.658469947265281,pure_ml,normal_driving
1765200854.869623,0.15510084729840995,0.49739601458292937,27.733263740345205,1.1719917394004664,"[0.03378665865642758, 0.1439145118137404, 0.029424088064933643, 0.2208496256391302, 0.3346046127135732, 0.3442190527330661, 0.5584577900357819]",red,"{""turn_left"": true}",-4.248442400185953,hybrid,collision_avoidance
1765200855.869623,0.38329454138587316,0.6771014732678917,128.74352916688207,1.5526053152279167,"[0.9438705834368054, 0.8196414322224828, 0.6595288258108165, 0.8125283874532243, 0.5654117936253691, 0.8478819610945834, 0.6932521227779479]",green,"{""turn_left"": true}",8.448601577587652,pure_ml,normal_driving
1765200856.869623,0.7385922395550285,0.6567766734600688,131.29503287131325,1.9240169477514535,"[0.1516180758040454, 0.7997977404118569, 0.5663604077544543, 0.7933588087231098, 0.9147332662907076, 0.2256476020671181, 0.0346315805099231]",green,"{""brake"": true}",-3.948115065837249,hybrid,sensor_failure_noisy_sensor
1765200857.869623,0.6215776294738273,0.2924003700680853,-15.606789987229524,2.584262265258034,"[0.41658725191939705, 0.5125723567150002, 0.7718997995553156, 0.8883163847895291, 0.9514358572704477, 0.7858278490671655, 0.9577177921272426]",green,"{""accelerate"": true}",6.716205659485469,pure_ml,normal_driving
1765200858.869623,0.5935703674493938,0.7522868972432424,-174.68833260620565,4.426459131455365,"[0.98558463051995, 0.41650862587376336, 0.7951593198605071, 0.7208091202641532, 0.5334870974695041, 0.6567799411189172, 0.7984962008990086]",green,"{""accelerate"": true}",8.20807262347402,hybrid,normal_driving
1765200859.869623,0.277910687256285,0.7872846069116683,1.2103289141446825,4.570882459263594,"[0.8913391164763249, 0.6440450256646454, 0.7067513728848211, 0.609296301209623, 0.774418239281124, 0.6794002220407384, 0.9733529814954199]",red,"{""accelerate"": true}",-11.770800563829646,pure_ml,traffic_violation
1765200860.869623,0.1786787886972989,0.518726025735754,-17.814043762499296,0.6901267232595083,"[0.6130468579791432, 0.5622375011548516, 0.5076031256455767, 0.6969866781713914, 0.4692452894296812, 0.6156715067993843, 0.8377262431339714]",yellow,"{""brake"": true}",7.8820833700137385,hybrid,normal_driving
1765200861.869623,0.24647620009836926,0.5975054494928947,82.75481262736157,2.976297733916762,"[0.7479315563010037, 0.7358448779712357, 0.6859301935289974, 0.7991560098367649, 0.7365288320736796, 0.4077286300371581, 0.9057775634359173]",green,"{""accelerate"": true}",12.10146246722715,pure_ml,normal_driving
1765200862.869623,0.5631811601338029,0.21888670572090468,174.0085541883566,2.2429400295014656,"[0.771916478725037, 0.5671738113757866, 0.9952329274045032, 0.7828660680149429, 0.5256007150152289, 0.5459517299296882, 0.5207551516463569]",green,"{""accelerate"": true}",8.410808933515984,hybrid,normal_driving
1765200863.869623,0.35843104884166144,0.49283638878000907,-116.71285069971158,1.7971455255765227,"[0.7166873369382003, 0.7054926734547801, 0.7983474561416947, 0.7418949154337761, 0.8986409658482079, 0.5186963576593195, 0.4533789392643701]",green,"{""accelerate"": false}",2.8272431615927758,pure_ml,sensor_failure_noisy_sensor
1765200864.869623,0.8201398966482497,0.5195705297076363,159.74644641975036,2.3916034641013892,"[0.9561216581149705, 0.879339822394266, 0.8546181418565328, 0.9701600677765947, 0.400159308834266, 0.47134209178218617, 0.7273371723185476]",green,"{""accelerate"": true}",10.809179079480197,hybrid,normal_driving
1765200865.869623,0.19190043186304193,0.5799805445686463,-55.18497632612995,3.7934294315545354,"[0.6796521264833697, 0.6793841840878081, 0.528793496361035, 0.8290277490003859, 0.4302284020693691, 0.6885345897475075, 0.8576111342840025]",green,"{""accelerate"": true}",10.496752072973466,pure_ml,normal_driving
1765200866.869623,0.4728619401108345,0.5674006643473017,149.27478764701397,1.8073071715658093,"[0.6459052427446288, 0.4238232570202656, 0.8043197872142969, 0.6811473038555513, 0.4108021033215359, 0.5828562832125684, 0.9041391749388806]",yellow,"{""change_lane_left"": true}",9.46455638280476,hybrid,normal_driving
1765200867.869623,0.718065618536801,0.2928274449763486,-47.12909255802487,0.0038126930925470592,"[0.10155570289272571, 0.07995337512324836, 0.14560925419843515, 0.2157154210745533, 0.23486762470709366, 0.5802756241781246, 0.7820850741939374]",red,"{""brake"": true}",0.31202359042715777,pure_ml,collision_avoidance
1765200868.869623,0.6410569387647447,0.7313733286406838,4.754415498172116,0.610948386381467,"[0.12853413843338632, 0.01304987539322029, 0.14334029381468724, 0.27991996752045045, 0.2535015369123801, 0.4373548716043635, 0.43079659031742906]",red,"{""brake"": true}",-7.696928265143429,hybrid,collision_avoidance
1765200869.869623,0.5353660461033418,0.5409565718523777,129.09415696884108,1.2380170237309651,"[0.8201775713282796, 0.8791318155689665, 0.5087335459213957, 0.47005770126191077, 0.66506385483094, 0.6888793616406621, 0.9118318633923937]",green,"{""brake"": true}",2.4910217181831973,pure_ml,normal_driving
1765200870.869623,0.7802726968650597,0.42743344156633367,160.01250366467212,2.0744678642334065,"[0.7800827928915117, 0.5832190359418825, 0.6965684929001279, 0.5166385326865149, 0.4656251309847143, 0.9157384367843071, 0.5062864301352478]",yellow,"{""accelerate"": true}",8.936431471076126,hybrid,normal_driving
1765200871.869623,0.5124603487493326,0.29451507089925166,109.58539730570405,0.5910825834697043,"[0.07941506157549394, 0.16213933968576613, 0.02454540134508596, 0.1711559088470986, 0.3212651396340884, 0.45482571488033263, 0.6050338725642117]",red,"{""brake"": true}",4.712363813112981,pure_ml,collision_avoidance
1765200872.869623,0.7918169712651754,0.3564524814134641,135.02970319785416,3.765733561457926,"[0.753760038229493, 0.41871377673252397, 0.6260644304234073, 0.6895929708560187, 0.9933778440623292, 0.630802547542671, 0.8404510683483597]",green,"{""change_lane_left"": true}",4.875077630013811,hybrid,normal_driving
1765200873.869623,0.24021394488946843,0.5169771565035721,-114.2203811299872,2.029013640796573,"[0.4863155187577613, 0.6198858575445665, 0.5335119716148828, 0.9759319513861543, 0.7841092770313816, 0.889033812310335, 0.858719920011918]",green,"{""change_lane_right"": true}",11.46888977005379,pure_ml,normal_driving
1765200874.869623,0.3050622677498769,0.44625111875364487,-30.690781835446657,2.0498188070773695,"[0.502763350480993, 0.4516205234400095, 0.4273064544148755, 0.4240281173522649, 0.7274519261253403, 0.5709853368704936, 0.9991691993691707]",yellow,"{""change_lane_left"": true}",11.788469742289251,hybrid,normal_driving
1765200875.869623,0.6727734340525238,0.7621815182356,-160.82911992340658,1.3750360163904138,"[0.09387350468351281, 0.028230148338964936, 0.1438387024302578, 0.11278029153611885, 0.28740718049005665, 0.2159582594630809, 0.7032317330781629]",red,"{""turn_right"": true}",-3.7753791859348844,pure_ml,collision_avoidance
1765200876.869623,0.7583557045565069,0.5998500830347817,11.424803097881634,4.181066939823742,"[0.9921635644814594, 0.5293517900338187, 0.801730694048399, 0.6352024695728937, 0.595822263444661, 0.6843630345314465, 0.9246502122339314]",green,"{""accelerate"": true}",5.00168914141108,hybrid,normal_driving
1765200877.869623,0.13326636534321104,0.37389354935251706,26.09791488114441,1.3781844316239775,"[0.16135359852776635, 0.09221314014769287, 0.09033616742729321, 0.2782475582560805, 0.18527303020219277, 0.4856214068333365, 0.3714402226757311]",red,"{""turn_right"": true}",-0.548826135408695,pure_ml,collision_avoidance
1765200878.869623,0.8520929471874942,0.7325169812046615,-43.23511381656957,4.131309705405557,"[0.9449742431430673, 0.7655553400722072, 0.7547308135640091, 0.4620525607740197, 0.9093504613479216, 0.980772543444187, 0.61722953705848]",green,"{""accelerate"": true}",13.828678146573031,hybrid,normal_driving
1765200879.869623,0.3278786119697824,0.5349660434007157,56.08448147270113,0.904940086075014,"[0.0881398298589617, 0.19289011785969978, 0.19737377903447545, 0.12581234528493895, 0.23279249159659776, 0.3939629436329179, 0.6239222867832903]",green,"{""brake"": true}",-9.42475941182199,pure_ml,collision_avoidance
1765200880.869623,0.3871503928503691,0.20715646016786002,-81.53909098548921,0.4420965655332645,"[0.0, 0.0, 0.0, 0.0, 0.0, 0.0, 0.0]",green,"{""brake"": true}",-6.714175517275084,hybrid,sensor_failure_complete_failure
1765200881.869623,0.26251523141039945,0.6278373647990554,73.53513014361512,0.7726950160070567,"[0.15524851544837814, 0.1792803892921531, 0.13270276032075, 0.26089321466008797, 0.1935358439810256, 0.5020423047842784, 0.44943354750570036]",red,"{""brake"": true}",-4.0863048379721185,pure_ml,collision_avoidance
1765200882.869623,0.15566446380505702,0.3548098511893258,-101.42591431082634,4.70920206318152,"[0.7950423605533782, 0.8656723497040733, 0.8133912429735048, 0.6710436018071763, 0.6272678420099062, 0.9926977345494323, 0.7941282692431666]",yellow,"{""accelerate"": true}",-35.737083220742534,hybrid,traffic_violation
1765200883.869623,0.7838309456715544,0.727445631525587,25.775884062672024,3.8502494197543724,"[0.6092795306560227, 0.706826170762505, 0.8839999789198596, 0.9954210544374638, 0.9536324224301782, 0.6685150022958838, 0.7333365482999272]",red,"{""turn_right"": true}",4.697665171362768,pure_ml,traffic_violation
1765200884.869623,0.6170831131526202,0.7274823060492581,-71.45223000690476,2.270572832569033,"[0.46824252381880443, 0.641431206656537, 0.7563867139942599, 0.6254491168414822, 0.4429479047379791, 0.49434241343033336, 0.416012583059991]",green,"{""accelerate"": true}",13.227341667864488,hybrid,normal_driving
1765200885.869623,0.46334976445891896,0.38705948590776573,-45.4527090938519,3.514036800639566,"[0.9473947653908693, 0.9888058395867956, 0.8750725574646873, 0.8350835255400231, 0.6459897865729772, 0.9944177752161626, 0.8464805931150314]",red,"{""turn_left"": true}",-9.189277656250725,pure_ml,traffic_violation
1765200886.869623,0.7912582683686609,0.5827365823376598,155.63012940152515,3.834618761348077,"[0.8089330433779562, 0.9902399619314249, 0.7463947690673074, 0.8161778316977041, 0.7157479964986593, 0.4656838324054109, 0.9104781549518897]",green,"{""accelerate"": true}",11.414406008774886,hybrid,normal_driving
1765200887.869623,0.4951164262936506,0.7501298498344431,105.53502440983543,0.38937417134399865,"[0.16398045609085543, 0.17371994832488005, 0.0897129362608064, 0.17070398912799892, 0.2736516042895166, 0.5127957032092689, 0.4831489888280902]",red,"{""brake"": true}",-8.904394043039417,pure_ml,collision_avoidance
1765200888.869623,0.44012747331709323,0.707543645890087,-125.68669969324463,3.0095121628256245,"[0.928094275384617, 0.9761400859483774, 0.5398732779077673, 0.7672804503104624, 0.9485897179206547, 0.839667704010881, 0.7265812430139678]",green,"{""accelerate"": true}",14.420061523499612,hybrid,normal_driving
1765200889.869623,0.19941038546185175,0.5509067580911192,37.81069595791979,4.559114657538586,"[0.9343755733030864, 0.954886867179686, 0.9902428199563545, 0.9045668923824776, 0.9922928693876234, 0.8204915313338301, 0.7950191012239697]",green,"{""accelerate"": true}",-1.647491053491029,pure_ml,edge_case_speed_limit
1765200890.869623,0.28084666669233604,0.40020963976075297,2.284886817463308,0.29964750491585856,"[0.1994765380563953, 0.1486736012471447, 0.19747802405302695, 0.13498074391651055, 0.2523085581848237, 0.30467764299459776, 0.7233492973696948]",green,"{""brake"": true}",-2.0855832328758757,hybrid,collision_avoidance
1765200891.869623,0.43920480333528156,0.24181282001719878,-158.47442229135984,2.5066545590975506,"[0.6365836874439399, 0.4945363187828482, 0.4816924979069541, 0.7228982892026201, 0.581121302318776, 0.6408821891214064, 0.4047532408098914]",green,"{""turn_left"": true}",4.717425042645495,pure_ml,normal_driving
1765200892.869623,0.5637106902809651,0.7354412426346455,-132.89262306705453,2.8141252786477184,"[0.8269639414318468, 0.9491817018244563, 0.844923287229022, 0.4693884493080081, 0.46988606036034464, 0.41741833444918475, 0.5016509845978107]",green,"{""turn_left"": true}",9.490433682953174,hybrid,normal_driving
1765200893.869623,0.2904570969314718,0.4813104098357882,160.77742959603543,1.2587956723240556,"[0.9170431287611798, 0.5476187835353615, 0.4178048771269456, 0.6215917689359295, 0.7349331531066734, 0.8337403001803134, 0.978055659896505]",yellow,"{""brake"": true}",2.852554885329713,pure_ml,normal_driving
1765200894.869623,0.36328714412678165,0.4250341141116506,-43.9191196743609,3.987680583367773,"[0.9253161520350889, 0.6559312964806493, 0.7832800086254774, 0.5302498641673894, 0.9803517941708542, 0.9922211458176564, 0.41524409094756265]",green,"{""accelerate"": true}",11.539025408873991,hybrid,normal_driving
1765200895.869623,0.840210159868213,0.48083710671843355,141.16702970875335,3.070828540228653,"[0.47592878624857143, 0.8025973489652884, 0.480596669549475, 0.46727284886717163, 0.6954992122699236, 0.5708761815658911, 0.7266333697756]",yellow,"{""accelerate"": true}",9.536018061248935,pure_ml,normal_driving
1765200896.869623,0.8136131345696332,0.6820840024581796,29.783229918788127,0.2668675757158487,"[0.2307155461424151, 0.2790167947747543, 0.24408739161652518, 0.21621091617789484, 0.338445941038778, 0.35005650701518515, 0.49922705381279653]",red,"{""brake"": true}",5.901664561717281,hybrid,edge_case_extreme_weather
1765200897.869623,0.42172672433375513,0.6765121266459816,167.56191881462019,4.2324812460141175,"[0.645624031650417, 0.6082521922310603, 0.7196942779162163, 0.5707985880242223, 0.9241617650776743, 0.94817129797902, 0.9263592181675118]",green,"{""accelerate"": true}",11.482383153149112,pure_ml,normal_driving
1765200898.869623,0.25908963864580614,0.2430942932324325,-47.25978280598314,3.40203001375686,"[0.6288060699334324, 0.9020941487528248, 0.5405955249053752, 0.7341876664093023, 0.6159896795586539, 0.5246017581991205, 0.7035108236562464]",green,"{""change_lane_left"": true}",11.051020653467855,hybrid,normal_driving
1765200899.869623,0.5453506877608204,0.05,-148.8067604801088,1.2232260944536213,"[0.4713773980341758, 0.4992779407140252, 0.3180863899290922, 0.6557328463676921, 0.6548090927490439, 0.9644962479292851, 0.7744164515869036]",yellow,"{""turn_left"": true}",-4.2435130580395235,pure_ml,edge_case_road_boundary
1765200900.869623,0.7911634098256198,0.7429063224017012,162.251510702579,1.9366521117795155,"[0.695542071258581, 0.43337797533840916, 0.7349802873108184, 0.4256297336741984, 0.6006957066572035, 0.9238126619501642, 0.43260045942377257]",green,"{""turn_left"": true}",9.865927367677642,hybrid,normal_driving
1765200901.869623,0.3616905236933905,0.3871843460301294,107.05534660936894,3.906788353834033,"[0.8278390621180871, 0.5311712610296808, 0.86134019529014, 0.6350415368531809, 0.985493493239308, 0.7688964404769159, 0.5668567535598579]",green,"{""accelerate"": true}",10.582089118433473,pure_ml,normal_driving
1765200902.869623,0.5068098300033118,0.2665914864867398,19.983342078267146,0.8096281719563279,"[0.05836640212451294, 0.15088742874686412, 0.1542994250862473, 0.2247348674284526, 0.3150970936995554, 0.3305406264364016, 0.652055429469871]",red,"{""brake"": true}",-6.434794742424039,hybrid,collision_avoidance
1765200903.869623,0.8644866444158206,0.22060125358359906,-172.85005431316316,2.3804111480950905,"[0.770118179933249, 0.7411168984704384, 0.9932842910616704, 0.5662530901127023, 0.6304346422037851, 0.9104607656003776, 0.7202998924373025]",green,"{""accelerate"": true}",12.000180528834353,pure_ml,normal_driving
1765200904.869623,0.7208073917212162,0.5054003532579786,-14.418415414922377,4.266237738211796,"[0.5509393460940052, 0.9095491397459038, 0.6756967325716924, 0.7682719697312721, 0.6357786560576014, 0.45366571951165613, 0.8660062834625945]",green,"{""accelerate"": true}",8.115762870440422,hybrid,normal_driving
1765200905.869623,0.32050985897196216,0.5742831861896022,22.677917409220797,4.542913616200408,"[0.8773595035929439, 0.9944716651457904, 0.7888199413690622, 0.822430033331319, 0.9114680660473373, 0.8791290328286784, 0.9551954959431124]",yellow,"{""accelerate"": true}",-24.71188216742187,pure_ml,traffic_violation
1765200906.869623,0.23320418279341615,0.5846397567452251,-120.0901680391188,4.476452403046369,"[0.4530711614780426, 0.9638062777647513, 0.9471581620067944, 0.9054253045571886, 0.5199380557520162, 0.7545444626589863, 0.7070459115827744]",red,"{""accelerate"": true}",5.681082695073636,hybrid,normal_driving
1765200907.869623,0.705067153630163,0.683781065836904,23.660954133687014,4.314927906208636,"[0.9189058148933917, 0.998551126838414, 0.5042251099957008, 0.4335941850246483, 0.5657420739741192, 0.7550947315096822, 0.8495246377458284]",green,"{""accelerate"": true}",13.435748851468253,pure_ml,normal_driving
1765200908.869623,0.7605960681433505,0.75510001670598,52.35081744699361,4.1086114566456,"[0.6581698979185844, 0.7936792806211387, 0.8222456495850281, 0.4087711354897766, 0.6528546663991148, 0.7740893338598834, 0.857580814713006]",green,"{""accelerate"": true}",7.6317914052373235,hybrid,normal_driving
1765200909.869623,0.25855192060174303,0.6579144501100674,166.3032802159546,1.5483896407805269,"[0.5500926078373581, 0.8599524178802069, 0.5195321071649782, 0.7918463263900111, 0.7372126139502052, 0.7233688237282159, 0.6115383111777921]",yellow,"{""brake"": true}",5.120465133429739,pure_ml,normal_driving
1765200910.869623,0.8788649342751728,0.4431605835941459,153.42898541978167,2.9087999302731182,"[0.956656311047871, 0.7222783411825806, 0.8043200244927229, 0.5629593776360425, 0.7061918629241868, 0.9825675312803116, 0.730407458579803]",green,"{""change_lane_left"": true}",11.709247632230571,hybrid,normal_driving
1765200911.869623,0.2638371700102159,0.6988472092682865,37.727943644753935,2.217710150402908,"[0.45666070970630146, 0.6285196492564269, 0.92465037945422, 0.5277570062085507, 0.4012060721158969, 0.5881147418228497, 0.7686271460439941]",red,"{""change_lane_left"": true}",4.410991307634744,pure_ml,normal_driving
1765200912.869623,0.7481122216003646,0.757483830331237,1.7710946265002947,4.3095310587179725,"[0.7104788980203876, 0.7437652664030401, 0.7083042789882934, 0.5243451291357571, 0.7968244633453736, 0.8028250831901975, 0.4185934525264832]",yellow,"{""accelerate"": true}",11.545623736780328,hybrid,normal_driving
1765200913.869623,0.12958368542483045,0.38701124174726204,170.8968410273808,3.175782918366288,"[0.6821917004918453, 0.6880624313311472, 0.5009498506632049, 0.9929389800722183, 0.9388003489176554, 0.7231080717430347, 0.5689543391935675]",green,"{""accelerate"": true}",10.209502497413844,pure_ml,normal_driving
1765200914.869623,0.5309977823908779,0.6324912945842338,-48.39663045042236,4.2122686192425185,"[0.9619367655374353, 0.8624272433407276, 0.6133843087401781, 0.7662720025849461, 0.752597978377702, 0.9996760577935488, 0.7045019311526859]",red,"{""accelerate"": true}",-13.771735952760132,hybrid,traffic_violation
1765200915.869623,0.6430452833639875,0.7857460169190218,23.319832497801848,1.5400638907127848,"[0.0242754862598487, 0.028290662926409763, 0.1051144704623918, 0.16712849617985265, 0.2699211135763692, 0.2350293114827151, 0.6902878118841328]",red,"{""turn_right"": true}",-4.097112362002858,pure_ml,collision_avoidance
1765200916.869623,0.10795792852145647,0.4414273266171772,-55.37169138580073,3.447337877957643,"[0.9140273000336193, 0.43065480706316955, 0.42620694437303386, 0.5964557087448064, 0.857773243396702, 0.5310193019192241, 0.8718363227599355]",green,"{""turn_left"": true}",7.093406804468115,hybrid,normal_driving
1765200917.869623,0.330371613632621,0.3652873275750563,68.08793025505821,4.174056862284184,"[0.7115973262597926, 0.6254869139446643, 0.7561601806609032, 0.9866039699997728, 0.8542815596258907, 0.9685022979982222, 0.7967993834486943]",red,"{""accelerate"": true}",-15.911040740139285,pure_ml,traffic_violation
1765200918.869623,0.7856002631047198,0.3155798462140072,-43.129142292567614,2.8027465129970777,"[0.6908296525198796, 0.8553769388574353, 0.5775902217309448, 0.6585454421185462, 0.8995732902140726, 0.4708108664187593, 0.6858261752293237]",green,"{""accelerate"": true}",6.29577417873162,hybrid,normal_driving
1765200919.869623,0.1468180970083215,0.6617638120014564,-73.40263307871112,3.3841659406507656,"[0.5583951413871672, 0.9811928314813435, 0.6569453886649219, 0.9151320752878898, 0.7643050875646022, 0.8927538850590169, 0.7888465440843511]",green,"{""change_lane_left"": true}",10.015275329257861,pure_ml,normal_driving
1765200920.869623,0.8830783524961814,0.5472087144626834,98.56785376463264,3.434765701369879,"[0.671166318284652, 0.5762850680735874, 0.9814402441291857, 0.638968751001546, 0.7077527427303532, 0.5564448389597306, 0.7934466200621847]",green,"{""change_lane_left"": true}",5.942808338662944,hybrid,normal_driving
1765200921.869623,0.23661414850619372,0.7919077560797678,-156.98804131346415,0.143735715755257,"[0.18615416196078718, 0.027675541837607988, 0.15275093041109714, 0.1807820628995688, 0.2401039609412531, 0.37427776324843703, 0.6120555024057183]",green,"{""brake"": true}",1.2916820000856397,pure_ml,collision_avoidance
1765200922.869623,0.43935311597975024,0.6471796187007903,-170.24645064210623,4.08662766089417,"[0.7160803360750485, 0.883956396518859, 0.8745049334218714, 0.8019151127538352, 0.7960518574514429, 0.6191690878202092, 0.960128414514363]",red,"{""accelerate"": true}",-33.21704335990738,hybrid,traffic_violation
1765200923.869623,0.5883208930086387,0.5699073694021687,-165.67267195809188,0.58331251878313,"[0.10437907725676342, 0.03542878686864215, 0.092967033335775, 0.1820702439313744, 0.2643113132307986, 0.44108474170645007, 0.4983120330229626]",green,"{""brake"": true}",-8.52960964287189,pure_ml,collision_avoidance
1765200924.869623,0.2771086576561336,0.4744093979136453,-65.2496129979335,3.4820173182799588,"[0.4775862436796387, 0.8535580947834787, 0.5482997918948894, 0.4249377635097828, 0.5425534615102059, 0.6326154961908976, 0.8403206616217114]",green,"{""turn_left"": true}",9.301142459492976,hybrid,normal_driving
1765200925.869623,0.5521314142079916,0.5100778352754052,-148.16858804293992,0.8659890026634155,"[0.04814795954119211, 0.010601020442344344, 0.10921352256608557, 0.1220543802002442, 0.2060883253800426, 0.37947588490902356, 0.3336485231769862]",yellow,"{""brake"": true}",1.0403940160928293,pure_ml,collision_avoidance
1765200926.869623,0.26781459848110667,0.5468213942945341,-119.84645933156406,0.5606908379433023,"[0.035018058751778526, 0.1066690801672571, 0.010026658029743852, 0.14319612549901223, 0.2703199076742265, 0.23895071226793912, 0.42305466457948476]",yellow,"{""brake"": true}",1.2472363426277067,hybrid,collision_avoidance
1765200927.869623,0.6389394405725524,0.772938374220117,-152.26952760293182,1.1064796996701565,"[0.06817713874221476, 0.07147248163697897, 0.04516821747204574, 0.15448579492504563, 0.39024254209036935, 0.41318216934194457, 0.4596221481406009]",yellow,"{""turn_left"": true}",-3.577524135941456,pure_ml,collision_avoidance
1765200928.869623,0.14852142915509134,0.5378970736995885,45.591821931150584,4.552204063445298,"[0.9349618376344886, 0.7009361190509538, 0.7787391097713563, 0.9417168353046131, 0.8891135978424751, 0.715365386823778, 0.8006350424130066]",red,"{""accelerate"": true}",-30.37624461060904,hybrid,traffic_violation
1765200929.869623,0.829791918239481,0.2488147506457353,137.43190444958202,3.539238712706867,"[0.6894586827750524, 0.5515667364018795, 0.9170481989905365, 0.789632547802702, 0.5157094736755811, 0.913371414664018, 0.5430903551190447]",green,"{""accelerate"": true}",12.850429130766141,pure_ml,normal_driving
1765200930.869623,0.7962435276900492,0.4034741991045582,-63.31765121901102,4.815786167384011,"[0.9227837990732786, 0.9443109225805812, 0.7764621399700292, 0.925513550218247, 0.7211490502268616, 0.9397724212599717, 0.7837511248295453]",red,"{""accelerate"": true}",-5.646388601082506,hybrid,edge_case_speed_limit
1765200931.869623,0.2653963442390126,0.26621778713955985,-5.9828366850430506,4.940793394142838,"[0.7443334480773066, 0.9621893302631745, 0.8618979436955634, 0.9713499366008458, 0.832540318981402, 0.8764175610609758, 0.7155120660392983]",green,"{""accelerate"": true}",-7.832036890392774,pure_ml,edge_case_speed_limit
1765200932.869623,0.16041379889447624,0.7753460979500375,47.724958457661295,4.466241888696002,"[0.8810835677083491, 0.6489689890731472, 0.9398431806481669, 0.9732508004414245, 0.7138658873531497, 0.9658207338088789, 0.7401420189924917]",yellow,"{""turn_left"": true}",3.531440747268139,hybrid,traffic_violation
1765200933.869623,0.22832474700420446,0.7470824780615013,-30.519417234044287,0.9427509850097613,"[0.1491073954330584, 0.21152442167527605, 0.24101461516118905, 0.398609280648611, 0.28523888900570193, 0.588367203801349, 0.6954724902083429]",red,"{""accelerate"": false}",7.202914213257769,pure_ml,edge_case_extreme_weather
1765200934.869623,0.8358652747189567,0.4670385993396802,7.848247459652793,2.573094075660205,"[0.776395009228994, 0.6843555412895885, 0.5120496739121622, 0.9557256482306754, 0.49959082801255555, 0.5913091471951696, 0.5986639442745462]",yellow,"{""turn_left"": true}",5.840589498254939,hybrid,normal_driving
1765200935.869623,0.2523277081668443,0.22297855615206186,-153.0728894506304,4.028733065120146,"[0.9178778616841049, 0.7250303853514937, 0.8621773810346184, 0.8763209581320032, 0.7695960981923174, 0.620038485778175, 0.9250609828443112]",green,"{""accelerate"": true}",9.75793339196553,pure_ml,normal_driving
1765200936.869623,0.8311716671247735,0.4357191402842528,149.70479933054276,1.882821924058524,"[0.8595708570970972, 0.6203866196641169, 0.9047846907122845, 0.7677084843551629, 0.9762501198207628, 0.5331225023895001, 0.9183722536837492]",green,"{""brake"": true}",6.1524957884390465,hybrid,normal_driving
1765200937.869623,0.13794963162646826,0.28990645578958557,26.799206245676906,2.57724882069561,"[0.635883874406218, 0.87809975410938, 0.6661712238772697, 0.5958147246847282, 0.5319930317203785, 0.6629333397116023, 0.4081074829725069]",yellow,"{""turn_right"": true}",9.392276899196599,pure_ml,normal_driving
1765200938.869623,0.1585493156313323,0.39815384351150074,90.38351930838098,4.580770311893078,"[0.7263170498110285, 0.8805217238251488, 0.6756421116727934, 0.7235082303951713, 0.8219809586854707, 0.7115264723795286, 0.742168388297316]",red,"{""accelerate"": true}",-36.572583571012885,hybrid,traffic_violation
1765200939.869623,0.3432924509611509,0.20402917104510337,-161.0968676804801,1.8090128087186021,"[0.6350535812088025, 0.5839996996897061, 0.5330439354893789, 0.43424503269527776, 0.8773005563161609, 0.9611345817575537, 0.7456264852505996]",green,"{""brake"": true}",5.790568106979261,pure_ml,normal_driving
1765200940.869623,0.5825972834489547,0.3276584981809907,-44.95046372382501,2.2223898519548646,"[0.9882790405582293, 0.5458847622419469, 0.7621458547539848, 0.7236250795060135, 0.4820367315977501, 0.5819961102456338, 0.597482440709459]",green,"{""brake"": true}",7.23132711141785,hybrid,normal_driving
1765200941.869623,0.2312937707607146,0.49301773339937666,-165.62351426286392,2.3726518607368057,"[0.9662550181750091, 0.44099061709458265, 0.4857596621185844, 0.4887678441636582, 0.7555539316063996, 0.4336475841170726, 0.857258648779375]",green,"{""brake"": true}",5.872076241935497,pure_ml,normal_driving
1765200942.869623,0.14616792181603275,0.43465438282610097,-132.25751121600953,3.6059600044760587,"[0.5760237433296506, 0.8983224364794646, 0.7280093551980871, 0.8872350780464274, 0.6539455778833616, 0.6844117096097622, 0.9610388442340374]",green,"{""accelerate"": true}",11.955990226162479,hybrid,normal_driving
1765200943.869623,0.8759950282255592,0.4798615206285468,-41.91991866797622,2.082654485748456,"[0.4911343990716715, 0.8588029007536304, 0.9427466197057931, 0.8469580246505106, 0.8057217349303525, 0.8513438228885191, 0.6472708967227616]",green,"{""change_lane_right"": true}",11.8770134529994,pure_ml,normal_driving
1765200944.869623,0.7162614160884306,0.293062886292286,-108.15315529757724,2.8931816943860986,"[0.4673224483036816, 0.8992696407252883, 0.6756409791438878, 0.724410278349587, 0.5082192834022958, 0.8795354621037905, 0.9356214806667564]",green,"{""turn_left"": true}",4.935179220324349,hybrid,normal_driving
1765200945.869623,0.3433233842009098,0.488318868434872,-148.66446849432106,4.096087504624231,"[0.6287240748428669, 0.7436761858893042, 0.6064154213535076, 0.9120290186314782, 0.40712950643532136, 0.8583599371390069, 0.784183947553297]",yellow,"{""accelerate"": true}",6.230461603813998,pure_ml,normal_driving
1765200946.869623,0.23551232977551742,0.6493659150762194,-166.89939078547695,2.807017977817203,"[0.8633908702820134, 0.6202325511916568, 0.7040970605871677, 0.6726516218627409, 0.44952378073438765, 0.7124208329760455, 0.7883395387837193]",yellow,"{""change_lane_right"": true}",11.29432157950881,hybrid,normal_driving
1765200947.869623,0.26640349733712104,0.20109744140507857,-36.8911643335168,3.297143233730501,"[0.5266555406809194, 0.9695715314591811, 0.4504514690193876, 0.969872024107909, 0.7111156654789416, 0.9124126370333572, 0.7686739213927085]",green,"{""change_lane_right"": true}",5.503669255200878,pure_ml,normal_driving
1765200948.869623,0.6490225759579148,0.2759804858092409,101.76515277656422,2.6059436316072726,"[0.4364614091107869, 0.9831690927973304, 0.7258428199900158, 0.41185495719998627, 0.9453786420473927, 0.5729091968091619, 0.9166395303500817]",green,"{""accelerate"": true}",11.140920630719707,hybrid,normal_driving
1765200949.869623,0.3557094106891133,0.24550097137956772,126.8526620533351,1.0190153023660946,"[0.587665477280837, 0.8459615581326699, 0.6064054474548879, 0.5537940971443707, 0.6073153429227017, 0.959355929882224, 0.9964602108499332]",green,"{""brake"": true}",5.413176606082521,pure_ml,normal_driving
1765200950.869623,0.3685637044127884,0.3002330367152283,-156.04175631729507,4.086598856486005,"[0.6739427576467362, 0.9428194562118284, 0.8460446247565144, 0.9886485288883019, 0.8091265024615512, 0.8121227245845676, 0.9125202865874771]",red,"{""accelerate"": true}",-36.72221889571341,hybrid,traffic_violation
1765200951.869623,0.35585091162899196,0.23486601291358933,119.42478127330847,2.343148189638741,"[1.0, 1.0, 0.6137929751452269, 0.6623673803453392, 0.0, 0.4560970998403011, 1.0]",green,"{""brake"": true}",6.659312254623117,pure_ml,sensor_failure_stuck_sensor
1765200952.869623,0.14132726991573996,0.7875908294051459,11.96684141733949,0.9820255901166528,"[0.1, 0.1, 0.1, 0.1, 0.37338349289452205, 0.6097218031406437, 0.6264496870263692]",red,"{""turn_right"": true}",8.490194157281666,hybrid,edge_case_sensor_edge
1765200953.869623,0.8871995365719468,0.6383793825202584,23.693640388843807,2.309732116388241,"[0.46129607281896867, 0.826624381912511, 0.9375926593947311, 0.717512000522122, 0.6842784003325304, 0.7219502342532917, 0.7603409347085563]",green,"{""turn_left"": true}",7.9278820171484226,pure_ml,normal_driving
1765200954.869623,0.10247969456143116,0.2676631348579091,-48.49722465459989,4.454792706542911,"[0.8580868355321354, 0.983189611555089, 0.6086615741379677, 0.6488025001566282, 0.7762186500779938, 0.5176446099555108, 0.4764298850219122]",green,"{""accelerate"": true}",14.312877823924419,hybrid,normal_driving
1765200955.869623,0.4319564995294197,0.4865087897259099,-22.256237532539902,4.244207824353808,"[0.4321357544149995, 0.9692104012333752, 0.8357449898521684, 0.6336137431340625, 0.9960849463399731, 0.9428366951330087, 0.6080084697134435]",green,"{""accelerate"": true}",6.1301898018275836,pure_ml,normal_driving
1765200956.869623,0.3104164713176222,0.22801211581233546,29.074637823235047,4.354140685405742,"[0.7092768749900533, 0.9096655325885366, 0.907374134253082, 0.6667289913325121, 0.7667823129709586, 0.9094615910729461, 0.9392661901944687]",green,"{""accelerate"": true}",6.333235382392429,hybrid,normal_driving
1765200957.869623,0.6023474185806623,0.6436841480629041,94.47912373139587,4.678948055456278,"[0.7207038773277191, 0.7130716741877338, 0.837946091475291, 0.7535745712991554, 0.810850629147336, 0.9030531204346276, 0.9069783966504127]",red,"{""accelerate"": true}",-4.6633669974404395,pure_ml,edge_case_speed_limit
1765200958.869623,0.11104107826305283,0.7644296798529859,25.868025856680024,2.947777752156799,"[0.8149605894698972, 0.5411944343829586, 0.632717030875946, 0.47625884901915166, 0.6600734552751951, 0.510496725637809, 0.4127357277849742]",green,"{""accelerate"": true}",6.7553287385989105,hybrid,normal_driving
1765200959.869623,0.16448365104337884,0.25415370145506455,165.28410058075366,3.526601027787731,"[0.6086877562425437, 0.8960414815955906, 0.8315470612008109, 0.4559094429588626, 0.6126248130784471, 0.8580672849545437, 0.7540852315638245]",yellow,"{""change_lane_left"": true}",9.38694170716017,pure_ml,normal_driving
1765200960.869623,0.8047453538609319,0.502310832537245,-45.90401488725649,1.8511949930861318,"[0.43886171262572893, 0.7180474244445585, 0.4385129518496225, 0.6281573397391793, 0.6871678655008, 0.8322706918713452, 0.9391373016893945]",red,"{""turn_right"": true}",3.2030756792010227,hybrid,normal_driving
1765200961.869623,0.6451411519597271,0.2667878245093576,32.48265098373631,2.9593859157771174,"[0.6417587415870508, 0.8725870843779853, 0.6506724029188993, 0.8136225375203638, 0.5104092584485662, 0.8910819398452818, 0.6504315486362877]",green,"{""turn_right"": true}",7.0242873326719515,pure_ml,normal_driving
1765200962.869623,0.5519136404632988,0.6219320529217833,-42.037741772141786,2.2902561130268286,"[0.7023197558201751, 0.8444478217679581, 0.40439888765941534, 0.5680308613868827, 0.4117106936534812, 0.4476394638680586, 0.7342573178780935]",green,"{""accelerate"": true}",14.519998828834817,hybrid,normal_driving
1765200963.869623,0.7195711908203539,0.5667913678801059,-108.4823289963159,2.288878356309491,"[0.4708061312342936, 0.9754946061945747, 0.6142012664729142, 0.8392819279829735, 0.6027336743305896, 0.7909231517493336, 0.7952589140718684]",green,"{""turn_left"": true}",6.398096577794943,pure_ml,normal_driving
1765200964.869623,0.1932677660578911,0.29012576863285516,116.21300597799255,0.8168768145568233,"[0.10033995791049673, 0.14938162897709614, 0.08168530575438485, 0.19821325631668973, 0.1748468322418521, 0.5328612139409715, 0.5998633432717939]",red,"{""brake"": true}",-9.207246587280984,hybrid,collision_avoidance
1765200965.869623,0.3579083208726056,0.4236699638554875,153.1251420382766,2.431736828649214,"[0.8998063388965347, 0.7697597596700462, 0.43990766906836304, 0.49882663771014074, 0.9994845384556097, 0.6204455190443732, 0.9128209659952934]",green,"{""brake"": true}",3.7907746736913275,pure_ml,normal_driving
1765200966.869623,0.7226779345914239,0.47008589238672666,175.4415494884212,2.630294481943573,"[0.9967686495592468, 0.6101671664890378, 0.6473310631360236, 0.9625486602974694, 0.6792428756103973, 0.9506954675182554, 0.5915443077288289]",green,"{""change_lane_left"": true}",5.222793066306421,hybrid,normal_driving
1765200967.869623,0.6410196706549824,0.40228186568309166,30.241209692592765,0.9378455812108353,"[0.8500107659832481, 0.9379281846369952, 0.610763622847941, 0.539749146805876, 0.9615110132802017, 0.8781285330862638, 0.57925706594308]",green,"{""brake"": true}",5.46985452256023,pure_ml,normal_driving
1765200968.869623,0.45094812618335023,0.7612931203454867,-28.922403087031082,2.272538177589712,"[0.9625054683003692, 0.41740739293257867, 0.5529367090799988, 0.4960101469165324, 0.9159760212756259, 0.7155625540764519, 0.9604628083006477]",green,"{""accelerate"": true}",10.286493167658634,hybrid,normal_driving
1765200969.869623,0.8007372271491615,0.5276284400200629,-10.05459903712817,2.1733549782886197,"[0.5590685702373936, 0.7122745646339506, 0.9619432396766918, 0.5748042050053428, 0.8181521540158117, 0.5155240490692944, 0.7732998725452533]",green,"{""accelerate"": true}",14.92197418972457,pure_ml,normal_driving
1765200970.869623,0.15815119031875727,0.6460925250356776,174.71887744657462,4.042464487363469,"[0.8692640757547699, 0.9862830408378269, 0.7126520199672479, 0.6508938216403038, 0.6562511082198799, 0.7892443732079002, 0.648073561701268]",red,"{""accelerate"": true}",-38.060372772299615,hybrid,traffic_violation
1765200971.869623,0.7109385783815366,0.7377688700226293,-113.04183133906423,2.0387482093224722,"[0.9042324428669092, 0.9377585898400939, 0.9016199258117226, 0.49421222071877086, 0.5586211887376438, 0.9389629215945191, 0.7022427419119905]",green,"{""brake"": true}",7.348642944884575,pure_ml,normal_driving
1765200972.869623,0.1508141774732657,0.7452426974937787,-1.5523750035772725,1.8708944760045758,"[0.021242666498107222, 0.15133201481679912, 0.04217263850014759, 0.2618110010846354, 0.12807884414559068, 0.4075755415356227, 0.7308883830426083]",yellow,"{""turn_left"": true}",0.11527703049453741,hybrid,collision_avoidance
1765200973.869623,0.3037274372959642,0.5672083169760503,-82.74609094901892,4.628332565792075,"[0.7645320941290035, 0.7311048682557739, 0.9487524053528313, 0.8526997488178971, 0.7721053102332337, 0.8470212502571797, 0.7171188925415414]",green,"{""accelerate"": true}",-3.738537839419921,pure_ml,edge_case_speed_limit
1765200974.869623,0.7965140530165515,0.6123919628562604,-15.089512165371891,2.0158169487598885,"[0.9861552805478622, 0.8938317113728773, 0.4315779684741987, 0.5050999388005958, 0.8222633161981553, 0.8335013968143672, 0.9637887037338837]",yellow,"{""accelerate"": true}",10.203557654073183,hybrid,normal_driving
1765200975.869623,0.5911855162220864,0.5890546704107245,-34.93396789989621,3.236647508644433,"[0.4318838900505181, 0.44090766869389375, 0.711357229180535, 0.9153935281463528, 0.9324984398950874, 0.9045362103484396, 0.8161064361183502]",green,"{""accelerate"": true}",7.594086256126974,pure_ml,normal_driving
1765200976.869623,0.10146069442406445,0.3219271263470424,-113.8481622996307,4.561083725210234,"[0.7794117764742488, 0.9980107917845306, 0.7315863015334522, 0.9257694923608588, 0.6306754071418231, 0.6466343356571727, 0.969170864832781]",red,"{""accelerate"": true}",-16.195713760366537,hybrid,traffic_violation
1765200977.869623,0.23183254740574588,0.24802633290815496,-135.01237449824364,4.663064444889626,"[0.6973246859204282, 0.7959160267217666, 0.8394236670079482, 0.657774657839136, 0.9699444936160461, 0.901967117454182, 0.7782210839093759]",yellow,"{""accelerate"": true}",-39.75243377713502,pure_ml,traffic_violation
1765200978.869623,0.7069176013823965,0.5862743258378813,-110.63772731235497,2.4882050346013207,"[0.9682980136253642, 0.5215517105959007, 0.7847389752655667, 0.8318429298677085, 0.9669162774932827, 0.679926895119646, 0.6956052935087327]",green,"{""accelerate"": true}",10.872077573815272,hybrid,normal_driving
1765200979.869623,0.2738106255636299,0.24025618275227287,-50.033545996339924,2.9814677655825195,"[0.9821704179812857, 0.9691126855963491, 0.5219827558285728, 0.6101392434528867, 0.6518395102469454, 0.4524915442216224, 0.44145355613739123]",yellow,"{""accelerate"": true}",8.153131522893151,pure_ml,normal_driving
1765200980.869623,0.7626701613527461,0.5976414845435465,33.42919287455833,4.057116574787311,"[0.48814422271270297, 0.6071650161814884, 0.9761104258113346, 0.4489131677921292, 0.6200720787900913, 0.8440148799100673, 0.4490733405088182]",green,"{""accelerate"": true}",9.332538427261461,hybrid,normal_driving
1765200981.869623,0.7876834874410318,0.49882998502005005,-53.27175466714944,4.940486262958775,"[0.9392942199480965, 0.8594576418120657, 0.7845862290311734, 0.7213941033649055, 0.6935896062375134, 0.6375828667954982, 0.8688680658339728]",red,"{""accelerate"": true}",-25.67176754311069,pure_ml,traffic_violation
1765200982.869623,0.2754971344045403,0.7695174027635194,-134.63802000920722,3.016767320274728,"[0.6928882711797055, 0.8760755661231059, 0.5871674940146538, 0.9949991316472839, 0.8089989354195717, 0.8187825024012078, 0.5813391499017766]",green,"{""change_lane_left"": true}",5.9481263170614715,hybrid,normal_driving
1765200983.869623,0.8087980273574368,0.638241802355553,58.26922844572624,4.19950875878236,"[0.6732980002232699, 0.9144400785048247, 0.7863403482560583, 0.9734356507577413, 0.9738929526740177, 0.6588546343734522, 0.7753844020579227]",red,"{""accelerate"": true}",-46.70971233671967,pure_ml,traffic_violation
1765200984.869623,0.7221452089080853,0.24967725573073732,150.9251352945805,4.009697233309123,"[0.45070846459788627, 0.7648953639764648, 0.6551668245208977, 0.7527112893756636, 0.4503674986819876, 0.7649009761173937, 0.8644873222283925]",green,"{""accelerate"": true}",13.762860077510913,hybrid,normal_driving
1765200985.869623,0.6024638740882664,0.7493773808006312,-172.661499086957,2.127373782324428,"[0.8427930684962972, 0.834685665907513, 0.6425515117559003, 0.6343850265003635, 0.5357136509998182, 0.5007188245970735, 0.942093908113953]",yellow,"{""brake"": true}",2.8037212645685985,pure_ml,normal_driving
1765200986.869623,0.30898004195539874,0.5344219615749193,143.5538917740596,2.229480874562759,"[0.582952670683203, 0.49329317559745794, 0.7583627089100672, 0.6876245761284616, 0.6365476433238579, 0.5485859937226385, 0.9731260324130985]",red,"{""change_lane_left"": true}",4.351024033355125,hybrid,normal_driving
1765200987.869623,0.53304720597229,0.05,154.25224291237186,1.1177514901955405,"[0.24570669368161804, 0.568161424856621, 0.45017276477237456, 0.6927432470714197, 0.7809987686594743, 0.7994905328686621, 0.9435785785276845]",red,"{""turn_left"": true}",8.441128261765442,pure_ml,edge_case_road_boundary
1765200988.869623,0.5724280585936026,0.5203526986070954,-61.649238337494026,3.080844250374834,"[0.714711667212199, 0.8066385432412686, 0.7402435822030254, 0.8281119371627714, 0.6106995669962683, 0.8956278683945857, 0.8389721564619765]",red,"{""turn_left"": true}",-18.24955431189435,hybrid,traffic_violation
1765200989.869623,0.6716893026026126,0.7206136396315019,-16.19319443916011,0.9164517850772382,"[0.8, 0.0, 0.8, 0.5928970057472571, 0.6554639122419721, 0.44119406675560946, 0.6422443153190289]",yellow,"{""turn_left"": true}",-5.52905083524279,pure_ml,sensor_failure_partial_failure
1765200990.869623,0.6511363407905987,0.7903615881393542,32.0420302467247,4.733685843312298,"[0.6658344617653765, 0.8959069241877842, 0.6477816995302386, 0.8021401487472881, 0.8127792702741187, 0.7187896066771635, 0.9235133994140768]",red,"{""accelerate"": true}",-39.785146282622904,hybrid,traffic_violation
1765200991.869623,0.6330075065148673,0.28031821482396146,-128.0323852105643,2.4413451934268884,"[0.9880050921258531, 0.7351299615559019, 0.5176782969607951, 0.40205191257694195, 0.5815836157556048, 0.49415641409919153, 0.44129387273508863]",green,"{""accelerate"": true}",12.674356300365842,pure_ml,normal_driving
1765200992.869623,0.29902115394247253,0.3277728735202925,-157.67369012182058,4.977357832684925,"[0.9729155616961109, 0.6497047044122511, 0.6692701502636851, 0.6922768789478331, 0.6405468739786676, 0.6828399018674466, 0.9048980157882998]",red,"{""accelerate"": true}",-18.832238423182147,hybrid,traffic_violation
1765200993.869623,0.7023094092262985,0.43598141471590984,2.5297038281367676,2.086335256599842,"[0.4879297799375193, 0.9620563242580952, 0.6755524019681134, 0.62088514334216, 0.8445314705274767, 0.4220545107950178, 0.8454310121883479]",green,"{""brake"": true}",4.414491908894455,pure_ml,normal_driving
1765200994.869623,0.43498220261440135,0.6148710060836319,-92.92267298114248,2.6128195172859305,"[0.5217277357993382, 0.7455636676979387, 0.5374372871094791, 0.6711081923032887, 0.8579814247304504, 0.48202565851826945, 0.5579707468609659]",green,"{""accelerate"": true}",14.216612107225753,hybrid,normal_driving
1765200995.869623,0.3109278294639719,0.5564243585160119,15.675456518717409,1.9754526678864361,"[0.6247023537317415, 0.8304765158193754, 0.9746715331002792, 0.5581394055141436, 0.8068133097906998, 0.7550071017599904, 0.6316834366436034]",green,"{""change_lane_left"": true}",10.79743618251646,pure_ml,normal_driving
1765200996.869623,0.6998428099415628,0.6272871515802135,74.86373841119506,3.1049488926587396,"[0.9641910090552707, 0.6149891017186075, 0.4258066335185652, 0.6378849857685247, 0.7705405709914889, 0.8674322067645679, 0.41270440584966844]",red,"{""accelerate"": true}",13.740183862355364,hybrid,normal_driving
1765200997.869623,0.28494461939887905,0.7826076542775315,-25.951789792031942,2.747492200335935,"[0.8839555589747371, 0.6277267042754315, 0.4671100862616957, 0.5904717872137404, 0.5948271742936866, 0.7375717691621149, 0.936618507312324]",green,"{""turn_right"": true}",3.0749956197244215,pure_ml,normal_driving
1765200998.869623,0.4865345077996709,0.7949643993306115,-10.636071493210256,2.588248560114378,"[0.6765607663905607, 0.8413598022392927, 0.9838984213782369, 0.6485536113688611, 0.5943120418652303, 0.5459840905214179, 0.8528858439028897]",green,"{""turn_left"": true}",5.152416499333791,hybrid,normal_driving
1765200999.869623,0.13639163246780495,0.21670790378755328,-35.999099156456026,2.2497875246440135,"[0.6442181906675198, 0.9603030922158943, 0.8809783584063802, 0.7616955383123953, 0.8691748822452845, 0.6087774021561794, 0.8599793586726034]",green,"{""accelerate"": true}",10.227214248877438,pure_ml,normal_driving
1765201000.869623,0.5206076355490316,0.2568163581116836,-62.90970271439646,1.0359296196837726,"[0.1752082195964205, 0.06983126522151893, 0.07940491961659829, 0.22092838082369476, 0.1666972151871512, 0.3994283173814469, 0.47517367834661767]",green,"{""turn_right"": true}",8.450673235205489,hybrid,collision_avoidance
1765201001.869623,0.264900305588722,0.48669049382287183,7.808831835765643,1.4576864214467502,"[1.0, 0.1, 0.1, 1.0, 0.40922331383766775, 0.5914337190519638, 0.3025894295252556]",yellow,"{""turn_right"": true}",0.9611923783843785,pure_ml,edge_case_sensor_edge
1765201002.869623,0.7355296522009831,0.5191206748705646,-161.64751996181968,2.5659067825530975,"[0.6483118555411346, 0.6340795699671276, 0.7120904516966267, 0.6476082501795906, 0.5033581756409503, 0.9140289416731339, 0.7439734688656054]",yellow,"{""change_lane_left"": true}",9.295105832871648,hybrid,normal_driving
1765201003.869623,0.41764626069955113,0.5371521741740493,-149.37552533547796,1.2020806206471477,"[0.009629291826910635, 0.19325945943100745, 0.12803640916334852, 0.22896033089958587, 0.14706784332910006, 0.5704937919398192, 0.6697299278571965]",red,"{""turn_right"": true}",5.187065822002445,pure_ml,collision_avoidance
1765201004.869623,0.2040799494879969,0.4090868560001144,-15.077582233806163,2.153765282870893,"[0.8642584963280657, 0.7651524393923256, 0.7901838116714728, 0.7821404480738936, 0.8558971951482277, 0.4925988089143013, 0.7445848942561122]",green,"{""accelerate"": true}",13.85470096615326,hybrid,normal_driving
1765201005.869623,0.3427391109109176,0.32994261231545746,-71.53127978778451,0.6434003478647643,"[0.04488203075101245, 0.18359805053574774, 0.1251698312100076, 0.2694577781383469, 0.1031616161488152, 0.3939808572383142, 0.44571940892562895]",red,"{""brake"": true}",-0.3974507015025104,pure_ml,collision_avoidance
1765201006.869623,0.8890487372018795,0.22618973509961104,-74.07505834943083,0.5464380993571484,"[0.00874570446123546, 0.03893422020683464, 0.050531515219571624, 0.1615499776467813, 0.2186751993372466, 0.5578678096745716, 0.6715195949482903]",yellow,"{""brake"": true}",0.7927788880794715,hybrid,collision_avoidance
1765201007.869623,0.7732973962838909,0.7257397551039666,69.97336673890419,2.3482801682225882,"[0.9390576925175228, 0.9232050612930174, 0.7167085571981062, 0.8428300533533157, 0.6625890331439748, 0.987686650609293, 0.9058081127081871]",green,"{""change_lane_right"": true}",6.827169325035068,pure_ml,normal_driving
1765201008.869623,0.18496846496135327,0.7238675423396304,67.88278716192316,4.984393315116928,"[0.7998760659924691, 0.7668533029961923, 0.8309928417799757, 0.8262135268721302, 0.9131141616641184, 0.9872475348851248, 0.8015956179509783]",red,"{""accelerate"": true}",-8.677612848075157,hybrid,edge_case_speed_limit
1765201009.869623,0.11695067826249561,0.46314477837585427,166.00032293676657,1.6311311446229042,"[0.8870127430193919, 0.24483825846726026, 0.9762501081803496, 0.14986578499610415, 0.39188979272290947, 0.42906247988013646, 0.7117827557522807]",red,"{""brake"": true}",1.305664125836671,pure_ml,sensor_failure_noisy_sensor
1765201010.869623,0.3107166895458999,0.5534544431906412,31.260495768807615,3.5010134635500654,"[0.7744850102852695, 0.9875175061566142, 0.9694330375629402, 0.9768701737539247, 0.9922815443266232, 0.6121111719967683, 0.6447788170570442]",red,"{""turn_left"": true}",-0.7363969704298121,hybrid,traffic_violation
1765201011.869623,0.14930270590504327,0.38040023328170947,95.02139252081884,4.9457809120224665,"[0.8072082655008532, 0.8659040632733487, 0.7101901192295951, 0.995581092817651, 0.7142043697057133, 0.8186251930290023, 0.9654098920405181]",red,"{""accelerate"": true}",-3.089885635306734,pure_ml,edge_case_speed_limit
1765201012.869623,0.5055072081557516,0.34772681558389507,25.75389795388765,2.4457547853147923,"[0.9978137595334448, 0.41995304760242935, 0.5257253063485341, 0.5426674696621732, 0.4312096819856376, 0.5235703404074357, 0.968596801611309]",green,"{""brake"": true}",7.7417673297714575,hybrid,normal_driving
1765201013.869623,0.5806659699831443,0.5887110852268586,116.27952020718945,1.4679145088904015,"[0.13196239603668278, 0.10085566836626546, 0.15487107298130517, 0.2726840755766428, 0.10451661253865395, 0.47818291793537077, 0.3358871936565498]",red,"{""turn_left"": true}",6.831909092729232,pure_ml,collision_avoidance
1765201014.869623,0.4484288504339321,0.4268156890797878,-156.940066181424,2.8788637388823357,"[0.9209824247423117, 0.4102516683582904, 0.888660597860421, 0.5682259947267576, 0.9262586615094748, 0.8210876249929464, 0.4201425638814824]",green,"{""accelerate"": true}",11.38227727365571,hybrid,normal_driving
1765201015.869623,0.6895621947923006,0.4108506574837494,153.5238464530853,2.2707961951241367,"[0.9312347320165144, 0.7180205018315857, 0.8435275989109445, 0.47565574483039014, 0.607047837176981, 0.9925760318986377, 0.5606413829528716]",yellow,"{""accelerate"": true}",10.13268234800547,pure_ml,normal_driving
1765201016.869623,0.7854537487486907,0.5765382141352889,42.62251069692243,0.8951511383056399,"[1.0, 0.1, 0.1, 1.0, 0.36723253801611844, 0.5814428138331555, 0.4225718085832445]",green,"{""turn_right"": true}",-0.1285255856783485,hybrid,edge_case_sensor_edge
1765201017.869623,0.38794913890863714,0.46359398635495674,-169.01323845131864,4.159314490445156,"[0.7280458434033563, 0.9635532327336526, 0.6394867576176385, 0.9393756885419309, 0.6807936567345566, 0.9039307993669593, 0.6678150829836245]",red,"{""turn_right"": true}",-17.54968623930899,pure_ml,traffic_violation
1765201018.869623,0.8294478001796717,0.6105290081747763,-20.791348561918245,1.2796819377727846,"[0.1993335762567549, 0.1501601151773397, 0.17938120500042332, 0.2499964988011125, 0.4668627625381096, 0.5355653849450472, 0.6899014420678033]",green,"{""accelerate"": false}",0.7837869919110929,hybrid,edge_case_extreme_weather
1765201019.869623,0.6988148012384399,0.6573716160982244,133.37606907519026,2.555713411308956,"[0.9616638447928366, 0.9542841187691214, 0.5105601463956162, 0.9200284242771228, 0.8335052855248345, 0.7185235018505887, 0.48349324244462244]",green,"{""accelerate"": true}",5.4324294753142235,pure_ml,normal_driving
1765201020.869623,0.2423083411663406,0.5337796824235088,131.93092443160683,1.7647585676812458,"[0.5349749865053041, 0.43495751736451843, 0.7793231546292594, 0.4657016956522814, 0.9140537890253332, 0.538796119146014, 0.8417662257605079]",green,"{""brake"": true}",7.090952881875696,hybrid,normal_driving
1765201021.869623,0.7412442218534443,0.47496321689924176,-41.624959940266216,4.756800793001301,"[0.9870948877642085, 0.923444623688305, 0.8586479793572152, 0.7727909384788438, 0.6961243878452815, 0.9895815533478212, 0.8253337611282899]",yellow,"{""accelerate"": true}",-40.847541301417905,pure_ml,traffic_violation
1765201022.869623,0.7901240403665354,0.34001737152272093,52.75315005417355,4.401032918471126,"[0.9686625837534244, 0.815747221058909, 0.7372368056562066, 0.8459698309105219, 0.7694440097405916, 0.804901946394745, 0.8159088329120315]",red,"{""accelerate"": true}",-47.7383775104842,hybrid,traffic_violation
1765201023.869623,0.341258494018817,0.6468194445114125,152.47547703905042,0.8068720252532142,"[0.0, 0.8, 0.0, 0.6559913275400577, 0.7844413566214286, 0.6508535488078375, 0.6058229394467537]",red,"{""turn_left"": true}",-3.9345580905127893,pure_ml,sensor_failure_partial_failure
1765201024.869623,0.14515300528197211,0.5387103871596284,-3.2371941676760856,3.5533466672078746,"[0.9652215658593328, 0.5507920653469129, 0.777077691700226, 0.5744740503728916, 0.6214458537998101, 0.531670470495397, 0.7073705258101735]",green,"{""accelerate"": true}",13.926102210614333,hybrid,normal_driving
1765201025.869623,0.4475549620599111,0.7369252301971503,-113.46411763432383,2.7002212619189585,"[0.6860502575202259, 0.5463174270375152, 0.9250541913758671, 0.9694377559222369, 0.9750450963772084, 0.4829108627419829, 0.6658505433580852]",yellow,"{""accelerate"": true}",12.264083800093882,pure_ml,normal_driving
1765201026.869623,0.18175682075875965,0.7642101386397109,-152.8606965182316,1.9972426618971066,"[0.1, 0.1, 0.1, 0.1, 0.6754664600270519, 0.4184137809685643, 0.41582517794475593]",yellow,"{""brake"": true}",2.445245721267038,hybrid,edge_case_sensor_edge
1765201027.869623,0.5058860669442752,0.41848477761268676,50.323326087312466,2.6305548815519235,"[0.6603105314798217, 0.8746766065863203, 0.6142947966697666, 0.8667346968366372, 0.9673750332156046, 0.6416585931149612, 0.7106335317664766]",green,"{""turn_right"": true}",9.116512169908788,pure_ml,normal_driving
1765201028.869623,0.6623805173809778,0.531870882450554,-58.65034278735089,3.4189896268816344,"[0.6015383714219952, 0.6713271729089907, 0.42862681665573693, 0.7770219230435251, 0.7586092667955628, 0.9448085212502954, 0.7091016975089595]",green,"{""accelerate"": true}",9.10119195824014,hybrid,normal_driving
1765201029.869623,0.640567261668129,0.2773392207463887,122.78847515043677,2.046520488628671,"[0.9729000139327504, 0.5549989213851221, 0.7540751266294892, 0.43216970607512656, 0.7110667835918885, 0.4221084692559119, 0.6585022933232931]",green,"{""change_lane_right"": true}",9.289209757110108,pure_ml,normal_driving
1765201030.869623,0.4748406677260981,0.5267470443276632,52.233768255603024,4.22829540589183,"[0.8669729214874272, 0.8970147662532559, 0.9241024537671714, 0.6964122396485489, 0.9172710160989261, 0.6313821382726509, 0.9691621129388702]",green,"{""turn_left"": true}",-13.782926711899997,hybrid,traffic_violation
1765201031.869623,0.26688304566974286,0.603400074545184,-2.2401788228271027,3.6832934444197623,"[0.9962112873605179, 0.8892913728776913, 0.807066175265332, 0.49561278821131033, 0.40715945554557664, 0.9117380732048735, 0.4560970298999678]",green,"{""accelerate"": true}",8.750760042210619,pure_ml,normal_driving
1765201032.869623,0.3221668659978917,0.37783097152005723,-68.53201529805074,2.1011003563447455,"[0.5195110210181612, 0.9566291912333389, 0.7385885496973911, 0.571752986708634, 0.8401354702528525, 0.677469200984645, 0.6321618268341151]",green,"{""accelerate"": true}",8.39715794335584,hybrid,normal_driving
1765201033.869623,0.1631355144042236,0.5782877003992646,62.95752709391451,4.610580377199393,"[0.8633095205258545, 0.771175575725254, 0.6469677822886059, 0.8482031106201435, 0.7847009208061047, 0.6784766486943429, 0.928337627489962]",green,"{""accelerate"": true}",-31.448380189715387,pure_ml,traffic_violation
1765201034.869623,0.516973577859425,0.21872747482734084,-145.28324374129355,2.041889341558713,"[0.5329734701258564, 0.9673725111677739, 0.5006276980601725, 0.959268942283332, 0.5278877364676091, 0.8885396630719705, 0.9520050176792232]",green,"{""accelerate"": true}",10.153369904794694,hybrid,normal_driving
1765201035.869623,0.40879009377087616,0.7693931176018103,-60.27189874438991,3.162475477886283,"[0.530872750085625, 0.6284171594350632, 0.8048253272833458, 0.7517949408742833, 0.6946443166063035, 0.6657618269531262, 0.562917446116578]",green,"{""turn_left"": true}",3.106154197733912,pure_ml,normal_driving
1765201036.869623,0.8910603559206239,0.754252008408407,9.753169534994656,4.9323038149263185,"[0.8496351985640933, 0.8037168826197889, 0.8578803330637144, 0.8254583085274692, 0.8282542611724641, 0.9932317316905536, 0.6914532576925716]",red,"{""accelerate"": true}",-35.17083663014328,hybrid,traffic_violation
1765201037.869623,0.37529125284058185,0.33152305040885277,-135.10221374629373,4.338061641462067,"[0.6914468124607105, 0.5665986652957594, 0.8047688846591157, 0.6903041597991899, 0.6118253662929164, 0.44104289410497305, 0.666978108950308]",yellow,"{""accelerate"": true}",11.714740444984805,pure_ml,normal_driving
1765201038.869623,0.30914668612337237,0.2161717588125882,146.69793884543412,2.4289779596358807,"[0.9251185836698151, 0.9319452372031267, 0.5023950400842706, 0.531816964840893, 0.9836291430360296, 0.44596011441005723, 0.7353346422298952]",green,"{""turn_left"": true}",4.025959781092297,hybrid,normal_driving
1765201039.869623,0.16076708739270842,0.6787159601154408,-34.69358706061698,4.436149256356237,"[0.7210243947188743, 0.9062615679798233, 0.6949449931941895, 0.746596474419686, 0.8437234091927606, 0.785249799535377, 0.9156054251017751]",red,"{""accelerate"": true}",-23.152042038697097,pure_ml,traffic_violation
1765201040.869623,0.7188226633778295,0.6493598791123893,116.65116550020677,1.4464765592640432,"[0.7478498966703464, 0.3979683940187795, 0.2898925668376411, 0.6973843171677684, 0.9644202073148668, 0.6329214398684406, 0.5362794659984266]",green,"{""brake"": true}",3.894480714895092,hybrid,sensor_failure_noisy_sensor
1765201041.869623,0.8488176042108172,0.2232123273180893,150.13858598513784,3.395854244312533,"[0.8336562032792065, 0.4609337626814632, 0.4854352884315792, 0.6685265482110156, 0.7915838652345525, 0.4203084715151751, 0.6189741179440423]",green,"{""change_lane_left"": true}",6.190870227998081,pure_ml,normal_driving
1765201042.869623,0.5227008501768221,0.25243716344891814,88.52270957296743,3.238798368285188,"[0.9204815393564076, 0.4300580336904846, 0.43151814089796864, 0.6080971248169892, 0.5328833815979632, 0.5266130600588921, 0.900024390843392]",yellow,"{""turn_left"": true}",6.125400779836843,hybrid,normal_driving
1765201043.869623,0.49825298161242715,0.7174444178634152,39.241175153014495,1.2967133861887281,"[0.1, 1.0, 1.0, 0.1, 0.4981104858381833, 0.42602264042548466, 0.557358300838911]",green,"{""brake"": true}",2.5417079518008876,pure_ml,edge_case_sensor_edge
1765201044.869623,0.6095626874017606,0.4248141252979564,167.86039495672756,4.428522000410935,"[0.6452041437431595, 0.806192192615468, 0.7045132399970427, 0.7044340712634486, 0.8050739384974323, 0.6640636522813592, 0.6105931960719946]",red,"{""accelerate"": true}",-11.86676863788636,hybrid,traffic_violation
1765201045.869623,0.5668698931299274,0.4158969096533825,171.5267536607136,2.7247849122097647,"[0.635162803589906, 0.44504521855705215, 0.922538128017308, 0.8067263713552963, 0.9629844527962578, 0.4997343081003254, 0.5592811330876872]",green,"{""accelerate"": true}",10.332522398133984,pure_ml,normal_driving
1765201046.869623,0.19754307831729206,0.743267105045099,146.24089773248895,2.7113924242000227,"[0.8574726537639291, 0.9040985673171376, 0.8986335524299653, 0.8044584488090829, 0.8731488050281088, 0.9878966117261806, 0.7767097018166962]",green,"{""turn_left"": true}",5.935343981906486,hybrid,normal_driving
1765201047.869623,0.6669482477014065,0.6875164880517759,129.19682918107125,1.649793433990138,"[0.6549674931995604, 0.4259597658208747, 0.9936069275016349, 0.6947685914856463, 0.6588027581185014, 0.7243185352177033, 0.7132260471065459]",yellow,"{""brake"": true}",7.523670198399492,pure_ml,normal_driving
1765201048.869623,0.37045970023569275,0.6982768428951927,-129.4382261772556,1.2955543305263337,"[0.04372419234146272, 0.07374958794047885, 0.13413748178277604, 0.13749941990142017, 0.21193259210381082, 0.4928084519471437, 0.7146245712751476]",red,"{""turn_left"": true}",8.891912159621441,hybrid,collision_avoidance
1765201049.869623,0.41859898333688317,0.6751091417646389,139.27594051727186,2.027758921247001,"[1.0, 0.0, 0.4285336162176962, 0.3110047906014223, 1.0, 0.6382863290689983, 1.0]",green,"{""brake"": true}",8.121451869445977,pure_ml,sensor_failure_stuck_sensor
1765201050.869623,0.6129991925245127,0.7654450450316472,-25.419019810825457,0.5590590681311307,"[0.24914166362541543, 0.23439610785032497, 0.2714023928283511, 0.3899422772783041, 0.45948294806633394, 0.5343455153562455, 0.46026827897096184]",red,"{""brake"": true}",5.10581254371222,hybrid,edge_case_extreme_weather
1765201051.869623,0.6225874178086445,0.7461941073244078,28.28342495173747,3.2193456499417485,"[0.6933278378631423, 0.998368079835128, 0.7009380424173302, 0.6635306807862882, 0.8414219994868577, 0.9251751677190133, 0.6203913367528225]",red,"{""turn_left"": true}",-6.625444814869754,pure_ml,traffic_violation
1765201052.869623,0.3021354703359421,0.4626456576503232,125.52340738162167,4.135990840521719,"[0.7287203551633598, 0.8481445247017043, 0.6079277077634703, 0.8025075106279411, 0.6418760975664846, 0.9860207284193552, 0.8035313513994266]",green,"{""accelerate"": true}",-48.17268898656434,hybrid,traffic_violation
1765201053.869623,0.13182116818469947,0.5087015112767828,141.15471897736865,2.1392270785260576,"[0.1, 1.0, 1.0, 0.1, 0.5694558827106245, 0.5703268448931715, 0.3953014849827138]",green,"{""brake"": true}",4.100069232288467,pure_ml,edge_case_sensor_edge
1765201054.869623,0.33477739079798574,0.29945801514499143,3.4032419353831154,1.7534800615663324,"[0.8760644119756102, 0.5008658621344197, 0.6644892361163339, 0.594080768292771, 0.7889677048465551, 0.7940565944743208, 0.5702149398716169]",green,"{""brake"": true}",4.436543126124475,hybrid,normal_driving
1765201055.869623,0.8225559152335705,0.29763588649088973,123.76268401078116,0.25969511716002813,"[0.17113493140862834, 0.24241483636613767, 0.24181208656276398, 0.37623300049758157, 0.36654783387706563, 0.5125836430905555, 0.4152707880091125]",green,"{""brake"": true}",-1.1899932677322056,pure_ml,edge_case_extreme_weather
1765201056.869623,0.455808295528769,0.7116828073920196,47.14680411308981,1.8659337056088157,"[0.6613713613181571, 0.5004894574991874, 0.7661441773106175, 0.9156318512890708, 0.8017724544541753, 0.6833426001069409, 0.8091234734897247]",yellow,"{""turn_right"": true}",8.719091128716752,hybrid,normal_driving
1765201057.869623,0.8640014419869745,0.48701599219699737,-16.462431479870986,2.7062297871445153,"[0.8539120917396199, 0.5447887680656265, 0.8641100961385062, 0.7786402821158276, 0.9882274492555094, 0.5082498533361188, 0.9724579681487201]",green,"{""change_lane_left"": true}",4.1695197650443685,pure_ml,normal_driving
1765201058.869623,0.6122462567471854,0.21640026385270042,25.47615768647527,0.5398645289573618,"[0.059690330426936944, 0.09269859843378209, 0.056346586036861296, 0.24287914074338515, 0.3005344581468583, 0.3003191578776127, 0.3138564425340256]",green,"{""brake"": true}",-8.191381327213042,hybrid,collision_avoidance
1765201059.869623,0.16498064427139447,0.05,50.431470704354425,1.4008013572393534,"[0.17872110805096422, 0.43930303136153537, 0.43097991394078256, 0.49385983996768973, 0.7618666254456294, 0.9875441631785582, 0.7531351175492094]",green,"{""brake"": true}",5.554289642776295,pure_ml,edge_case_road_boundary
1765201060.869623,0.4166973313888904,0.30300067532887354,48.98478691889029,0.18312123019455817,"[0.15775874898037678, 0.06979695047447441, 0.004863245172473496, 0.24049928737199472, 0.3635558267828377, 0.4971389565288425, 0.40404601001097684]",red,"{""brake"": true}",2.356823913812038,hybrid,collision_avoidance
1765201061.869623,0.5434399188848785,0.2799772149020925,23.584202516477767,3.15088946420758,"[0.48470589061509994, 0.8039401332608271, 0.6685507471893782, 0.9397752808277907, 0.7608546603169277, 0.8748370527520051, 0.985256478148248]",yellow,"{""accelerate"": true}",10.184926239754702,pure_ml,normal_driving
1765201062.869623,0.5428858524681445,0.05,22.09758867368871,1.6186841574422617,"[0.34689692461215316, 0.49852937202226405, 0.508197626812166, 0.5471333009495256, 0.5853317308541526, 0.7907324546352879, 0.7739146505440664]",red,"{""turn_right"": true}",-1.7344656404315817,hybrid,edge_case_road_boundary
1765201063.869623,0.8139446370910779,0.6843811921626464,-34.6263381758902,3.206089388699815,"[0.6727570725470939, 0.867010848331848, 0.9238482444230484, 0.7978567290653995, 0.594611251584201, 0.712153048952636, 0.5417746291774237]",yellow,"{""accelerate"": true}",12.23596400545179,pure_ml,normal_driving
1765201064.869623,0.5001819930100208,0.44699392100695023,159.02902047831316,3.7714639091802833,"[0.4696347304928843, 0.6137903112565615, 0.6630329265684489, 0.8156349537606067, 0.6247241521404276, 0.8951893269375423, 0.9886828837090605]",yellow,"{""accelerate"": true}",14.645507410819995,hybrid,normal_driving
1765201065.869623,0.4630380746181323,0.6865664314500866,-146.99667471772983,2.0398497530227306,"[0.5896730621994839, 0.48009522840608193, 0.7090423678440676, 0.4092196214759879, 0.5123470753903338, 0.6489540434822562, 0.880056571860328]",green,"{""turn_left"": true}",8.686794025187378,pure_ml,normal_driving
1765201066.869623,0.33909593407042593,0.246596123824753,74.1175555122814,4.058602510339409,"[0.5103148348597257, 0.9541627585878105, 0.6546081481985796, 0.5668032635843396, 0.5172475577917224, 0.8609612988875206, 0.7958527768779244]",yellow,"{""accelerate"": true}",13.68228357722235,hybrid,normal_driving
1765201067.869623,0.4093289971507438,0.43635404872070954,-35.48190148779857,4.746077945052612,"[0.7340026334432209, 0.9291873837131617, 0.9303020091908066, 0.8492145026811959, 0.9978042522281372, 0.899510126101779, 0.7324084464798954]",red,"{""accelerate"": true}",-11.404610978796605,pure_ml,edge_case_speed_limit
1765201068.869623,0.8669735552139658,0.5331305120330656,-115.2832166108407,4.238561456382328,"[0.7350126311798442, 0.7067467289551677, 0.4168332173886336, 0.6806377869258848, 0.7598280951102663, 0.6048620042527247, 0.49556039142826797]",green,"{""accelerate"": true}",10.647407812297367,hybrid,normal_driving
1765201069.869623,0.3081931251472242,0.7542012627394332,154.36090337000962,1.2441967184047928,"[0.7301668213287037, 0.6908671939150426, 0.7000828731067008, 0.8630152185068733, 0.7067516213472923, 0.689353357352128, 0.5547084424728215]",green,"{""brake"": true}",3.931367947501993,pure_ml,normal_driving
1765201070.869623,0.34816931853084143,0.3326168547692776,-136.8309018031275,4.4066345694361875,"[0.5232766712387219, 0.7676844208515698, 0.412808987828281, 0.7953105190745509, 0.4282847128477488, 0.47562439906003895, 0.5131151919035115]",green,"{""accelerate"": true}",5.485680695800033,hybrid,normal_driving
1765201071.869623,0.47847257261101184,0.5937862848656668,-38.65568599001097,2.492096732347207,"[0.467019007989822, 0.5026092115872165, 0.8166362219895913, 0.6393045743950552, 0.8472915179330098, 0.8718632909766595, 0.7987370348407605]",yellow,"{""brake"": true}",3.1902162045900004,pure_ml,normal_driving
1765201072.869623,0.22246373803264596,0.5723995363495965,24.333525030280303,1.9261270408358153,"[0.11151500321332067, 0.19550609980931688, 0.11260744867662974, 0.23077465564425417, 0.35958290679832305, 0.3483899004870936, 0.626336078089018]",yellow,"{""turn_left"": true}",-3.0527487252108636,hybrid,collision_avoidance
1765201073.869623,0.3138660123246202,0.5739287987867415,-94.97957031516069,3.1080665633263047,"[0.5792615811931549, 0.7228317827052331, 0.9741165540463118, 0.6725112116970735, 0.6380843675694583, 0.6372982534315063, 0.400345584022958]",red,"{""accelerate"": true}",12.042799082045496,pure_ml,normal_driving
1765201074.869623,0.15978679582897098,0.3333190056361859,-3.056317717059935,3.379963645901443,"[0.6807698639560658, 0.47988867747087127, 0.5634276342201173, 0.49373423607089684, 0.6278929222723358, 0.5101126550477508, 0.9977461847049295]",green,"{""change_lane_right"": true}",6.8745102589761204,hybrid,normal_driving
1765201075.869623,0.5059928029102854,0.48091762785914044,-2.082023485483667,1.1159719364600902,"[0.509454538032709, 0.9231107323907997, 0.7094238597738451, 0.5946220352652618, 0.6456522954009107, 0.44942451538607336, 0.7325994624878145]",green,"{""brake"": true}",4.190033849103962,pure_ml,normal_driving
1765201076.869623,0.11455970857910298,0.5491916689613372,90.34541832825998,4.362761396057954,"[0.6194354075865588, 0.9119728083095048, 0.8358510702791785, 0.6481694773976189, 0.9465649433591861, 0.7988746718432298, 0.6433018312569424]",red,"{""turn_left"": true}",-13.310561345606054,hybrid,traffic_violation
1765201077.869623,0.4441475436772475,0.7603602316459608,158.28603259779004,1.7373880613785837,"[0.010638396526440342, 0.04535239693190061, 0.1976427963674061, 0.1566687414317793, 0.2724761086657316, 0.3881838308177217, 0.33492327143745726]",red,"{""turn_right"": true}",8.266019198342295,pure_ml,collision_avoidance
1765201078.869623,0.7505192408072692,0.44897390382246394,-58.64415131904921,3.0102434252204047,"[0.5295357188645979, 0.973326603127629, 0.5844471811883353, 0.4337114395792264, 0.7070424707788927, 0.6064723461593546, 0.7130701525368015]",green,"{""accelerate"": true}",5.565671449088699,hybrid,normal_driving
1765201079.869623,0.1656469129405732,0.3331918181021175,146.65744394577703,2.4099666106831665,"[0.48167006064812745, 0.4756267039031257, 0.6244789694712747, 0.7051658197842272, 0.8516706291703995, 0.42821611279680305, 0.7732092339979065]",yellow,"{""brake"": true}",2.7005990543968403,pure_ml,normal_driving
1765201080.869623,0.7623551123839215,0.33104430833337894,-149.79967406433136,2.2939004670201633,"[0.8777320359075379, 0.4490635197167906, 0.8546750119280864, 0.9972463386634003, 0.4482272535583609, 0.5926863264553032, 0.4383741943570547]",green,"{""accelerate"": true}",14.663057264807037,hybrid,normal_driving
1765201081.869623,0.48607560606886235,0.3104231060520197,114.67828108195283,3.2408853317065414,"[0.43495323161224864, 0.932048739659315, 0.7952326942517973, 0.46050200560432697, 0.5298332798522446, 0.9878512506613458, 0.8461948762961895]",green,"{""accelerate"": true}",6.962266733119209,pure_ml,normal_driving
1765201082.869623,0.7381922039963954,0.37454779804812144,123.27426824453131,2.9149325771402768,"[0.9912758944639174, 0.6535223697026815, 0.5951937134949083, 0.8827756547287662, 0.5926429794949227, 0.5965837449944924, 0.8406086592744529]",green,"{""accelerate"": true}",14.716063127718277,hybrid,normal_driving
1765201083.869623,0.8033797109656611,0.2998933177371821,-25.004627914267452,1.8814125601902731,"[0.7781488628201455, 0.8518352767322906, 0.6491518103083356, 0.8965609423822387, 0.701707980689928, 0.88041967914147, 0.868311425212863]",green,"{""turn_left"": true}",4.482492486738063,pure_ml,normal_driving
1765201084.869623,0.3810039312889143,0.2563103008906655,72.43356268636177,3.517473300602434,"[0.5350053212473735, 0.5137235133056692, 0.6655446823344209, 0.7401164498993014, 0.5169251918682721, 0.7123155260732097, 0.7276592829522432]",green,"{""change_lane_right"": true}",11.771593253203978,hybrid,normal_driving
1765201085.869623,0.5627822068018292,0.718286023627829,108.5358730606083,2.6515753168836795,"[0.5926806224321403, 0.47589948164356355, 0.5076246921633912, 0.5717234812800007, 0.7218212019457667, 0.6865387775714258, 0.696377890519532]",red,"{""turn_right"": true}",6.095550140893634,pure_ml,normal_driving
1765201086.869623,0.8035240011086388,0.5238049792028241,155.52112143389544,4.224093856091134,"[0.5914591264633303, 0.5816869180413952, 0.6087368511602287, 0.9629909901170801, 0.6075466883002756, 0.869269002276627, 0.9735550462623663]",green,"{""accelerate"": true}",8.804756688503192,hybrid,normal_driving
1765201087.869623,0.8712576454314266,0.390763774129011,-27.696042831317772,0.5376113422336832,"[0.21714420169433862, 0.14230600663416107, 0.2690898975087396, 0.272520441233546, 0.32059197298538755, 0.4985283653962401, 0.5777082022009905]",red,"{""accelerate"": false}",-4.450475820139266,pure_ml,edge_case_extreme_weather
1765201088.869623,0.41024164661060547,0.5381525837139074,-23.00586663728041,2.332011145778472,"[0.8279472368616867, 0.8493104568606316, 0.4123325624493249, 0.7658353164920093, 0.4972254712047379, 0.5155640301691506, 0.9397929649201104]",green,"{""accelerate"": true}",14.554783866965687,hybrid,normal_driving
1765201089.869623,0.584084801439855,0.6241839123397752,-138.93455920548496,0.9908909214803296,"[0.2768847460286705, 0.13086401836734257, 0.2191159256322815, 0.29933760220019356, 0.36984454690726243, 0.45430855017745786, 0.47159002012614776]",yellow,"{""brake"": true}",3.5334614586399837,pure_ml,edge_case_extreme_weather
1765201090.869623,0.8635860939204653,0.6485630440794279,-118.8693810716839,2.221343576075408,"[0.5579797922559021, 0.950744300585068, 0.7127768044980938, 0.5287874084930253, 0.9960520867966965, 0.6954630718534205, 0.4435457107650378]",green,"{""brake"": true}",2.698722835313932,hybrid,normal_driving
1765201091.869623,0.6767532607361034,0.23457731772671914,45.50050607185807,3.4833217511659726,"[0.6593848297792939, 0.7105944065604404, 0.9502014030772687, 0.5514499287050559, 0.45455337437849264, 0.5117622907518926, 0.9735676317273436]",green,"{""accelerate"": true}",9.044065829812272,pure_ml,normal_driving
1765201092.869623,0.18792364738546105,0.4131551831101254,21.446659836169573,3.6456346908386554,"[0.6255593121451232, 0.6337535449817312, 0.6478462449012251, 0.8424210039186845, 0.8577336462196905, 0.7674660280654826, 0.8627199425422365]",green,"{""turn_left"": true}",-6.448656051332195,hybrid,traffic_violation
1765201093.869623,0.3270672752769107,0.44641171276325853,8.19675350664904,3.3022245471468583,"[0.6775134806800791, 0.9273488550008397, 0.646691479368805, 0.8576529464334725, 0.7102254654254341, 0.4848621702270817, 0.5131903712980234]",yellow,"{""accelerate"": true}",8.61011576511623,pure_ml,normal_driving
1765201094.869623,0.8249843926914564,0.5998046478257058,-136.1158897895329,3.287449760342403,"[0.4793836108848215, 0.525314434354031, 0.7795050228139836, 0.40748653306389837, 0.8327825457456651, 0.4724674783451483, 0.6950902081316674]",green,"{""accelerate"": true}",14.257668301417697,hybrid,normal_driving
1765201095.869623,0.8087747147971733,0.23741090810908078,126.79105940640783,3.4678202379892404,"[0.9131214609713958, 0.5994136844508107, 0.8918709687095633, 0.4447250991438487, 0.5409756449441783, 0.7032763228538452, 0.4814058563336411]",yellow,"{""accelerate"": true}",10.205830929041829,pure_ml,normal_driving
1765201096.869623,0.6608323035723276,0.6522461324640647,-120.46069523812386,3.5734288296921455,"[0.8391329668753547, 0.9536430033442882, 0.8129372756477169, 0.8322105816428513, 0.8803545083529329, 0.9377718380484824, 0.48075201568291]",yellow,"{""accelerate"": true}",9.627531802336161,hybrid,normal_driving
1765201097.869623,0.8517720715208942,0.6102256898145872,-179.171940839907,3.4903236644611475,"[0.9546308953266889, 0.9509237596048042, 0.8448095000087508, 0.8532969562371988, 0.8049822907927684, 0.5033555300120256, 0.8124882950044718]",green,"{""turn_right"": true}",9.750463189933555,pure_ml,normal_driving
1765201098.869623,0.2132102794527702,0.642647805059822,-159.57105332411112,2.8790688470559704,"[0.9458105295811182, 0.6891035200734217, 0.6722991196338532, 0.9292093263181881, 0.7446443994867589, 0.8866270641675542, 0.8305212907026879]",green,"{""accelerate"": true}",14.323293334498485,hybrid,normal_driving
1765201099.869623,0.8595951217069464,0.4583393828706576,-60.0011029911345,2.8933833682044243,"[0.5376604835967338, 0.47238400313781104, 0.5578340644685629, 0.8097665294017613, 0.6419597605144579, 0.8424499963432278, 0.4860405217107688]",green,"{""accelerate"": true}",5.368443390470844,pure_ml,normal_driving
1765201100.869623,0.6495028745036803,0.43315425947655606,156.07476496922186,1.1902040467420725,"[0.13140793213331542, 0.07857256335723627, 0.11783817919872329, 0.24097004502669153, 0.1515716431963607, 0.3342526353177352, 0.7109494047372562]",yellow,"{""turn_right"": true}",6.397379489766905,hybrid,collision_avoidance
1765201101.869623,0.6459538805280414,0.2400973603148033,106.60918994058235,4.4097041172255125,"[0.9206907445073745, 0.6852358135420216, 0.4861454848823924, 0.6858362236757636, 0.8606766215737282, 0.4091209750439348, 0.5056833577981013]",green,"{""accelerate"": true}",14.9262787493372,pure_ml,normal_driving
1765201102.869623,0.48090343402980607,0.20812831081804561,-47.310457288203956,3.2049388873601563,"[0.6447465010519187, 0.45106602777298016, 0.42066060151708773, 0.6639171655656986, 0.9381612661609422, 0.40257344365060893, 0.6629996178933444]",green,"{""accelerate"": true}",8.937719101721793,hybrid,normal_driving
1765201103.869623,0.23271758587160188,0.48265784591241084,-145.7948835363251,3.5302468675705843,"[0.5125096796915912, 0.4052884654559792, 0.61556799261471, 0.5867066616643913, 0.7098320527536246, 0.5168875971469122, 0.6828311831639733]",yellow,"{""accelerate"": true}",10.531171532273474,pure_ml,normal_driving
1765201104.869623,0.4387154188524244,0.27768588899062185,169.95589099056733,2.861097402118786,"[0.4608937082150908, 0.4328662431092883, 0.5678572193753627, 0.9714242448558026, 0.510997869457608, 0.865201274270144, 0.6225657091308088]",green,"{""accelerate"": true}",11.99796449805182,hybrid,normal_driving
1765201105.869623,0.471686011855208,0.4956373796236641,-158.42467264596522,4.5720727204763865,"[0.9884510934243376, 0.9923618577532074, 0.6115473290453035, 0.9733396484800839, 0.7311076262842476, 0.7982282593533278, 0.6117748784637993]",red,"{""accelerate"": true}",-41.13115547501027,pure_ml,traffic_violation
1765201106.869623,0.1707618530739416,0.5558361529847278,64.54148897428588,2.9216419589670544,"[0.5385251563886837, 0.9092901135470809, 0.8119072725967039, 0.8262187192208186, 0.7557999826698256, 0.980295916732681, 0.4483126002188513]",yellow,"{""accelerate"": true}",10.14484826841712,hybrid,normal_driving
1765201107.869623,0.3416143160912066,0.5777189208327924,-43.28474387022393,3.5325696254956642,"[0.9190144596111903, 0.5814199957797126, 0.6955825865978198, 0.5900036296741613, 0.4845548072251524, 0.8589314701047082, 0.8148840490975331]",green,"{""accelerate"": true}",14.39171545355541,pure_ml,normal_driving
1765201108.869623,0.17774331362034604,0.6152416793046069,-152.71460722199197,4.040453476514959,"[0.8912434309201616, 0.6999493553040267, 0.8788893382493774, 0.8670694068161791, 0.7197019006592467, 0.6062646375388682, 0.6966019496857658]",red,"{""turn_left"": true}",1.299516492915373,hybrid,traffic_violation
1765201109.869623,0.7248002709333148,0.41470544452991775,13.591588286715297,2.2905391112854163,"[0.9314895129656586, 0.5574436972356357, 0.8545441785998978, 0.7545659460653762, 0.8830467656888479, 0.932881868124643, 0.9674622593568044]",red,"{""brake"": true}",6.35764725940467,pure_ml,normal_driving
1765201110.869623,0.7394131574555639,0.39988248777417146,-3.195792322993397,3.4763335430603024,"[0.623198093062189, 0.7344009320307356, 0.9610409821032434, 0.558678964344767, 0.8084220844691643, 0.5747205731548403, 0.5297689775362231]",green,"{""turn_left"": true}",4.318093278708691,hybrid,normal_driving
1765201111.869623,0.6695022507300454,0.5872974070264658,87.91961030785183,3.8089172651239283,"[0.744628089591465, 0.9094799882300746, 0.905208734216539, 0.9374083986615206, 0.8186309801454019, 0.9320852328616508, 0.8325448938745073]",green,"{""accelerate"": true}",13.58934910094826,pure_ml,normal_driving
1765201112.869623,0.13463102854013098,0.3060996499573019,-157.65453200068987,1.86049930886535,"[0.7663466432711675, 0.534386465507311, 0.9852659268358052, 0.8174201822438318, 0.880285164591055, 0.8203517631440431, 0.7728340178305677]",green,"{""turn_left"": true}",9.161279082892044,hybrid,normal_driving
1765201113.869623,0.8793915409566503,0.48324464030417735,163.82147456147706,1.4416984745090777,"[0.03815509027566699, 0.0942355648158933, 0.18363836338794642, 0.1729342096018297, 0.3527186503096701, 0.5545320033928439, 0.6150846466123454]",red,"{""turn_left"": true}",4.500290646730647,pure_ml,collision_avoidance
1765201114.869623,0.22342710350787867,0.3095212407893936,-135.28109712777803,3.3962377314378247,"[0.7795168443248126, 0.7865587856163077, 0.4100241835050721, 0.48280316655470723, 0.762649048785945, 0.8468469744690913, 0.902034558810527]",green,"{""accelerate"": true}",14.570168204463384,hybrid,normal_driving
1765201115.869623,0.543026622930859,0.38240472263367875,-6.007899030823941,3.2443216362861804,"[0.908665944121701, 0.741125763135591, 0.9441659860746596, 0.8306233568302179, 0.6157880781122743, 0.5902511777213514, 0.4160341234824271]",green,"{""accelerate"": true}",7.303453014286951,pure_ml,normal_driving
1765201116.869623,0.6752441193679795,0.675538783952293,109.00803091029137,2.3943159152584474,"[0.9307070841513164, 0.9886487034152724, 0.42856074704732494, 0.7304713249811461, 0.7687358360484559, 0.615900318919038, 0.5186970752097964]",yellow,"{""accelerate"": true}",14.884308260736418,hybrid,normal_driving
1765201117.869623,0.10950338294504328,0.6825189080726692,21.990760097124156,3.818718154162915,"[0.8363525484346412, 0.6951147803059985, 0.6587257860974637, 0.9289851001490678, 0.9442251416197234, 0.6294904990114583, 0.7909359446457276]",red,"{""turn_left"": true}",-16.757251280918325,pure_ml,traffic_violation
1765201118.869623,0.1521915165917488,0.7184724893589602,35.23763585515114,1.6489868335561648,"[1.0, 0.0, 0.48889832293398944, 0.5559726220494796, 1.0, 0.38949891483869065, 1.0]",green,"{""turn_right"": true}",8.015862607559853,hybrid,sensor_failure_stuck_sensor
1765201119.869623,0.693524443564425,0.4317313768623784,-124.01564094191654,4.116175136605055,"[0.6470979039984595, 0.851940747865988, 0.9652715212274772, 0.8848428241093055, 0.7941085975636717, 0.6683383812922526, 0.9044659129973461]",red,"{""accelerate"": true}",-37.216851310521726,pure_ml,traffic_violation
1765201120.869623,0.4592743449888449,0.44441328018454784,-14.27371191284317,4.2495240750195995,"[0.7191711872394317, 0.9565867541003477, 0.8836342244054738, 0.9593373869904864, 0.9749623146805779, 0.9203822024139486, 0.7970024758784232]",yellow,"{""accelerate"": true}",-10.464611781272069,hybrid,traffic_violation
1765201121.869623,0.21900101730486324,0.3338463266209226,30.663318884448465,1.7445545030096707,"[0.5441721099182203, 0.9481039228434791, 0.9637426409262662, 0.6948465020963599, 0.7101242833383133, 0.7578425856022698, 0.6462142851782688]",green,"{""brake"": true}",5.036565541791667,pure_ml,normal_driving
1765201122.869623,0.4726245979381559,0.32643425862595904,43.939349037589466,1.3199096391972445,"[1.0, 0.1, 0.1, 1.0, 0.32406616681571376, 0.49941860342408295, 0.3778583483759891]",red,"{""turn_left"": true}",-1.7331823344253507,hybrid,edge_case_sensor_edge
1765201123.869623,0.7199925886917804,0.4703714924860738,-51.358129519941684,1.23946671130453,"[0.10372829702659672, 0.1368147718840694, 0.142173091949049, 0.16178417768081266, 0.19601305979875855, 0.4046797996588629, 0.5845214051002642]",red,"{""turn_left"": true}",-4.560314501450512,pure_ml,collision_avoidance
1765201124.869623,0.586389281429878,0.5647585369829852,-32.20713469430283,2.8115967056583058,"[0.47696072820075625, 0.5434127314650107, 0.5631518382023574, 0.6058625865860456, 0.904733452981757, 0.5191279312670333, 0.5062993165997084]",green,"{""turn_left"": true}",3.745093545466777,hybrid,normal_driving
1765201125.869623,0.7047813455184907,0.4821228425035007,-131.3249183388611,1.0537281412854491,"[0.0, 0.0, 0.6911946323589164, 0.3985759217436363, 1.0, 0.3128572092271151, 1.0]",red,"{""turn_right"": true}",3.503522198626465,pure_ml,sensor_failure_stuck_sensor
1765201126.869623,0.5176496661489227,0.2611281969273117,-170.7490380677424,2.3988559704505574,"[0.8189017767282558, 0.5993502894213184, 0.4981246390421175, 0.4299324770402312, 0.9508303326237263, 0.5005572658785072, 0.975392954300918]",green,"{""accelerate"": true}",8.119397317111922,hybrid,normal_driving
1765201127.869623,0.46977417782589503,0.3144048688007446,133.99309659578924,3.7601315824062627,"[0.5042523055282216, 0.5086808514929574, 0.8545012549412793, 0.8297078093007313, 0.6009257030046944, 0.5613566977192688, 0.9573410480021892]",green,"{""accelerate"": true}",8.909133745527251,pure_ml,normal_driving
1765201128.869623,0.31799850963980775,0.7958679849835557,98.92741534933178,2.4183874268209413,"[0.605674551281976, 0.730515768615609, 0.5580440082060352, 0.9122053209864902, 0.9633580009105486, 0.7400846291395741, 0.7670865496595775]",green,"{""accelerate"": true}",8.964080589311177,hybrid,normal_driving
1765201129.869623,0.4162580948635983,0.56901354154774,-127.75916366682114,4.217207271479866,"[0.9099579053786507, 0.6048253112268931, 0.6630158008728658, 0.6668086630271802, 0.771813770593903, 0.7394438365007037, 0.7529727679322464]",red,"{""accelerate"": true}",-14.051168620784154,pure_ml,traffic_violation
1765201130.869623,0.2588201291818859,0.30190505647624044,-30.78579970297871,4.000581276352548,"[0.7112504148933003, 0.7283555395258434, 0.9608315862826966, 0.6419536664580585, 0.6514135237518521, 0.8866318185983006, 0.7330591108928808]",yellow,"{""accelerate"": true}",-32.13675939496454,hybrid,traffic_violation
1765201131.869623,0.40231253286614865,0.5800383930121457,66.13737969670488,0.7709647468561529,"[0.8, 0.0, 0.0, 0.7116298337090912, 0.7000601926765592, 0.4576607984461343, 0.5088636682451032]",yellow,"{""turn_left"": true}",1.4652259321888863,pure_ml,sensor_failure_partial_failure
1765201132.869623,0.3766856937276887,0.2539283452215113,145.73051820116603,1.7737570690874236,"[0.9294188907249437, 0.42342266440903487, 0.4660300812998441, 0.7839020653224396, 0.5339559399606162, 0.6316890323031817, 0.4830401020191692]",green,"{""turn_left"": true}",9.82339784698484,hybrid,normal_driving
1765201133.869623,0.6637906005333644,0.6925889688126983,-50.484434169630845,0.4938827560487181,"[0.0128785327512273, 0.11871503619442472, 0.09605366711746399, 0.20574018620040901, 0.21401185520278543, 0.476517025480842, 0.6094615135352781]",red,"{""brake"": true}",0.4026367451340711,pure_ml,collision_avoidance
1765201134.869623,0.39969108275098164,0.24887744570794357,-34.616521496077866,0.8754722926178007,"[0.524774878690079, 0.475894626185334, 0.8805697938302068, 0.5431760850981423, 0.43475292690170114, 0.40718923126314627, 0.9617026202465877]",green,"{""brake"": true}",3.074267583797969,hybrid,normal_driving
1765201135.869623,0.35168572122580166,0.5861260216710519,-106.35929975806124,4.64674385280666,"[0.7240375506040916, 0.9698946284004429, 0.8557674695537331, 0.8148278222330907, 0.7177823256813242, 0.8203556239122176, 0.9521437215556758]",red,"{""accelerate"": true}",-5.38946871968141,pure_ml,edge_case_speed_limit
1765201136.869623,0.6188282813621983,0.7102060181985665,-93.01973717971956,0.4485860898431052,"[0.07786806836929538, 0.1195669183686424, 0.18733701428246197, 0.254309517007112, 0.22370549002427614, 0.28405743636286374, 0.6725049110725205]",red,"{""brake"": true}",-9.109618005406995,hybrid,collision_avoidance
1765201137.869623,0.765629814958778,0.2250872533891596,-16.16543394714101,2.569692279266936,"[0.5089556520340826, 0.7753183529123456, 0.43269568949002485, 0.9232404733361079, 0.5064222972533956, 0.5464691955051939, 0.45004695166663466]",green,"{""accelerate"": true}",5.290029732209075,pure_ml,normal_driving
1765201138.869623,0.4525410556544792,0.6190714289332717,-41.61136729775212,1.2887358424226127,"[0.40441075324281284, 0.8440860519181121, 0.4117050458425746, 0.9527151004873881, 0.7438334007241199, 0.3675497170250712, 0.16402759607858863]",green,"{""brake"": true}",-9.395596951965194,hybrid,sensor_failure_noisy_sensor
1765201139.869623,0.8255119423356442,0.4834234537767806,-136.33529853154462,4.3624646192056495,"[0.7371460340444891, 0.5208522737527137, 0.8138894699507162, 0.518368128333364, 0.6857224984373588, 0.9619774695545881, 0.7550748863983323]",red,"{""accelerate"": true}",13.325020755770444,pure_ml,normal_driving
1765201140.869623,0.7689880684130054,0.597754249102135,-16.60180964687272,0.89101044870429,"[0.15835841394045308, 0.0932007101480668, 0.040156210840439056, 0.25464458349098984, 0.25193520893394394, 0.4115920814280024, 0.30617587836695637]",yellow,"{""turn_right"": true}",-0.7721659383722219,hybrid,collision_avoidance
1765201141.869623,0.8705280928415757,0.3917728839516855,-32.96931355903343,0.8538253085446983,"[0.17046825819265787, 0.042925416589127185, 0.16359114124401797, 0.12638093919277066, 0.19872330904609847, 0.3566231552745209, 0.5597025997986325]",red,"{""brake"": true}",-3.5168706063360595,pure_ml,collision_avoidance
1765201142.869623,0.7062820200350258,0.7223083302046016,103.18702757527748,1.9702141108094158,"[0.8412737464344275, 0.40302470400588086, 0.4127526243219796, 0.6396424925170585, 0.9082637449529247, 0.4526567252719472, 0.5927464146832251]",green,"{""brake"": true}",3.6323470362126153,hybrid,normal_driving
1765201143.869623,0.5029556953248857,0.5781157156183363,52.13293403980998,1.0360449912412772,"[0.23293993633626858, 0.11003356880599874, 0.27396522050408845, 0.18667801974009554, 0.41553214022339485, 0.468156219281285, 0.5228212315072042]",red,"{""accelerate"": false}",-0.3783615145711794,pure_ml,edge_case_extreme_weather
1765201144.869623,0.6137203911080296,0.5913818640871004,171.91521367227674,1.85564612847146,"[0.9863175478088035, 0.4784571050696452, 0.6778235156299095, 0.6879823614049567, 0.5998283864141098, 0.5363958311267037, 0.6280465458321893]",green,"{""turn_left"": true}",3.1210392867698187,hybrid,normal_driving
1765201145.869623,0.6259855777349396,0.49965114594725407,-62.93970457124055,1.4296532605409253,"[1.0, 1.0, 0.1, 0.1, 0.4793829405824577, 0.37844243197579, 0.4918892768144976]",yellow,"{""brake"": true}",8.084764468991509,pure_ml,edge_case_sensor_edge
1765201146.869623,0.17904259421535454,0.6264547266732008,-122.84249557932277,2.030589202851843,"[0.52809761740152, 0.4618256413359044, 0.4675596352143307, 0.8245408843950524, 0.9717575704517039, 0.6167774198522995, 0.6161442572782266]",yellow,"{""brake"": true}",4.226498677338831,hybrid,normal_driving
1765201147.869623,0.5571109906856914,0.3593476425044123,-106.94668464018652,1.8597640985508768,"[0.7859926151797485, 0.7081963835300139, 0.4035582172244388, 0.597100269017358, 0.6844672650291953, 0.4471584991300269, 0.8096114866872817]",yellow,"{""turn_right"": true}",5.829420706231463,pure_ml,normal_driving
1765201148.869623,0.7531872183663872,0.661643423636677,53.66991313841634,1.9990651595750142,"[1.0, 0.1, 1.0, 1.0, 0.4516315718367225, 0.5852267830234326, 0.5447841261195632]",green,"{""turn_left"": true}",2.0195002199950167,hybrid,edge_case_sensor_edge
1765201149.869623,0.5707657582104073,0.28164838928506974,23.418315024362123,4.3982121872893085,"[0.9360611181602352, 0.9346982748676457, 0.8134296495515616, 0.924247704669431, 0.6105109099854281, 0.9615445336677257, 0.7406292053141462]",red,"{""accelerate"": true}",-26.466452691584244,pure_ml,traffic_violation
1765201150.869623,0.7376426704066591,0.20370790597621602,37.46874082394784,2.7965597145646472,"[0.6953598257602327, 0.5231826641087947, 0.4926030167990455, 0.504112530813033, 0.9246460783807702, 0.9749396489898196, 0.9801739215039287]",yellow,"{""change_lane_right"": true}",4.2212501842055365,hybrid,normal_driving
1765201151.869623,0.6860331718022025,0.2984311432862489,-148.01196906726912,3.547755162649831,"[0.6296215002477857, 0.7153638232877013, 0.6603452284836326, 0.6116614362924636, 0.7211003464805703, 0.7052383930014727, 0.6382839736441448]",green,"{""accelerate"": true}",8.114065142517779,pure_ml,normal_driving
1765201152.869623,0.6741169685896494,0.27465597778787054,151.72712179551854,2.4328260646576494,"[0.49387544530294747, 0.8627680211735009, 0.9709945344772845, 0.7280385798644435, 0.4847310136915861, 0.7583803971526415, 0.891319843949635]",green,"{""accelerate"": true}",8.081351048332102,hybrid,normal_driving
1765201153.869623,0.26403980481777173,0.2520802056813932,-147.24256032313022,3.291697108075641,"[0.8747721950888108, 0.6105655749025574, 0.6090702213555143, 0.8459708698965804, 0.7145650837648623, 0.8379186919472756, 0.5945323164865692]",red,"{""turn_right"": true}",8.693761138479134,pure_ml,normal_driving
1765201154.869623,0.27584016440542647,0.2927481692887515,169.441139364781,1.254603943983442,"[0.14565643797193367, 0.1816396369318543, 0.027907511736562363, 0.2749737938865018, 0.3586455552531854, 0.5262974602294979, 0.3518697842354484]",red,"{""turn_right"": true}",-3.4850411297099915,hybrid,collision_avoidance
1765201155.869623,0.45165097262512643,0.28889178140157296,-162.15388447794962,2.6722978889861384,"[0.934417277092727, 0.4361046356943945, 0.4632948418351295, 0.751427468054733, 0.9885988559494668, 0.9866291745381327, 0.8131172901037376]",green,"{""turn_right"": true}",9.67771949995257,pure_ml,normal_driving
1765201156.869623,0.6999880910425819,0.5761274872953149,-71.09348439849221,2.120128255947833,"[0.49440384544230165, 0.6525409779275506, 0.9346399645590788, 0.866323175562344, 0.5551049950147391, 0.8509412048007681, 0.514260444928446]",green,"{""accelerate"": true}",14.524070609123868,hybrid,normal_driving
1765201157.869623,0.26297283909362046,0.5099704565381751,-165.30079562576464,3.8774761203860915,"[0.6248352172975401, 0.6167430948353472, 0.7776875151333728, 0.7142507602191471, 0.7732216889450102, 0.9783723426248148, 0.8816595187468499]",red,"{""turn_left"": true}",-19.844028018432937,pure_ml,traffic_violation
1765201158.869623,0.31558391016662835,0.4467925344587711,66.32875814023556,0.06035776378919938,"[0.0, 0.0, 0.0, 0.0, 0.0, 0.0, 0.0]",green,"{""brake"": true}",-12.860180515523439,hybrid,sensor_failure_complete_failure
1765201159.869623,0.7806186046354475,0.7903370603549988,-135.4464571610026,2.87162924144136,"[0.7985938517282911, 0.8668711085188706, 0.9819646252520212, 0.40395925969353447, 0.5336096073616612, 0.6862917042511965, 0.43767387657286805]",green,"{""turn_right"": true}",9.770160583909565,pure_ml,normal_driving
1765201160.869623,0.6200346290937577,0.5442702713622737,-17.712762991447722,0.30284478997994835,"[0.17220655322807882, 0.1572054044704622, 0.14868329211812462, 0.23760188795192325, 0.4527487874823505, 0.5337586893042681, 0.4125488817539231]",red,"{""accelerate"": false}",6.531202927801058,hybrid,edge_case_extreme_weather
1765201161.869623,0.2966819229401556,0.25647133267978,35.1170807189926,1.8829136232951131,"[0.8458451647691602, 0.9387278047355406, 0.7595582777103076, 0.8585369156042278, 0.46599878744021755, 0.5846792170497261, 0.4233834649936313]",yellow,"{""turn_right"": true}",3.5538832328651337,pure_ml,normal_driving
1765201162.869623,0.5040456136294514,0.4525156351180156,-104.27661825513803,3.414764702783774,"[0.8936177811552459, 0.9997704379495947, 0.9424289495127751, 0.6983345847015952, 0.7145361054852177, 0.9674139701909051, 0.7420021719425145]",yellow,"{""turn_left"": true}",2.0201065290726845,hybrid,traffic_violation
1765201163.869623,0.4460035930705344,0.3586862308273607,-130.47131977178097,1.6038505585344787,"[0.8222179628641084, 0.4196051334179353, 0.890145896801639, 0.7573541041094507, 0.48686485617930225, 0.5326396240519973, 0.4157743568833822]",yellow,"{""turn_left"": true}",5.16109666200554,pure_ml,normal_driving
1765201164.869623,0.48405229873959044,0.469471634736901,-74.86669649906341,3.478821747860831,"[0.8855449077970652, 0.6194112302115015, 0.48344638303676896, 0.8409801475621035, 0.4064844460024751, 0.9098446090230012, 0.9263232313106258]",green,"{""change_lane_right"": true}",4.091674375160836,hybrid,normal_driving
1765201165.869623,0.7087732648662182,0.28279279080060366,141.28351798591342,2.294464696964726,"[0.7248618637886144, 0.674467007694689, 0.666988669477191, 0.7835888571178893, 0.5050824596582115, 0.6525910218518944, 0.9439075277260592]",green,"{""accelerate"": true}",9.055826817679495,pure_ml,normal_driving
1765201166.869623,0.23922502089191405,0.37156813157561464,4.724772607887125,0.9105428750614379,"[0.02717836106848899, 0.09573852973828126, 0.13606329455468766, 0.18908815678402152, 0.14864074596928661, 0.39764463500403435, 0.5221450515101749]",red,"{""turn_right"": true}",4.871490164708069,hybrid,collision_avoidance
1765201167.869623,0.5685477833484658,0.6675137721157003,-151.39097007389836,2.7668756761032345,"[0.9810165931589105, 0.5768223421200858, 0.939076754222874, 0.7945729184657472, 0.5172547303148933, 0.8680094264112183, 0.9165546187404295]",green,"{""accelerate"": true}",14.80465107933431,pure_ml,normal_driving
1765201168.869623,0.5195947522387815,0.3694309960731747,-3.960207120698223,4.878274224726772,"[0.7376329607143687, 0.7582479139139602, 0.7154927162118337, 0.992294256804316, 0.6155613991283252, 0.817380815542407, 0.8892972995966647]",red,"{""accelerate"": true}",-17.958149898929186,hybrid,traffic_violation
1765201169.869623,0.4978967937754638,0.46391389623222085,-55.5518206630799,1.4511716700991801,"[0.11181813128890533, 0.02525549656526989, 0.004791869166502161, 0.10137383558424658, 0.2247171250613823, 0.45328935119224867, 0.5252424649350333]",green,"{""turn_right"": true}",2.7921219063643425,pure_ml,collision_avoidance
1765201170.869623,0.5994771253913866,0.2138554377117892,-38.25897076106234,3.4987783273522206,"[0.7218083990537764, 0.9762659136248723, 0.49123166040962807, 0.5502890956820792, 0.7772756805510299, 0.536432417011168, 0.7261522941115426]",green,"{""change_lane_right"": true}",9.5090096982534,hybrid,normal_driving
1765201171.869623,0.3838929976832989,0.6737149685533523,16.183022898998747,3.432835290380809,"[0.9527663945676358, 0.6947477061281384, 0.6753031801938346, 0.6454967049232405, 0.7190150536100519, 0.48820813676383434, 0.5179627139016251]",green,"{""turn_right"": true}",5.592612360277542,pure_ml,normal_driving
1765201172.869623,0.5803857818073279,0.561236007566392,-174.7121151432658,0.9187836853929996,"[0.09016848382410514, 0.12266625106162032, 0.16905636008103198, 0.2345742406402186, 0.2903776532806198, 0.4570128136190019, 0.42241262523922946]",yellow,"{""brake"": true}",-6.448664264564272,hybrid,collision_avoidance
1765201173.869623,0.7757046047429903,0.7008911395798634,-125.48096172928255,3.5956012632149363,"[0.7282833631427899, 0.8075217258242621, 0.6880105974160609, 0.78262705169629, 0.8926366400024414, 0.9952110266268961, 0.7923124936186235]",green,"{""turn_left"": true}",-17.913349312509894,pure_ml,traffic_violation
1765201174.869623,0.21502256562437383,0.3890259986053063,151.38199978035502,3.3811373507904365,"[0.9476154983557321, 0.8280398072387356, 0.9959594760715538, 0.5288763539440811, 0.6695222509051273, 0.9341182223321319, 0.6094704122123707]",green,"{""change_lane_left"": true}",8.34392481058055,hybrid,normal_driving
1765201175.869623,0.798585456646529,0.465192292171598,12.847970140316274,0.014629661960655183,"[0.164405984643444, 0.049185282097909094, 0.08257582458331342, 0.2889611706260009, 0.19096328922072459, 0.2288025185192859, 0.4224446739091403]",green,"{""brake"": true}",1.485050912878254,pure_ml,collision_avoidance
1765201176.869623,0.32853156312834475,0.7976495656105618,155.68383737173315,3.6220459908419276,"[0.9760194993784238, 0.671397794148817, 0.6105842194583689, 0.7222890893699174, 0.6735688488113777, 0.40971942342383055, 0.5549036501393336]",green,"{""change_lane_right"": true}",5.0189225920335145,hybrid,normal_driving
1765201177.869623,0.8557375929463392,0.4871108712746879,-21.699134711892437,4.305242536604621,"[0.8368172535132608, 0.9220991898143353, 0.9942029128511954, 0.9701322706047022, 0.9214460469659072, 0.5875389503234028, 0.6263840499334765]",red,"{""accelerate"": true}",10.405716636176995,pure_ml,normal_driving
1765201178.869623,0.13665194672067982,0.29316971260054064,-131.26104070388325,0.6098808797683508,"[0.8264369990124287, 0.714632318812116, 0.5840682691011706, 0.6871297416669904, 0.8445285233548424, 0.5420945954572528, 0.8395007324518862]",green,"{""brake"": true}",5.170322635387885,hybrid,normal_driving
1765201179.869623,0.7106424754292012,0.5005874178554048,108.1589199883118,2.5120631209094846,"[0.983141308182144, 0.9528747058804234, 0.6452157477393157, 0.6280395775508014, 0.8332289050858899, 0.4816512822571043, 0.57042870036747]",green,"{""turn_left"": true}",4.304757858223246,pure_ml,normal_driving
1765201180.869623,0.7663633896825652,0.3697213274988712,100.26248027842884,1.5184438074549274,"[0.45477556998005836, 0.8784532245047734, 0.6224825072658278, 0.8223050047926261, 0.4702728108948676, 0.9891249561322204, 0.586155771631265]",green,"{""turn_right"": true}",5.306126453254116,hybrid,normal_driving
1765201181.869623,0.8235686559747892,0.3282534673312549,-8.879888209922871,0.7669920503054116,"[0.013872479424622842, 0.19319183571568033, 0.08898176805759461, 0.12317453010554483, 0.29603577239957135, 0.3468515181349094, 0.36743437567333054]",green,"{""brake"": true}",-5.778591909704078,pure_ml,collision_avoidance
1765201182.869623,0.5937356681277505,0.3429146753158798,125.25564322445427,1.3238601818320226,"[0.01615554341670209, 0.16877124737562332, 0.03938521209358144, 0.1796987505659839, 0.24882404595376817, 0.48074955468378366, 0.7284268709643036]",yellow,"{""turn_left"": true}",9.526892503589291,hybrid,collision_avoidance
1765201183.869623,0.23305834331025332,0.3557202406720007,42.56759999308984,0.8952771185072876,"[0.7060788046835951, 0.46735066388030927, 0.8053550635728854, 0.7612409095642891, 0.6726677462786954, 0.7341012321883866, 0.9442658506857262]",green,"{""brake"": true}",5.712035490613826,pure_ml,normal_driving
1765201184.869623,0.6889730033826341,0.5965043684210296,114.95192718258261,3.8983056983469,"[0.9998379214622425, 0.7894815446293328, 0.4098762771763242, 0.5328280909630368, 0.4481412077576275, 0.862987097515868, 0.8917969056932824]",green,"{""accelerate"": true}",13.735660108865789,hybrid,normal_driving
1765201185.869623,0.602358712137317,0.41167016927097,-128.22001940534352,0.6471216999958493,"[0.02357621908229637, 0.16833975576638882, 0.11158720167031239, 0.13302220512133078, 0.21079607585519816, 0.36324621028894516, 0.6899647443285082]",red,"{""turn_left"": true}",8.369077040252462,pure_ml,collision_avoidance
1765201186.869623,0.2985524995970553,0.7479084062328469,149.3516482810398,4.489019067000691,"[0.6340792312074028, 0.8666050291759576, 0.9271141875049147, 0.6612856182084934, 0.5735142923171159, 0.540940629563358, 0.917546544929022]",yellow,"{""accelerate"": true}",10.681827032453018,hybrid,normal_driving
1765201187.869623,0.8433530072528802,0.38803644760952866,94.45340094244361,3.7369537596087916,"[0.9608259829447223, 0.9394155298664993, 0.46438418322000374, 0.8493574122131408, 0.846509424115425, 0.49487980328206477, 0.5708528741889098]",green,"{""change_lane_right"": true}",4.912975759597619,pure_ml,normal_driving
1765201188.869623,0.5180114375721199,0.5302672860375361,136.8102924681714,1.8343583669682553,"[0.5961280385909381, 0.5002710690346082, 0.4194286685199523, 0.48612641295462733, 0.8368046036872879, 0.8262986947108457, 0.8131770453126665]",green,"{""turn_right"": true}",8.831422810050682,hybrid,normal_driving
1765201189.869623,0.31086599788377545,0.42643801832225364,-59.30675767645236,0.19293310216985227,"[0.13579335949867685, 0.0180485518135757, 0.1897539834053346, 0.15667426454992858, 0.27645829590113785, 0.46418698726172153, 0.6910258903085753]",red,"{""brake"": true}",-8.825489335305026,pure_ml,collision_avoidance
1765201190.869623,0.8546132959539022,0.49445381620382883,20.169661461797375,0.6448749985974694,"[0.08288576610862418, 0.07102637199914229, 0.019201757055309687, 0.11406617233165564, 0.29903607435292845, 0.4387011837469258, 0.4892330028786419]",red,"{""brake"": true}",-6.270303382465924,hybrid,collision_avoidance
1765201191.869623,0.642572655086209,0.41732041400448205,-57.889484222668926,2.415975715899827,"[0.5805297183115956, 0.5485751711272898, 0.9805863485230271, 0.5436469762106835, 0.6126803758455233, 0.4555323661704909, 0.49817368614624213]",green,"{""accelerate"": true}",10.470267192435536,pure_ml,normal_driving
1765201192.869623,0.3806957600058285,0.6301463389367203,-80.97695206093564,2.135328872532701,"[0.7343371403864523, 0.7798354414442836, 0.6154276005440855, 0.7643493143896112, 0.47679712757936016, 0.520613641801689, 0.9959939693720985]",red,"{""accelerate"": true}",9.597656465331903,hybrid,normal_driving
1765201193.869623,0.7691921156546069,0.7429813537932461,-167.1262547632553,2.4643471498500844,"[0.6023539482585117, 0.7269430173045215, 0.5897585183232827, 0.6727217219039486, 0.6004569023877112, 0.7867189532947756, 0.4371051400113254]",green,"{""accelerate"": true}",7.681177451865123,pure_ml,normal_driving
1765201194.869623,0.8660180078909615,0.23583630889081802,-35.82632399784341,4.414070339384574,"[0.7189282181163561, 0.9905921597009897, 0.7672572546031611, 0.7164710343540932, 0.7789721801342657, 0.6844252182962364, 0.9957435101885999]",red,"{""accelerate"": true}",-31.69933924361252,hybrid,traffic_violation
1765201195.869623,0.23959838824797056,0.7924904791915017,160.61179909800433,0.8257769300107698,"[0.1843286641506551, 0.18460392264897293, 0.07552719605314849, 0.23505599344987205, 0.1065514210252817, 0.34679222002089627, 0.7685460177169339]",yellow,"{""brake"": true}",-4.303585427386039,pure_ml,collision_avoidance
1765201196.869623,0.4357648831255022,0.20024949588914293,49.12357315686484,0.3098004788873945,"[0.15682120380744818, 0.07081559261927549, 0.14322203534008968, 0.16116240854912914, 0.3711562097753749, 0.35631289185152865, 0.5183761521409567]",yellow,"{""brake"": true}",-8.69302311897554,hybrid,collision_avoidance
1765201197.869623,0.3131191762586172,0.37582239179180943,7.4892664333182974,4.368155475650139,"[0.8838730907962937, 0.6686468206641453, 0.9416945902523429, 0.6607195939231564, 0.7609467536062098, 0.9926936913046058, 0.7090620753435984]",red,"{""turn_right"": true}",-12.807411600865024,pure_ml,traffic_violation
1765201198.869623,0.5677701197249497,0.6619168308723589,-95.98143008464979,0.5541853261628639,"[0.13477961952929024, 0.18389026338719583, 0.18888268539508288, 0.14146168904127504, 0.31992579169788216, 0.4661073656879453, 0.46970150067411925]",yellow,"{""brake"": true}",-2.159194444723785,hybrid,collision_avoidance
1765201199.869623,0.11217583999870212,0.7893250478409235,178.205808962533,3.0078241571165263,"[0.5992486645503632, 0.6686845130702563, 0.9670319274840308, 0.5661864118092165, 0.7504876047068132, 0.40907590015117806, 0.7940458404783238]",green,"{""turn_right"": true}",6.287917274438132,pure_ml,normal_driving
1765201200.869623,0.685441770558502,0.24405513133060047,31.3674119392541,2.431603314961599,"[0.9155689503252689, 0.9891451866937058, 0.4652136500184035, 0.4273586562309407, 0.7243180893530937, 0.6738011508669972, 0.42303061632076544]",green,"{""change_lane_right"": true}",11.256976412444189,hybrid,normal_driving
1765201201.869623,0.5935436647665958,0.7160950066745748,-141.86410515520544,4.00637294834519,"[0.6122560562941454, 0.41706889324600177, 0.48657206753029053, 0.6790195765088297, 0.5199515152579102, 0.5937662260599365, 0.6695152560736575]",green,"{""accelerate"": true}",6.55133948008996,pure_ml,normal_driving
1765201202.869623,0.7503574775878245,0.43013569689130304,-177.01864908139655,0.2558226862516101,"[0.062435598707446596, 0.1734219274579657, 0.005875467707686922, 0.14553441925628313, 0.23856163297967034, 0.45007862305148266, 0.5038031298421168]",red,"{""brake"": true}",2.6061146062034997,hybrid,collision_avoidance
1765201203.869623,0.8107965545841175,0.38842273002630556,160.1527795196911,4.293009233377143,"[0.7609648258728292, 0.7097900889274493, 0.6247045011308361, 0.439070458928681, 0.5573136320773162, 0.5085383327505635, 0.80905271234609]",green,"{""accelerate"": true}",14.597785239330737,pure_ml,normal_driving
1765201204.869623,0.10324883090925896,0.46853462101459964,150.84267235739966,3.425158059621765,"[0.8003619123805727, 0.8605449915686416, 0.7552915570850405, 0.411324561959681, 0.4979873821401806, 0.4456771359377616, 0.4047799768907349]",green,"{""accelerate"": true}",8.592201601015415,hybrid,normal_driving
1765201205.869623,0.6852350475408012,0.6799744898358964,145.5072990925693,0.7216856220308956,"[0.7035614141012083, 0.9828552528129021, 0.4438948846944371, 0.6743341567800826, 0.4331446124474097, 0.8297930789803794, 0.46384680756006025]",green,"{""brake"": true}",2.2889983971091894,pure_ml,normal_driving
1765201206.869623,0.6382000230796951,0.3948266634285188,144.73375366435917,3.2436209192686043,"[0.817410678481773, 0.6351004425346951, 0.8279296582339675, 0.8425192489270594, 0.9757159055453529, 0.7414388298371245, 0.4489123018609829]",yellow,"{""accelerate"": true}",11.060693143689635,hybrid,normal_driving
1765201207.869623,0.21824109177195236,0.5994193053642195,-134.99492019558636,3.3996097865904193,"[0.9219896558903268, 0.8774530284227524, 0.7939140560062501, 0.43307401526409545, 0.6404849045290567, 0.6508997963702906, 0.6145381939003429]",green,"{""accelerate"": true}",10.147903520851099,pure_ml,normal_driving
1765201208.869623,0.4377801999570511,0.2587078341333684,69.9233235770176,2.9501979266278084,"[0.7051111603102027, 0.9806962023218629, 0.45059138617298156, 0.6343343010424024, 0.9696825907573782, 0.5339680375030719, 0.5857491668068521]",green,"{""change_lane_left"": true}",10.182514126637674,hybrid,normal_driving
1765201209.869623,0.14371627232394807,0.41683864494458006,-120.63941510565977,3.8462662632423075,"[0.7211236173932231, 0.7186191191546121, 0.8708829147080226, 0.41591229513619443, 0.8865097773176984, 0.7805639266238256, 0.7236668391790251]",yellow,"{""accelerate"": true}",13.719544211304486,pure_ml,normal_driving
1765201210.869623,0.1084349376570585,0.4492267206052595,-32.53318475836681,3.8530087092950116,"[0.48290710774251977, 0.4146849368264209, 0.786871809828358, 0.5803142730483759, 0.6255001894455237, 0.9209838039885901, 0.4903706632779292]",green,"{""accelerate"": true}",14.901219289174376,hybrid,normal_driving
1765201211.869623,0.3778557447013534,0.7321795153442274,126.44199080289421,2.296661863416243,"[0.5658913278371703, 0.9485626805352366, 0.5543852334000298, 0.935215062587237, 0.6586042969820757, 0.42959652297064693, 0.5102433249358982]",green,"{""turn_left"": true}",8.32796223234069,pure_ml,normal_driving
1765201212.869623,0.8643008287249094,0.4478096232529047,116.06416832581584,2.1424540924374025,"[0.9874326456047967, 0.5842500488810717, 0.6183981622626432, 0.4956431602989872, 0.5229585927509918, 0.927494442564148, 0.8867966111895709]",green,"{""accelerate"": true}",10.813893285568987,hybrid,normal_driving
1765201213.869623,0.10651496386876068,0.66902616119436,120.30205740657887,0.9872775501535251,"[0.0, 0.0, 0.0, 0.5326377670413054, 0.7161085560580168, 0.5812572892864178, 0.7715925915024817]",green,"{""brake"": true}",-8.304815087685036,pure_ml,sensor_failure_partial_failure
1765201214.869623,0.5606125828312128,0.5052109334292021,-157.05308728689795,2.9836555090020944,"[0.7915919781843536, 0.5675567710031085, 0.555991116091562, 0.8696483796627013, 0.9145114429708767, 0.8923782254128255, 0.8003808763297706]",green,"{""turn_right"": true}",5.852643516462322,hybrid,normal_driving
1765201215.869623,0.6687322523810484,0.6941274263571935,151.8300704569051,1.5848757117172483,"[0.15494385708813305, 0.008585601124178277, 0.08084214519302896, 0.29245756928795164, 0.3783244645357421, 0.2317920319787088, 0.5987370479050564]",yellow,"{""turn_left"": true}",2.0757170361650834,pure_ml,collision_avoidance
