timestamp,car_position_x,car_position_y,angle,speed,sensor_distances,traffic_light_state,action_taken,reward,ai_mode
red,0.43943885735911653,0.49696260195298486,3.722692938796212,5.0,"[1.0, 1.0, 1.0, 1.0, 1.0, 1.0, 1.0]",pure_ml,"{""accelerate"": true}",100.0,hybrid
red,0.4435967322796024,0.4973683991037739,3.722692938796212,5.0,"[1.0, 1.0, 1.0, 1.0, 1.0, 1.0, 1.0]",pure_ml,"{""accelerate"": true}",100.0,hybrid
red,0.44775460720008825,0.497774196254563,3.722692938796212,5.0,"[1.0, 1.0, 1.0, 1.0, 1.0, 1.0, 1.0]",pure_ml,"{""accelerate"": true}",100.0,hybrid
red,0.45191248212057405,0.498179993405352,3.722692938796212,5.0,"[1.0, 1.0, 1.0, 1.0, 0.9666666666666667, 1.0, 1.0]",pure_ml,"{""accelerate"": true}",100.0,hybrid
red,0.4560703570410599,0.49858579055614105,3.722692938796212,5.0,"[1.0, 1.0, 1.0, 1.0, 0.94, 1.0, 1.0]",pure_ml,"{""accelerate"": true}",100.0,hybrid
red,0.4602282319615458,0.49899158770693014,3.722692938796212,5.0,"[1.0, 1.0, 1.0, 1.0, 0.9, 1.0, 1.0]",pure_ml,"{""accelerate"": true}",100.0,hybrid
red,0.4643861068820316,0.4993973848577192,3.722692938796212,5.0,"[1.0, 1.0, 1.0, 1.0, 0.8733333333333333, 1.0, 1.0]",pure_ml,"{""accelerate"": true}",100.0,hybrid
red,0.46854398180251744,0.49980318200850826,3.722692938796212,5.0,"[1.0, 1.0, 1.0, 1.0, 0.8333333333333334, 1.0, 1.0]",pure_ml,"{""accelerate"": true}",100.0,hybrid
red,0.4727018567230033,0.5002089791592973,3.722692938796212,5.0,"[1.0, 1.0, 1.0, 1.0, 0.8066666666666666, 1.0, 1.0]",pure_ml,"{""accelerate"": true}",100.0,hybrid
red,0.4768597316434891,0.5006147763100863,3.722692938796212,5.0,"[1.0, 1.0, 1.0, 1.0, 0.7733333333333333, 1.0, 1.0]",pure_ml,"{""accelerate"": true}",97.0,hybrid
red,0.48101760656397496,0.5010205734608754,3.722692938796212,5.0,"[1.0, 1.0, 1.0, 1.0, 0.74, 1.0, 1.0]",pure_ml,"{""accelerate"": true}",97.0,hybrid
red,0.4851754814844608,0.5014263706116645,3.722692938796212,5.0,"[1.0, 1.0, 1.0, 1.0, 0.7066666666666667, 1.0, 1.0]",pure_ml,"{""accelerate"": true}",97.0,hybrid
red,0.4893333564049467,0.5018321677624535,3.722692938796212,5.0,"[1.0, 1.0, 1.0, 1.0, 0.6733333333333333, 1.0, 1.0]",pure_ml,"{""accelerate"": true}",97.0,hybrid
red,0.4934912313254325,0.5022379649132426,3.722692938796212,5.0,"[1.0, 1.0, 1.0, 1.0, 0.64, 1.0, 1.0]",pure_ml,"{""accelerate"": true}",92.0,hybrid
red,0.49764910624591835,0.5026437620640316,3.722692938796212,5.0,"[1.0, 1.0, 1.0, 1.0, 0.6066666666666667, 1.0, 1.0]",pure_ml,"{""accelerate"": true}",92.0,hybrid
red,0.5018069811664042,0.5030495592148206,3.722692938796212,5.0,"[1.0, 1.0, 1.0, 1.0, 0.5733333333333334, 1.0, 1.0]",pure_ml,"{""accelerate"": true}",92.0,hybrid
red,0.50596485608689,0.5034553563656098,3.722692938796212,5.0,"[1.0, 1.0, 1.0, 1.0, 0.54, 1.0, 1.0]",pure_ml,"{""accelerate"": true}",92.0,hybrid
red,0.5101227310073759,0.5038611535163988,3.722692938796212,5.0,"[1.0, 1.0, 1.0, 1.0, 0.5533333333333333, 1.0, 1.0]",pure_ml,"{""accelerate"": true}",92.0,hybrid
red,0.5142806059278617,0.5042669506671879,3.722692938796212,5.0,"[1.0, 1.0, 1.0, 1.0, 0.5466666666666666, 0.64, 1.0]",pure_ml,"{""accelerate"": true}",92.0,hybrid
red,0.5184384808483475,0.5046727478179769,3.722692938796212,5.0,"[1.0, 1.0, 1.0, 1.0, 0.5533333333333333, 0.6, 1.0]",pure_ml,"{""accelerate"": true}",92.0,hybrid
red,0.5225963557688335,0.5050785449687659,3.722692938796212,5.0,"[1.0, 1.0, 1.0, 1.0, 0.5666666666666667, 0.5466666666666666, 1.0]",pure_ml,"{""accelerate"": true}",92.0,hybrid
red,0.5267542306893193,0.5054843421195551,3.722692938796212,5.0,"[1.0, 1.0, 1.0, 1.0, 0.56, 0.5066666666666667, 1.0]",pure_ml,"{""accelerate"": true}",42.0,hybrid
red,0.5309121056098051,0.5058901392703441,3.722692938796212,5.0,"[1.0, 1.0, 1.0, 1.0, 0.5733333333333334, 0.46, 1.0]",pure_ml,"{""accelerate"": true}",42.0,hybrid
red,0.535069980530291,0.5037959364211332,-2.962436190273337,5.0,"[1.0, 1.0, 1.0, 1.0, 0.5666666666666667, 0.42, 1.0]",pure_ml,"{""accelerate"": true}",42.0,hybrid
red,0.5392310789978838,0.50347292872503,-2.962436190273337,5.0,"[1.0, 1.0, 1.0, 1.0, 1.0, 0.4, 1.0]",pure_ml,"{""accelerate"": true}",42.0,hybrid
red,0.5433921774654767,0.503149921028927,-2.962436190273337,5.0,"[1.0, 1.0, 1.0, 1.0, 1.0, 0.41333333333333333, 1.0]",pure_ml,"{""accelerate"": true}",42.0,hybrid
red,0.5475532759330696,0.5028269133328238,-2.962436190273337,5.0,"[1.0, 1.0, 1.0, 1.0, 1.0, 0.41333333333333333, 1.0]",pure_ml,"{""accelerate"": true}",42.0,hybrid
red,0.5517143744006625,0.5025039056367208,-2.962436190273337,5.0,"[1.0, 1.0, 1.0, 1.0, 1.0, 0.4266666666666667, 1.0]",pure_ml,"{""accelerate"": true}",42.0,hybrid
red,0.5558754728682553,0.5021808979406177,-2.962436190273337,5.0,"[1.0, 1.0, 1.0, 1.0, 1.0, 0.43333333333333335, 1.0]",pure_ml,"{""accelerate"": true}",42.0,hybrid
red,0.5600365713358483,0.5018578902445145,-2.962436190273337,5.0,"[1.0, 1.0, 1.0, 1.0, 1.0, 0.44666666666666666, 1.0]",pure_ml,"{""accelerate"": true}",42.0,hybrid
red,0.5641976698034411,0.5015348825484115,-2.962436190273337,5.0,"[1.0, 1.0, 1.0, 1.0, 1.0, 1.0, 1.0]",pure_ml,"{""accelerate"": true}",100.0,hybrid
red,0.568358768271034,0.5012118748523084,-2.962436190273337,5.0,"[1.0, 1.0, 1.0, 1.0, 1.0, 1.0, 1.0]",pure_ml,"{""accelerate"": true}",100.0,hybrid
red,0.5725198667386269,0.5008888671562053,-2.962436190273337,5.0,"[1.0, 1.0, 1.0, 1.0, 1.0, 1.0, 0.32]",pure_ml,"{""accelerate"": true}",-58.0,hybrid
red,0.5766809652062198,0.5005658594601022,-2.962436190273337,5.0,"[1.0, 1.0, 1.0, 1.0, 1.0, 1.0, 0.32666666666666666]",pure_ml,"{""accelerate"": true}",-58.0,hybrid
red,0.5808420636738126,0.5002428517639992,-2.962436190273337,4.95,"[1.0, 1.0, 1.0, 1.0, 1.0, 1.0, 0.32666666666666666]",pure_ml,"{""turn_left"": true}",-78.9,hybrid
red,0.5849167002645249,0.49927892037605415,-8.962436190273337,5.0,"[1.0, 1.0, 1.0, 1.0, 1.0, 1.0, 0.34]",pure_ml,"{""accelerate"": true}",-58.0,hybrid
red,0.5890324948005979,0.4983052523074229,-8.962436190273337,5.0,"[1.0, 1.0, 1.0, 1.0, 1.0, 1.0, 0.3466666666666667]",pure_ml,"{""accelerate"": true}",-58.0,hybrid
red,0.5931482893366709,0.4973315842387916,-8.962436190273337,5.0,"[1.0, 1.0, 1.0, 1.0, 1.0, 1.0, 0.36]",pure_ml,"{""accelerate"": true}",-58.0,hybrid
red,0.5972640838727439,0.49635791617016034,-8.962436190273337,4.95,"[1.0, 1.0, 1.0, 1.0, 1.0, 1.0, 0.36666666666666664]",pure_ml,"{""turn_left"": true}",-78.9,hybrid
red,0.601249227000091,0.4947603920474144,-14.962436190273333,5.0,"[1.0, 1.0, 1.0, 1.0, 1.0, 1.0, 1.0]",pure_ml,"{""accelerate"": true}",100.0,hybrid
red,0.6052746240984215,0.495646731317368,-7.9684425014608875,5.0,"[1.0, 1.0, 1.0, 1.0, 1.0, 1.0, 1.0]",pure_ml,"{""accelerate"": true}",100.0,hybrid
red,0.609401059817619,0.4947803084561204,-7.9684425014608875,5.0,"[1.0, 1.0, 1.0, 1.0, 1.0, 1.0, 1.0]",pure_ml,"{""accelerate"": true}",100.0,hybrid
red,0.6135274955368167,0.4939138855948728,-7.9684425014608875,5.0,"[1.0, 1.0, 1.0, 1.0, 1.0, 1.0, 1.0]",pure_ml,"{""accelerate"": true}",100.0,hybrid
red,0.6176539312560143,0.49554746273362527,-1.1425822185436667,5.0,"[1.0, 1.0, 1.0, 1.0, 1.0, 1.0, 1.0]",pure_ml,"{""accelerate"": true}",100.0,hybrid
red,0.6218197694579445,0.4954228346087307,-1.1425822185436667,5.0,"[1.0, 1.0, 1.0, 1.0, 1.0, 1.0, 1.0]",pure_ml,"{""accelerate"": true}",100.0,hybrid
red,0.6259856076598745,0.4952982064838362,-1.1425822185436667,5.0,"[1.0, 1.0, 1.0, 1.0, 1.0, 1.0, 1.0]",pure_ml,"{""accelerate"": true}",100.0,hybrid
red,0.6301514458618047,0.49517357835894166,-1.1425822185436667,5.0,"[1.0, 1.0, 1.0, 1.0, 1.0, 1.0, 1.0]",pure_ml,"{""accelerate"": true}",100.0,hybrid
red,0.6343172840637348,0.49504895023404716,-1.1425822185436667,5.0,"[1.0, 1.0, 1.0, 1.0, 1.0, 1.0, 1.0]",pure_ml,"{""accelerate"": true}",100.0,hybrid
red,0.638483122265665,0.4949243221091526,-1.1425822185436667,5.0,"[1.0, 1.0, 1.0, 1.0, 1.0, 1.0, 1.0]",pure_ml,"{""accelerate"": true}",100.0,hybrid
red,0.642648960467595,0.4947996939842581,-1.1425822185436667,5.0,"[1.0, 1.0, 1.0, 1.0, 1.0, 1.0, 1.0]",pure_ml,"{""accelerate"": true}",100.0,hybrid
red,0.6468147986695252,0.49467506585936355,-1.1425822185436667,5.0,"[1.0, 1.0, 1.0, 1.0, 1.0, 1.0, 1.0]",pure_ml,"{""accelerate"": true}",100.0,hybrid
red,0.6509806368714552,0.49455043773446905,-1.1425822185436667,5.0,"[1.0, 1.0, 1.0, 1.0, 1.0, 1.0, 1.0]",pure_ml,"{""accelerate"": true}",100.0,hybrid
red,0.6551464750733854,0.4944258096095745,-1.1425822185436667,5.0,"[1.0, 1.0, 1.0, 1.0, 1.0, 1.0, 1.0]",pure_ml,"{""accelerate"": true}",100.0,hybrid
red,0.6593123132753155,0.49430118148468,-1.1425822185436667,5.0,"[1.0, 1.0, 1.0, 1.0, 1.0, 1.0, 0.7333333333333333]",pure_ml,"{""accelerate"": true}",97.0,hybrid
red,0.6634781514772456,0.49417655335978544,-1.1425822185436667,5.0,"[1.0, 1.0, 1.0, 1.0, 1.0, 1.0, 0.7333333333333333]",pure_ml,"{""accelerate"": true}",97.0,hybrid
red,0.6676439896791757,0.49405192523489094,-1.1425822185436667,5.0,"[1.0, 1.0, 1.0, 1.0, 1.0, 1.0, 0.7333333333333333]",pure_ml,"{""accelerate"": true}",97.0,hybrid
red,0.6718098278811059,0.4939272971099964,-1.1425822185436667,5.0,"[1.0, 1.0, 1.0, 1.0, 1.0, 1.0, 0.7333333333333333]",pure_ml,"{""accelerate"": true}",97.0,hybrid
red,0.6759756660830359,0.49380266898510183,-1.1425822185436667,5.0,"[1.0, 1.0, 1.0, 1.0, 1.0, 1.0, 0.7333333333333333]",pure_ml,"{""accelerate"": true}",97.0,hybrid
red,0.6801415042849661,0.49617804086020734,5.4442585861767885,5.0,"[1.0, 1.0, 1.0, 1.0, 1.0, 1.0, 0.7333333333333333]",pure_ml,"{""accelerate"": true}",97.0,hybrid
red,0.6842893750052343,0.4967710240790831,5.4442585861767885,5.0,"[1.0, 1.0, 1.0, 1.0, 1.0, 1.0, 0.7266666666666667]",pure_ml,"{""accelerate"": true}",97.0,hybrid
red,0.6884372457255026,0.4973640072979588,5.4442585861767885,5.0,"[1.0, 1.0, 1.0, 1.0, 1.0, 1.0, 0.7266666666666667]",pure_ml,"{""accelerate"": true}",97.0,hybrid
red,0.6925851164457708,0.49795699051683456,5.4442585861767885,5.0,"[1.0, 1.0, 1.0, 1.0, 1.0, 1.0, 0.7866666666666666]",pure_ml,"{""accelerate"": true}",97.0,hybrid
red,0.696732987166039,0.4985499737357103,5.4442585861767885,5.0,"[1.0, 1.0, 1.0, 1.0, 1.0, 1.0, 1.0]",pure_ml,"{""accelerate"": true}",100.0,hybrid
red,0.7008808578863074,0.49914295695458605,5.4442585861767885,5.0,"[1.0, 1.0, 1.0, 1.0, 1.0, 1.0, 1.0]",pure_ml,"{""accelerate"": true}",100.0,hybrid
red,0.7050287286065756,0.4997359401734618,5.4442585861767885,5.0,"[1.0, 1.0, 1.0, 1.0, 1.0, 1.0, 1.0]",pure_ml,"{""accelerate"": true}",100.0,hybrid
red,0.7091765993268438,0.5003289233923376,5.4442585861767885,5.0,"[1.0, 1.0, 1.0, 1.0, 1.0, 1.0, 1.0]",pure_ml,"{""accelerate"": true}",100.0,hybrid
red,0.7133244700471121,0.5009219066112133,5.4442585861767885,5.0,"[1.0, 1.0, 1.0, 1.0, 1.0, 1.0, 1.0]",pure_ml,"{""accelerate"": true}",100.0,hybrid
red,0.7174723407673804,0.5015148898300891,5.4442585861767885,5.0,"[1.0, 1.0, 1.0, 1.0, 1.0, 1.0, 1.0]",pure_ml,"{""accelerate"": true}",100.0,hybrid
red,0.7216202114876487,0.5021078730489648,5.4442585861767885,5.0,"[1.0, 1.0, 1.0, 1.0, 1.0, 1.0, 1.0]",pure_ml,"{""accelerate"": true}",100.0,hybrid
red,0.7257680822079169,0.5027008562678406,5.4442585861767885,5.0,"[1.0, 1.0, 1.0, 1.0, 1.0, 1.0, 1.0]",pure_ml,"{""accelerate"": true}",100.0,hybrid
red,0.7299159529281851,0.5032938394867162,5.4442585861767885,5.0,"[1.0, 1.0, 1.0, 1.0, 1.0, 1.0, 1.0]",pure_ml,"{""accelerate"": true}",100.0,hybrid
red,0.7340638236484535,0.503886822705592,5.4442585861767885,5.0,"[1.0, 1.0, 1.0, 1.0, 1.0, 1.0, 1.0]",pure_ml,"{""accelerate"": true}",100.0,hybrid
red,0.7382116943687217,0.5044798059244677,5.4442585861767885,5.0,"[1.0, 1.0, 1.0, 1.0, 1.0, 1.0, 1.0]",pure_ml,"{""accelerate"": true}",100.0,hybrid
red,0.7423595650889899,0.5050727891433435,5.4442585861767885,5.0,"[1.0, 1.0, 1.0, 1.0, 1.0, 1.0, 1.0]",pure_ml,"{""accelerate"": true}",100.0,hybrid
red,0.7465074358092582,0.5056657723622192,5.4442585861767885,5.0,"[1.0, 1.0, 1.0, 1.0, 1.0, 1.0, 1.0]",pure_ml,"{""accelerate"": true}",100.0,hybrid
red,0.7506553065295265,0.503758755581095,-1.3011935161327273,5.0,"[1.0, 1.0, 1.0, 1.0, 1.0, 1.0, 1.0]",pure_ml,"{""accelerate"": true}",100.0,hybrid
red,0.7548208987649881,0.5036168295873925,-1.3011935161327273,5.0,"[1.0, 1.0, 1.0, 1.0, 1.0, 1.0, 1.0]",pure_ml,"{""accelerate"": true}",100.0,hybrid
red,0.7589864910004498,0.5034749035936901,-1.3011935161327273,5.0,"[1.0, 1.0, 1.0, 1.0, 0.96, 1.0, 1.0]",pure_ml,"{""accelerate"": true}",100.0,hybrid
red,0.7631520832359115,0.5033329775999875,-1.3011935161327273,5.0,"[1.0, 1.0, 1.0, 1.0, 0.92, 1.0, 1.0]",pure_ml,"{""accelerate"": true}",100.0,hybrid
red,0.7673176754713732,0.5031910516062851,-1.3011935161327273,5.0,"[1.0, 1.0, 1.0, 1.0, 0.88, 1.0, 1.0]",pure_ml,"{""accelerate"": true}",100.0,hybrid
red,0.7714832677068348,0.5030491256125826,-1.3011935161327273,5.0,"[1.0, 1.0, 1.0, 1.0, 0.8333333333333334, 1.0, 1.0]",pure_ml,"{""accelerate"": true}",100.0,hybrid
red,0.7756488599422966,0.5029071996188802,-1.3011935161327273,5.0,"[1.0, 1.0, 1.0, 1.0, 0.7933333333333333, 1.0, 1.0]",pure_ml,"{""accelerate"": true}",97.0,hybrid
red,0.7798144521777582,0.5027652736251776,-1.3011935161327273,5.0,"[1.0, 1.0, 1.0, 1.0, 0.7466666666666667, 1.0, 1.0]",pure_ml,"{""accelerate"": true}",97.0,hybrid
red,0.7839800444132199,0.5026233476314752,-1.3011935161327273,5.0,"[1.0, 1.0, 1.0, 1.0, 0.7066666666666667, 1.0, 1.0]",pure_ml,"{""accelerate"": true}",97.0,hybrid
red,0.7881456366486816,0.5024814216377728,-1.3011935161327273,5.0,"[1.0, 1.0, 1.0, 1.0, 0.66, 1.0, 1.0]",pure_ml,"{""accelerate"": true}",92.0,hybrid
red,0.7923112288841433,0.5023394956440703,-1.3011935161327273,5.0,"[1.0, 1.0, 1.0, 1.0, 0.62, 1.0, 1.0]",pure_ml,"{""accelerate"": true}",92.0,hybrid
red,0.7964768211196049,0.5021975696503678,-1.3011935161327273,5.0,"[1.0, 1.0, 1.0, 1.0, 0.58, 0.74, 1.0]",pure_ml,"{""accelerate"": true}",92.0,hybrid
red,0.8006424133550667,0.5020556436566653,-1.3011935161327273,5.0,"[1.0, 1.0, 1.0, 1.0, 0.56, 0.68, 1.0]",pure_ml,"{""accelerate"": true}",92.0,hybrid
red,0.8048080055905283,0.5019137176629629,-1.3011935161327273,5.0,"[1.0, 1.0, 1.0, 1.0, 0.58, 0.62, 1.0]",pure_ml,"{""accelerate"": true}",92.0,hybrid
red,0.80897359782599,0.5017717916692603,-1.3011935161327273,5.0,"[1.0, 1.0, 1.0, 1.0, 0.5866666666666667, 0.5666666666666667, 1.0]",pure_ml,"{""accelerate"": true}",92.0,hybrid
red,0.8131391900614517,0.5016298656755579,-1.3011935161327273,5.0,"[1.0, 1.0, 1.0, 1.0, 0.6066666666666667, 0.5133333333333333, 1.0]",pure_ml,"{""accelerate"": true}",42.0,hybrid
red,0.8173047822969134,0.5014879396818555,-1.3011935161327273,5.0,"[1.0, 1.0, 1.0, 1.0, 1.0, 0.46, 1.0]",pure_ml,"{""accelerate"": true}",42.0,hybrid
red,0.821470374532375,0.501346013688153,-1.3011935161327273,5.0,"[1.0, 1.0, 1.0, 1.0, 1.0, 0.4, 1.0]",pure_ml,"{""accelerate"": true}",42.0,hybrid
red,0.8256359667678368,0.5012040876944505,-1.3011935161327273,5.0,"[1.0, 1.0, 1.0, 1.0, 1.0, 0.3466666666666667, 1.0]",pure_ml,"{""accelerate"": true}",-58.0,hybrid
red,0.8298015590032984,0.501062161700748,-1.3011935161327273,4.95,"[1.0, 1.0, 1.0, 1.0, 1.0, 0.34, 1.0]",pure_ml,"{""turn_left"": true}",-78.9,hybrid
red,0.8338931126598149,0.5002758215894374,-7.301193516132727,5.0,"[1.0, 1.0, 1.0, 1.0, 1.0, 0.4, 1.0]",pure_ml,"{""accelerate"": true}",42.0,hybrid
red,0.8380259951411446,0.4994815386487197,-7.301193516132727,5.0,"[1.0, 1.0, 1.0, 1.0, 1.0, 0.41333333333333333, 1.0]",pure_ml,"{""accelerate"": true}",42.0,hybrid
red,0.8421588776224743,0.49868725570800193,-7.301193516132727,4.95,"[1.0, 1.0, 1.0, 1.0, 1.0, 1.0, 1.0]",pure_ml,"{""turn_left"": true}",79.1,hybrid
red,0.8461732207043268,0.497263697525958,-13.301193516132727,5.0,"[1.0, 1.0, 1.0, 1.0, 1.0, 1.0, 0.28]",pure_ml,"{""accelerate"": true}",-58.0,hybrid
red,0.8502281127061978,0.4958257599683379,-13.301193516132727,5.0,"[1.0, 1.0, 1.0, 1.0, 1.0, 1.0, 0.2866666666666667]",pure_ml,"{""accelerate"": true}",-58.0,hybrid
green,0.08333333333333333,0.5,0.0,0.2,"[1.0, 1.0, 1.0, 1.0, 1.0, 1.0, 1.0]",hybrid,"{""accelerate"": true}",61.6,hybrid
green,0.0835,0.5,0.0,0.15000000000000002,"[1.0, 1.0, 1.0, 1.0, 1.0, 0.9666666666666667, 1.0]",hybrid,"{""turn_right"": true}",40.7,hybrid
green,0.08362431523692103,0.5000195990868627,6.000000000000001,0.35000000000000003,"[1.0, 1.0, 1.0, 1.0, 1.0, 1.0, 1.0]",hybrid,"{""accelerate"": true}",62.8,hybrid
green,0.0839143841230701,0.5000653302895423,6.000000000000001,0.55,"[1.0, 1.0, 1.0, 1.0, 1.0, 1.0, 1.0]",hybrid,"{""accelerate"": true}",64.4,hybrid
green,0.08437020665844724,0.5001371936080389,6.000000000000001,0.75,"[1.0, 1.0, 1.0, 1.0, 1.0, 1.0, 1.0]",hybrid,"{""accelerate"": true}",66.0,hybrid
green,0.08499178284305241,0.5002351890423522,6.000000000000001,0.95,"[1.0, 1.0, 1.0, 1.0, 1.0, 1.0, 1.0]",hybrid,"{""accelerate"": true}",67.6,hybrid
green,0.08577911267688564,0.5003593165924826,6.000000000000001,1.15,"[1.0, 1.0, 1.0, 1.0, 1.0, 1.0, 1.0]",hybrid,"{""accelerate"": true}",74.2,hybrid
green,0.0867321961599469,0.5005095762584298,6.000000000000001,1.3499999999999999,"[1.0, 1.0, 1.0, 1.0, 1.0, 1.0, 1.0]",hybrid,"{""accelerate"": true}",75.8,hybrid
green,0.0878510332922362,0.500685968040194,6.000000000000001,1.5499999999999998,"[1.0, 1.0, 1.0, 1.0, 1.0, 1.0, 1.0]",hybrid,"{""accelerate"": true}",77.4,hybrid
green,0.08913562407375356,0.5008884919377751,6.000000000000001,1.4999999999999998,"[1.0, 1.0, 1.0, 1.0, 1.0, 1.0, 1.0]",hybrid,"{""turn_right"": true}",56.5,hybrid
green,0.09035830857467081,0.5012783263580584,12.0,1.6999999999999997,"[1.0, 1.0, 1.0, 1.0, 1.0, 1.0, 1.0]",hybrid,"{""accelerate"": true}",78.6,hybrid
green,0.09174401767571036,0.5017201387010461,12.0,1.8999999999999997,"[1.0, 1.0, 1.0, 1.0, 1.0, 1.0, 1.0]",hybrid,"{""accelerate"": true}",80.19999999999999,hybrid
green,0.09329275137687222,0.5022139289667383,12.0,2.0999999999999996,"[1.0, 1.0, 1.0, 1.0, 1.0, 1.0, 1.0]",hybrid,"{""accelerate"": true}",111.8,hybrid
green,0.09500450967815638,0.502759697155135,12.0,2.3,"[1.0, 1.0, 1.0, 1.0, 1.0, 1.0, 1.0]",hybrid,"{""accelerate"": true}",113.4,hybrid
green,0.09687929257956285,0.503357443266236,12.0,2.5,"[1.0, 1.0, 1.0, 1.0, 1.0, 1.0, 1.0]",hybrid,"{""accelerate"": true}",115.0,hybrid
green,0.0989171000810916,0.5040071673000416,12.0,2.7,"[1.0, 1.0, 1.0, 1.0, 1.0, 1.0, 1.0]",hybrid,"{""accelerate"": true}",116.6,hybrid
green,0.10111793218274266,0.5047088692565516,12.0,2.6500000000000004,"[1.0, 1.0, 1.0, 1.0, 1.0, 1.0, 1.0]",hybrid,"{""turn_left"": true}",95.7,hybrid
green,0.10331416803501427,0.5050551197911256,6.000000000000001,2.8500000000000005,"[1.0, 1.0, 1.0, 1.0, 1.0, 1.0, 1.0]",hybrid,"{""accelerate"": true}",117.80000000000001,hybrid
green,0.10567615753651391,0.5054275024415166,6.000000000000001,3.0500000000000007,"[1.0, 1.0, 1.0, 1.0, 1.0, 1.0, 1.0]",hybrid,"{""accelerate"": true}",119.4,hybrid
green,0.1082039006872416,0.5058260172077245,6.000000000000001,3.250000000000001,"[1.0, 1.0, 1.0, 1.0, 1.0, 1.0, 1.0]",hybrid,"{""accelerate"": true}",121.0,hybrid
green,0.11089739748719735,0.5037506640897493,-3.9564629443845973,3.450000000000001,"[1.0, 1.0, 1.0, 1.0, 1.0, 1.0, 1.0]",hybrid,"{""accelerate"": true}",122.60000000000001,hybrid
green,0.11376554569451088,0.5034531083185245,-3.9564629443845973,3.6500000000000012,"[1.0, 1.0, 1.0, 1.0, 1.0, 1.0, 1.0]",hybrid,"{""accelerate"": true}",124.20000000000002,hybrid
green,0.11679996336311796,0.5031383029373735,-3.9564629443845973,3.8500000000000014,"[1.0, 1.0, 1.0, 1.0, 1.0, 1.0, 1.0]",hybrid,"{""accelerate"": true}",125.80000000000001,hybrid
green,0.12000065049301857,0.5028062479462965,-3.9564629443845973,4.050000000000002,"[1.0, 1.0, 1.0, 1.0, 1.0, 1.0, 1.0]",hybrid,"{""accelerate"": true}",97.4,hybrid
green,0.12336760708421274,0.5024569433452934,-3.9564629443845973,4.250000000000002,"[1.0, 1.0, 1.0, 1.0, 1.0, 1.0, 1.0]",hybrid,"{""accelerate"": true}",99.00000000000001,hybrid
green,0.12690083313670045,0.5020903891343642,-3.9564629443845973,4.450000000000002,"[1.0, 1.0, 1.0, 1.0, 1.0, 1.0, 1.0]",hybrid,"{""accelerate"": true}",100.60000000000002,hybrid
green,0.13060032865048168,0.501706585313509,-3.9564629443845973,4.650000000000002,"[1.0, 1.0, 1.0, 1.0, 1.0, 1.0, 1.0]",hybrid,"{""accelerate"": true}",97.20000000000002,hybrid
green,0.13446609362555648,0.5013055318827276,-3.9564629443845973,4.850000000000002,"[1.0, 1.0, 1.0, 1.0, 1.0, 1.0, 1.0]",hybrid,"{""accelerate"": true}",98.80000000000001,hybrid
green,0.1384981280619248,0.5008872288420202,-3.9564629443845973,5.0,"[1.0, 1.0, 1.0, 1.0, 1.0, 1.0, 1.0]",hybrid,"{""accelerate"": true}",100.0,hybrid
green,0.14265486459426327,0.5004559885938682,-3.9564629443845973,5.0,"[1.0, 1.0, 1.0, 1.0, 1.0, 1.0, 1.0]",hybrid,"{""accelerate"": true}",100.0,hybrid
green,0.14681160112660174,0.5000247483457162,-3.9564629443845973,4.95,"[1.0, 1.0, 1.0, 0.98, 1.0, 1.0, 1.0]",hybrid,"{""turn_left"": true}",79.1,hybrid
green,0.15087447622525327,0.4989549307917827,-9.956462944384597,4.9,"[1.0, 1.0, 1.0, 0.96, 1.0, 1.0, 1.0]",hybrid,"{""turn_left"": true}",63.7,hybrid
green,0.15480048225968351,0.4972711263525324,-15.956462944384597,4.8500000000000005,"[1.0, 1.0, 1.0, 1.0, 1.0, 1.0, 1.0]",hybrid,"{""turn_left"": true}",63.30000000000001,hybrid
green,0.15854899971873318,0.49500434577576735,-21.956462944384597,4.800000000000001,"[1.0, 1.0, 1.0, 1.0, 0.8933333333333333, 1.0, 1.0]",hybrid,"{""turn_left"": true}",62.900000000000006,hybrid
green,0.16208221601038744,0.4946915427375375,-20.58285157345964,4.750000000000001,"[1.0, 1.0, 1.0, 1.0, 0.8666666666666667, 1.0, 1.0]",hybrid,"{""turn_left"": true}",62.5,hybrid
green,0.16562210683973283,0.4945345622498952,-19.11601743671397,4.450000000000001,"[1.0, 1.0, 1.0, 1.0, 0.84, 1.0, 1.0]",hybrid,"{""brake"": true}",65.60000000000001,hybrid
green,0.1691259530283472,0.49521294332852395,-11.174799370266536,4.400000000000001,"[1.0, 1.0, 1.0, 1.0, 0.8133333333333334, 1.0, 1.0]",hybrid,"{""turn_left"": true}",64.70000000000002,hybrid
green,0.17262911691293517,0.4960888601117931,-9.18326247863182,4.350000000000001,"[1.0, 1.0, 1.0, 1.0, 0.7933333333333333, 1.0, 1.0]",hybrid,"{""turn_left"": true}",81.30000000000001,hybrid
green,0.17612757920204486,0.49466473937383776,-15.18326247863182,4.300000000000002,"[1.0, 1.0, 1.0, 1.0, 1.0, 1.0, 1.0]",hybrid,"{""turn_left"": true}",63.900000000000006,hybrid
green,0.17946878455548065,0.49522247130045366,-12.923297942500128,4.250000000000002,"[1.0, 1.0, 1.0, 1.0, 0.74, 1.0, 1.0]",hybrid,"{""turn_left"": true}",80.50000000000001,hybrid
green,0.18281903677347974,0.4959996164253894,-10.609062877091706,4.200000000000002,"[1.0, 1.0, 1.0, 1.0, 0.72, 1.0, 1.0]",hybrid,"{""turn_left"": true}",80.10000000000002,hybrid
green,0.18617300757945218,0.494498956695957,-16.609062877091706,4.150000000000002,"[1.0, 1.0, 1.0, 1.0, 0.7, 1.0, 1.0]",hybrid,"{""turn_left"": true}",79.70000000000002,hybrid
green,0.18936556598636153,0.4950046672005319,-14.017883143746023,4.100000000000002,"[1.0, 1.0, 1.0, 1.0, 0.6733333333333333, 1.0, 1.0]",hybrid,"{""turn_left"": true}",79.30000000000001,hybrid
green,0.1925758175509362,0.4957503109062381,-11.371877103743335,4.0500000000000025,"[1.0, 1.0, 1.0, 1.0, 0.6466666666666666, 1.0, 1.0]",hybrid,"{""turn_left"": true}",89.40000000000002,hybrid
green,0.19579687365530737,0.4942387882341919,-17.371877103743333,4.000000000000003,"[1.0, 1.0, 1.0, 1.0, 0.6333333333333333, 1.0, 1.0]",hybrid,"{""turn_left"": true}",89.00000000000003,hybrid
green,0.19885670515549303,0.4947553013603857,-14.434061978058313,3.950000000000003,"[1.0, 1.0, 1.0, 1.0, 0.6066666666666667, 1.0, 1.0]",hybrid,"{""turn_left"": true}",118.60000000000002,hybrid
green,0.20194124238049682,0.49553147596550856,-11.446931150690604,3.900000000000003,"[1.0, 1.0, 1.0, 1.0, 0.5866666666666667, 1.0, 1.0]",hybrid,"{""turn_left"": true}",118.20000000000002,hybrid
green,0.20504172633586157,0.4940698421893242,-17.4469311506906,3.850000000000003,"[1.0, 1.0, 1.0, 1.0, 0.5733333333333334, 1.0, 1.0]",hybrid,"{""turn_left"": true}",117.80000000000003,hybrid
green,0.207985144418521,0.49465495087934996,-14.148134848889281,3.8000000000000034,"[1.0, 1.0, 1.0, 1.0, 0.54, 1.0, 1.0]",hybrid,"{""turn_left"": true}",117.40000000000003,hybrid
green,0.21095802757792548,0.4955188204226959,-10.814598384710546,3.7500000000000036,"[1.0, 1.0, 1.0, 1.0, 0.5266666666666666, 1.0, 1.0]",hybrid,"{""turn_left"": true}",77.00000000000003,hybrid
green,0.21394942077818427,0.4941628405654515,-16.814598384710546,3.7000000000000037,"[1.0, 1.0, 1.0, 1.0, 0.5066666666666667, 1.0, 1.0]",hybrid,"{""turn_left"": true}",76.60000000000002,hybrid
green,0.21679152763692192,0.4948694947098196,-13.146716348845143,3.650000000000004,"[1.0, 1.0, 1.0, 1.0, 0.4866666666666667, 1.0, 1.0]",hybrid,"{""turn_left"": true}",76.20000000000003,hybrid
green,0.2196649347774597,0.4958730482822488,-9.470585251758923,3.600000000000004,"[1.0, 1.0, 1.0, 1.0, 0.46, 1.0, 1.0]",hybrid,"{""turn_left"": true}",75.80000000000004,hybrid
green,0.2225562373439851,0.49467270195522145,-15.47058525175892,3.5500000000000043,"[1.0, 1.0, 1.0, 1.0, 0.44666666666666666, 1.0, 1.0]",hybrid,"{""turn_left"": true}",75.40000000000003,hybrid
green,0.22530927891450608,0.4955484725995845,-11.437355139129185,3.5000000000000044,"[1.0, 1.0, 1.0, 1.0, 0.4266666666666667, 1.0, 1.0]",hybrid,"{""turn_left"": true}",75.00000000000003,hybrid
green,0.22809191063130896,0.4942374475657098,-17.437355139129185,3.4500000000000046,"[1.0, 1.0, 1.0, 1.0, 0.4066666666666667, 1.0, 1.0]",hybrid,"{""turn_left"": true}",74.60000000000004,hybrid
green,0.23072971019976507,0.4950221672730262,-13.040830982717464,3.150000000000005,"[1.0, 1.0, 1.0, 1.0, 0.3933333333333333, 0.42, 1.0]",hybrid,"{""brake"": true}",-35.799999999999955,hybrid
green,0.23328701016185793,0.4941336886386576,-13.040830982717464,2.850000000000005,"[1.0, 1.0, 1.0, 0.38, 0.37333333333333335, 1.0, 1.0]",hybrid,"{""brake"": true}",-50.19999999999996,hybrid
green,0.23560075774660863,0.4958298270170859,-1.3149709865784622,2.550000000000005,"[1.0, 1.0, 1.0, 1.0, 0.36, 1.0, 1.0]",hybrid,"{""brake"": true}",-52.599999999999966,hybrid
green,0.23772519812180856,0.4957566784867109,-1.3149709865784622,2.2500000000000053,"[1.0, 1.0, 1.0, 0.34, 0.36, 1.0, 1.0]",hybrid,"{""brake"": true}",-54.99999999999996,hybrid
green,0.23959970433522026,0.4956921356657918,-1.3149709865784622,1.9500000000000053,"[1.0, 1.0, 1.0, 0.32666666666666666, 0.35333333333333333, 1.0, 1.0]",hybrid,"{""brake"": true}",-87.39999999999995,hybrid
green,0.2412242763868437,0.49563619855432856,-1.3149709865784622,1.6500000000000052,"[1.0, 1.0, 1.0, 0.32, 0.34, 1.0, 1.0]",hybrid,"{""brake"": true}",-89.79999999999995,hybrid
green,0.24259891427667896,0.4955888671523212,-1.3149709865784622,1.3500000000000052,"[1.0, 1.0, 1.0, 0.30666666666666664, 0.32666666666666666, 1.0, 1.0]",hybrid,"{""brake"": true}",-92.19999999999996,hybrid
green,0.243723618004726,0.4955501414597698,-1.3149709865784622,1.0500000000000052,"[1.0, 1.0, 1.0, 0.3, 0.32666666666666666, 1.0, 1.0]",hybrid,"{""brake"": true}",-94.59999999999997,hybrid
green,0.24459838757098476,0.4955200214766742,-1.3149709865784622,0.7500000000000051,"[1.0, 1.0, 1.0, 0.29333333333333333, 0.31333333333333335, 1.0, 1.0]",hybrid,"{""brake"": true}",-96.99999999999994,hybrid
green,0.24522322297545535,0.49549850720303446,-1.3149709865784622,0.4500000000000051,"[1.0, 1.0, 1.0, 0.29333333333333333, 0.31333333333333335, 1.0, 1.0]",hybrid,"{""brake"": true}",-99.39999999999995,hybrid
green,0.2455981242181377,0.49548559863885067,-1.3149709865784622,0.15000000000000513,"[1.0, 1.0, 1.0, 0.2866666666666667, 0.30666666666666664, 1.0, 1.0]",hybrid,"{""brake"": true}",-101.79999999999995,hybrid
green,0.2457230912990318,0.4954812957841227,-1.3149709865784622,0.0,"[1.0, 1.0, 1.0, 0.29333333333333333, 0.31333333333333335, 1.0, 1.0]",hybrid,"{""brake"": true}",-103.0,hybrid
green,0.2457230912990318,0.4954812957841227,-1.3149709865784622,0.0,"[1.0, 1.0, 1.0, 0.29333333333333333, 0.31333333333333335, 1.0, 1.0]",hybrid,"{""brake"": true}",-103.0,hybrid
green,0.2457230912990318,0.4954812957841227,-1.3149709865784622,0.0,"[1.0, 1.0, 1.0, 0.3, 0.32, 1.0, 1.0]",hybrid,"{""brake"": true}",-103.0,hybrid
green,0.2457230912990318,0.4954812957841227,-1.3149709865784622,0.0,"[1.0, 1.0, 1.0, 0.30666666666666664, 0.32666666666666666, 1.0, 1.0]",hybrid,"{""brake"": true}",-103.0,hybrid
green,0.2457230912990318,0.4954812957841227,-1.3149709865784622,0.0,"[1.0, 1.0, 1.0, 0.30666666666666664, 0.32666666666666666, 1.0, 1.0]",hybrid,"{""brake"": true}",-103.0,hybrid
green,0.2457230912990318,0.4954812957841227,-1.3149709865784622,0.0,"[1.0, 1.0, 1.0, 0.31333333333333335, 0.3333333333333333, 1.0, 1.0]",hybrid,"{""brake"": true}",-103.0,hybrid
green,0.2457230912990318,0.4954812957841227,-1.3149709865784622,0.0,"[1.0, 1.0, 1.0, 0.31333333333333335, 0.3333333333333333, 1.0, 1.0]",hybrid,"{""brake"": true}",-103.0,hybrid
green,0.2457230912990318,0.4954812957841227,-1.3149709865784622,0.0,"[1.0, 1.0, 1.0, 0.32, 0.34, 1.0, 1.0]",hybrid,"{""brake"": true}",-103.0,hybrid
green,0.2457230912990318,0.4954812957841227,-1.3149709865784622,0.0,"[1.0, 1.0, 1.0, 0.32, 0.34, 1.0, 1.0]",hybrid,"{""brake"": true}",-103.0,hybrid
green,0.2457230912990318,0.4954812957841227,-1.3149709865784622,0.0,"[1.0, 1.0, 1.0, 0.32666666666666666, 0.3466666666666667, 1.0, 1.0]",hybrid,"{""brake"": true}",-103.0,hybrid
green,0.2457230912990318,0.4954812957841227,-1.3149709865784622,0.0,"[1.0, 1.0, 1.0, 0.3333333333333333, 0.35333333333333333, 1.0, 1.0]",hybrid,"{""brake"": true}",-103.0,hybrid
green,0.2457230912990318,0.4954812957841227,-1.3149709865784622,0.0,"[1.0, 1.0, 1.0, 0.3333333333333333, 0.35333333333333333, 1.0, 1.0]",hybrid,"{""brake"": true}",-103.0,hybrid
green,0.2457230912990318,0.4954812957841227,-1.3149709865784622,0.0,"[1.0, 1.0, 1.0, 0.34, 0.36, 1.0, 1.0]",hybrid,"{""brake"": true}",-103.0,hybrid
green,0.2457230912990318,0.4954812957841227,-1.3149709865784622,0.0,"[1.0, 1.0, 1.0, 0.34, 0.36, 1.0, 1.0]",hybrid,"{""brake"": true}",-103.0,hybrid
green,0.2457230912990318,0.4954812957841227,-1.3149709865784622,0.0,"[1.0, 1.0, 0.9933333333333333, 1.0, 0.36666666666666664, 1.0, 1.0]",hybrid,"{""brake"": true}",-103.0,hybrid
green,0.2457230912990318,0.4954812957841227,-1.3149709865784622,0.0,"[1.0, 1.0, 0.9866666666666667, 1.0, 0.36666666666666664, 1.0, 1.0]",hybrid,"{""brake"": true}",-103.0,hybrid
green,0.2457230912990318,0.4954812957841227,-1.3149709865784622,0.0,"[1.0, 1.0, 0.9866666666666667, 1.0, 0.37333333333333335, 1.0, 1.0]",hybrid,"{""brake"": true}",-103.0,hybrid
green,0.2457230912990318,0.4954812957841227,-1.3149709865784622,0.0,"[1.0, 1.0, 0.98, 1.0, 0.38, 1.0, 1.0]",hybrid,"{""brake"": true}",-103.0,hybrid
green,0.2457230912990318,0.4954812957841227,-1.3149709865784622,0.0,"[1.0, 1.0, 0.9733333333333334, 1.0, 0.38, 1.0, 1.0]",hybrid,"{""brake"": true}",-103.0,hybrid
green,0.2457230912990318,0.4954812957841227,-1.3149709865784622,0.0,"[1.0, 1.0, 0.9666666666666667, 1.0, 0.3933333333333333, 1.0, 1.0]",hybrid,"{""brake"": true}",-103.0,hybrid
green,0.2457230912990318,0.4954812957841227,-1.3149709865784622,0.0,"[1.0, 1.0, 0.96, 1.0, 0.3933333333333333, 1.0, 1.0]",hybrid,"{""brake"": true}",-103.0,hybrid
green,0.2457230912990318,0.4954812957841227,-1.3149709865784622,0.0,"[1.0, 1.0, 0.9533333333333334, 1.0, 0.4, 1.0, 1.0]",hybrid,"{""turn_left"": true}",7.0,hybrid
green,0.2457230912990318,0.4954812957841227,-7.314970986578464,0.0,"[1.0, 1.0, 1.0, 1.0, 0.38666666666666666, 0.4666666666666667, 1.0]",hybrid,"{""brake"": true}",-103.0,hybrid
green,0.2457230912990318,0.4954812957841227,-7.314970986578464,0.0,"[1.0, 1.0, 1.0, 1.0, 0.3933333333333333, 0.47333333333333333, 1.0]",hybrid,"{""brake"": true}",-103.0,hybrid
green,0.2457230912990318,0.4954812957841227,-7.314970986578464,0.0,"[1.0, 1.0, 1.0, 1.0, 0.3933333333333333, 0.47333333333333333, 1.0]",hybrid,"{""brake"": true}",-103.0,hybrid
green,0.2457230912990318,0.4954812957841227,-7.314970986578464,0.0,"[1.0, 1.0, 1.0, 0.9666666666666667, 0.4, 0.4866666666666667, 1.0]",hybrid,"{""turn_left"": true}",7.0,hybrid
green,0.2457230912990318,0.4954812957841227,-13.31497098657846,0.0,"[1.0, 1.0, 1.0, 0.8666666666666667, 0.3933333333333333, 0.46, 1.0]",hybrid,"{""brake"": true}",-103.0,hybrid
green,0.2457230912990318,0.4954812957841227,-13.31497098657846,0.0,"[1.0, 1.0, 1.0, 0.86, 0.3933333333333333, 0.46, 1.0]",hybrid,"{""brake"": true}",-103.0,hybrid
green,0.2457230912990318,0.4954812957841227,-13.31497098657846,0.0,"[1.0, 1.0, 1.0, 0.8533333333333334, 0.4, 0.4666666666666667, 1.0]",hybrid,"{""turn_left"": true}",-8.0,hybrid
green,0.2457230912990318,0.4954812957841227,-19.314970986578462,0.2,"[1.0, 1.0, 1.0, 0.88, 1.0, 0.44, 1.0]",hybrid,"{""accelerate"": true}",-11.399999999999999,hybrid
green,0.24588037705874274,0.4953986055366184,-19.314970986578462,0.4,"[1.0, 1.0, 1.0, 0.8733333333333333, 1.0, 0.44666666666666666, 1.0]",hybrid,"{""accelerate"": true}",-9.799999999999997,hybrid
green,0.24619494857816468,0.4952332250416097,-19.314970986578462,0.6000000000000001,"[1.0, 1.0, 1.0, 0.8666666666666667, 1.0, 0.44666666666666666, 1.0]",hybrid,"{""accelerate"": true}",-8.200000000000003,hybrid
green,0.24666680585729756,0.49498515429909673,-19.314970986578462,0.8,"[1.0, 1.0, 1.0, 0.8533333333333334, 1.0, 0.4533333333333333, 1.0]",hybrid,"{""accelerate"": true}",-6.600000000000001,hybrid
green,0.2472959488961414,0.4946543933090794,-19.314970986578462,1.0,"[1.0, 1.0, 1.0, 0.8466666666666667, 1.0, 0.4533333333333333, 1.0]",hybrid,"{""accelerate"": true}",0.0,hybrid
green,0.24808237769469618,0.49424094207155783,-19.314970986578462,0.7,"[1.0, 1.0, 1.0, 0.8333333333333334, 1.0, 0.44666666666666666, 1.0]",hybrid,"{""brake"": true}",-22.4,hybrid
green,0.24863287785368457,0.49395152620529265,-19.314970986578462,0.8999999999999999,"[1.0, 1.0, 1.0, 0.82, 1.0, 0.44666666666666666, 1.0]",hybrid,"{""accelerate"": true}",-5.799999999999997,hybrid
green,0.2493406637723839,0.49607942009152317,5.524668012908496,1.0999999999999999,"[1.0, 1.0, 1.0, 0.8133333333333334, 1.0, 0.44666666666666666, 1.0]",hybrid,"{""accelerate"": true}",15.799999999999997,hybrid
green,0.25025307237651534,0.4962117972534144,5.524668012908496,1.0499999999999998,"[1.0, 1.0, 0.7866666666666666, 1.0, 0.4533333333333333, 1.0, 1.0]",hybrid,"{""turn_left"": true}",20.4,hybrid
green,0.25112804226557056,0.49620090873628464,-0.47533198709150426,0.9999999999999998,"[1.0, 1.0, 0.8066666666666666, 1.0, 0.4266666666666667, 1.0, 1.0]",hybrid,"{""turn_left"": true}",15.0,hybrid
green,0.25195605935047033,0.49605993944527865,-6.475331987091504,0.9499999999999997,"[1.0, 1.0, 1.0, 0.7333333333333333, 0.41333333333333333, 0.5, 1.0]",hybrid,"{""turn_left"": true}",14.599999999999994,hybrid
green,0.2527290340563159,0.49580341657246507,-12.475331987091504,0.8999999999999997,"[1.0, 1.0, 1.0, 0.7333333333333333, 0.5466666666666666, 0.4666666666666667, 1.0]",hybrid,"{""turn_left"": true}",-10.800000000000004,hybrid
green,0.2534403791905932,0.49544690819266873,-18.475331987091504,0.8499999999999996,"[1.0, 1.0, 1.0, 0.74, 1.0, 0.43333333333333335, 1.0]",hybrid,"{""turn_left"": true}",-26.700000000000003,hybrid
green,0.2540850614977513,0.49500671292192616,-24.475331987091504,0.7999999999999996,"[1.0, 1.0, 1.0, 0.7666666666666667, 0.8466666666666667, 0.41333333333333333, 1.0]",hybrid,"{""turn_left"": true}",-30.6,hybrid
green,0.2546596265611862,0.4944995455701278,-30.475331987091504,0.7499999999999996,"[1.0, 1.0, 1.0, 1.0, 0.6933333333333334, 0.4266666666666667, 1.0]",hybrid,"{""turn_left"": true}",-31.0,hybrid
green,0.2551621971111527,0.49394222371949814,-36.47533198709151,0.6999999999999995,"[1.0, 1.0, 1.0, 1.0, 0.6933333333333334, 1.0, 1.0]",hybrid,"{""turn_left"": true}",23.599999999999994,hybrid
green,0.25559244519034396,0.49585136009031416,-8.335987309314561,0.6499999999999995,"[1.0, 1.0, 1.0, 1.0, 0.7066666666666667, 1.0, 1.0]",hybrid,"{""turn_left"": true}",41.699999999999996,hybrid
green,0.25611724457417995,0.4956501789154193,-14.335987309314561,0.5999999999999994,"[1.0, 1.0, 1.0, 0.6733333333333333, 1.0, 0.44666666666666666, 1.0]",hybrid,"{""turn_left"": true}",-28.700000000000003,hybrid
green,0.2565860799943651,0.4953895354141487,-20.33598730931456,0.5499999999999994,"[1.0, 1.0, 1.0, 0.6866666666666666, 1.0, 0.42, 1.0]",hybrid,"{""turn_left"": true}",-29.10000000000001,hybrid
green,0.25699684197688666,0.49508453691274484,-26.335987309314564,0.4999999999999994,"[1.0, 1.0, 1.0, 0.7, 0.6333333333333333, 0.4066666666666667, 1.0]",hybrid,"{""turn_left"": true}",-18.000000000000007,hybrid
green,0.257348894494131,0.49475023494374176,-32.33598730931456,0.4499999999999994,"[1.0, 1.0, 1.0, 1.0, 0.64, 0.6066666666666667, 1.0]",hybrid,"{""turn_left"": true}",31.599999999999994,hybrid
green,0.2576430395945258,0.49440133204205433,-38.33598730931457,0.3999999999999994,"[1.0, 1.0, 1.0, 1.0, 0.64, 1.0, 1.0]",hybrid,"{""turn_left"": true}",31.199999999999996,hybrid
green,0.25788145756785547,0.4940518997059933,-44.33598730931456,0.3499999999999994,"[1.0, 1.0, 1.0, 1.0, 0.6533333333333333, 0.6066666666666667, 0.5533333333333333]",hybrid,"{""turn_left"": true}",-69.2,hybrid
green,0.2580676238610962,0.4962151119384939,-50.33598730931456,0.5499999999999994,"[1.0, 1.0, 1.0, 1.0, 1.0, 0.6, 0.5]",hybrid,"{""accelerate"": true}",-108.60000000000002,hybrid
green,0.2583601708933316,0.4956858740181376,-50.33598730931456,0.7499999999999993,"[1.0, 1.0, 1.0, 1.0, 1.0, 0.5933333333333334, 0.5066666666666667]",hybrid,"{""accelerate"": true}",-107.0,hybrid
green,0.2587590986645617,0.4949641859449244,-50.33598730931456,0.9499999999999993,"[1.0, 1.0, 1.0, 1.0, 1.0, 0.5933333333333334, 0.5133333333333333]",hybrid,"{""accelerate"": true}",-105.4,hybrid
green,0.25926440717478644,0.49405004771885436,-50.33598730931456,1.1499999999999992,"[1.0, 1.0, 1.0, 1.0, 1.0, 0.58, 0.5066666666666667]",hybrid,"{""accelerate"": true}",-98.80000000000001,hybrid
green,0.25987609642400594,0.4954434593399275,-18.244424110465765,1.3499999999999992,"[1.0, 1.0, 1.0, 1.0, 1.0, 0.58, 0.5133333333333333]",hybrid,"{""accelerate"": true}",2.7999999999999936,hybrid
green,0.26094454222182845,0.4949151513819052,-18.244424110465765,1.2999999999999992,"[1.0, 1.0, 1.0, 0.5933333333333334, 0.5666666666666667, 0.44666666666666666, 1.0]",hybrid,"{""turn_left"": true}",-2.6000000000000085,hybrid
green,0.2619323277320609,0.49424787743666715,-24.244424110465765,1.2499999999999991,"[1.0, 1.0, 1.0, 0.6066666666666667, 0.5533333333333333, 0.44, 1.0]",hybrid,"{""turn_left"": true}",-7.000000000000007,hybrid
green,0.26283220744789815,0.4959608619550498,-5.642454168598635,1.199999999999999,"[1.0, 1.0, 1.0, 1.0, 0.5533333333333333, 0.62, 1.0]",hybrid,"{""turn_left"": true}",61.599999999999994,hybrid
green,0.26381163343689695,0.4956581564097323,-11.642454168598636,1.149999999999999,"[1.0, 1.0, 1.0, 0.5466666666666666, 1.0, 0.46, 1.0]",hybrid,"{""turn_left"": true}",-3.800000000000008,hybrid
green,0.2647248928658394,0.4952224845323322,-17.642454168598636,1.099999999999999,"[1.0, 1.0, 1.0, 0.5533333333333333, 0.5266666666666666, 0.43333333333333335, 1.0]",hybrid,"{""turn_left"": true}",5.79999999999999,hybrid
green,0.2655646198797933,0.4946710711487612,-23.642454168598636,1.049999999999999,"[1.0, 1.0, 1.0, 0.56, 0.5133333333333333, 0.44, 1.0]",hybrid,"{""turn_left"": true}",5.3999999999999915,hybrid
green,0.2663251074898459,0.49402192702866776,-29.642454168598636,0.9999999999999989,"[1.0, 1.0, 1.0, 1.0, 0.5066666666666667, 0.6133333333333333, 1.0]",hybrid,"{""turn_left"": true}",-4.000000000000007,hybrid
green,0.26700233182744454,0.4957935204167612,-6.898741185186314,0.9499999999999988,"[1.0, 1.0, 1.0, 1.0, 0.5066666666666667, 0.5, 1.0]",hybrid,"{""turn_left"": true}",14.599999999999994,hybrid
green,0.26777402165571224,0.4955284363355087,-12.898741185186315,0.8999999999999988,"[1.0, 1.0, 1.0, 0.5, 0.49333333333333335, 0.44666666666666666, 1.0]",hybrid,"{""turn_left"": true}",-0.8000000000000114,hybrid
green,0.2684835910121234,0.49516405262429897,-18.89874118518631,0.8499999999999988,"[1.0, 1.0, 1.0, 0.5066666666666667, 0.48, 0.4266666666666667, 1.0]",hybrid,"{""turn_left"": true}",-1.20000000000001,hybrid
green,0.269126087074424,0.49471672324639215,-24.898741185186314,0.7999999999999987,"[1.0, 1.0, 1.0, 1.0, 0.4666666666666667, 0.4866666666666667, 1.0]",hybrid,"{""turn_left"": true}",-5.6000000000000085,hybrid
green,0.2696981378665944,0.49420320084654135,-30.898741185186317,0.7499999999999987,"[1.0, 1.0, 1.0, 1.0, 0.4666666666666667, 0.48, 1.0]",hybrid,"{""turn_left"": true}",-6.000000000000014,hybrid
green,0.27019794902272226,0.4961403233567864,-5.1764384357929245,0.6999999999999986,"[1.0, 1.0, 1.0, 1.0, 0.4666666666666667, 0.46, 1.0]",hybrid,"{""turn_left"": true}",12.599999999999987,hybrid
green,0.2707702194083488,0.49597072128455966,-11.176438435792925,0.6499999999999986,"[1.0, 1.0, 1.0, 0.46, 0.46, 0.46, 1.0]",hybrid,"{""turn_left"": true}",-2.8000000000000114,hybrid
green,0.27128772767908876,0.4957307776935631,-17.176438435792925,0.5999999999999985,"[1.0, 1.0, 1.0, 0.46, 0.44, 0.43333333333333335, 1.0]",hybrid,"{""turn_left"": true}",-3.20000000000001,hybrid
green,0.2717473763096056,0.49543560476620696,-23.176438435792925,0.5499999999999985,"[1.0, 1.0, 1.0, 1.0, 0.43333333333333335, 0.46, 1.0]",hybrid,"{""turn_left"": true}",-3.6000000000000085,hybrid
green,0.27214755751248176,0.49510044807010006,-29.176438435792928,0.4999999999999985,"[1.0, 1.0, 1.0, 1.0, 0.4266666666666667, 0.44, 1.0]",hybrid,"{""turn_left"": true}",-8.000000000000014,hybrid
green,0.2724881332931877,0.4947403879229132,-35.176438435792925,0.4499999999999985,"[1.0, 1.0, 1.0, 1.0, 0.4266666666666667, 0.4266666666666667, 1.0]",hybrid,"{""turn_left"": true}",-8.400000000000013,hybrid
green,0.27277039043671586,0.4943700491778615,-41.176438435792925,0.6499999999999986,"[1.0, 1.0, 1.0, 1.0, 1.0, 0.42, 0.5933333333333334]",hybrid,"{""accelerate"": true}",-7.800000000000011,hybrid
green,0.27317809519958985,0.493835115435009,-41.176438435792925,0.5999999999999985,"[1.0, 1.0, 1.0, 1.0, 1.0, 0.4066666666666667, 1.0]",hybrid,"{""change_lane_left"": true}",-28.20000000000001,hybrid
green,0.2735544380576274,0.4908413304416067,-52.619978131413774,0.7999999999999985,"[1.0, 1.0, 1.0, 1.0, 1.0, 0.4066666666666667, 0.5933333333333334]",hybrid,"{""accelerate"": true}",-106.60000000000001,hybrid
green,0.27395917059296243,0.48754670408702677,-60.70176343907059,0.9999999999999984,"[1.0, 1.0, 1.0, 1.0, 1.0, 0.4, 0.49333333333333335]",hybrid,"{""accelerate"": true}",-125.00000000000001,hybrid
green,0.2743669669355689,0.4839565986693479,-66.59041548248243,1.1999999999999984,"[1.0, 1.0, 1.0, 1.0, 1.0, 1.0, 0.44666666666666666]",hybrid,"{""accelerate"": true}",-130.4,hybrid
green,0.27476426834391376,0.4800800664032582,-70.99133709096891,1.1499999999999984,"[1.0, 1.0, 1.0, 1.0, 1.0, 1.0, 0.41333333333333333]",hybrid,"{""turn_left"": true}",-134.8,hybrid
green,0.2749799876179491,0.4761794583430494,-79.47128450817237,1.0999999999999983,"[1.0, 1.0, 1.0, 1.0, 1.0, 1.0, 0.38666666666666666]",hybrid,"{""turn_left"": true}",-235.20000000000002,hybrid
green,0.27505236644531394,0.472308751249234,-85.47128450817237,0.7999999999999983,"[1.0, 1.0, 1.0, 1.0, 1.0, 1.0, 0.38]",hybrid,"{""turn_left"": true, ""brake"": true}",-350.4,hybrid
green,0.27503524915404437,0.4688090809304468,-91.47128450817237,0.7499999999999982,"[1.0, 1.0, 1.0, 1.0, 1.0, 1.0, 1.0]",hybrid,"{""turn_left"": true}",-197.0,hybrid
green,0.27495398085177397,0.465379540161113,-95.84061271510444,0.6999999999999982,"[1.0, 1.0, 1.0, 1.0, 1.0, 1.0, 1.0]",hybrid,"{""turn_left"": true}",-196.6,hybrid
green,0.27483428677454874,0.46202315824413687,-99.20702101078496,0.6499999999999981,"[1.0, 1.0, 1.0, 1.0, 1.0, 1.0, 1.0]",hybrid,"{""turn_left"": true}",-196.2,hybrid
green,0.2746922035835388,0.45873910845275057,-101.75884889193269,0.5999999999999981,"[1.0, 1.0, 1.0, 1.0, 1.0, 1.0, 1.0]",hybrid,"{""turn_left"": true}",-195.79999999999998,hybrid
green,0.2745396978907444,0.45552484692449435,-103.6524548083138,0.549999999999998,"[1.0, 1.0, 1.0, 1.0, 1.0, 1.0, 1.0]",hybrid,"{""turn_left"": true}",-195.39999999999998,hybrid
green,0.27438555402392933,0.45237739383451214,-105.0171599395839,0.49999999999999806,"[1.0, 1.0, 1.0, 1.0, 1.0, 1.0, 1.0]",hybrid,"{""turn_left"": true}",-194.99999999999997,hybrid
green,0.2742361175495872,0.44929397317554776,-111.0171599395839,0.44999999999999807,"[1.0, 1.0, 1.0, 1.0, 1.0, 1.0, 1.0]",hybrid,"{""turn_left"": true}",-194.6,hybrid
green,0.27406577104950525,0.4462928585107283,-117.0171599395839,0.3999999999999981,"[1.0, 1.0, 1.0, 1.0, 1.0, 1.0, 1.0]",hybrid,"{""turn_left"": true}",-194.2,hybrid
green,0.27388414098607955,0.44337360480456106,-123.0171599395839,0.3499999999999981,"[1.0, 1.0, 1.0, 1.0, 1.0, 1.0, 1.0]",hybrid,"{""turn_left"": true}",-193.79999999999998,hybrid
green,0.27370052132723116,0.4405336859216053,-129.01715993958393,0.2999999999999981,"[1.0, 1.0, 1.0, 1.0, 1.0, 1.0, 1.0]",hybrid,"{""turn_left"": true}",-193.39999999999998,hybrid
green,0.273523691695695,0.4377686003068046,-135.0171599395839,0.2499999999999981,"[1.0, 1.0, 1.0, 1.0, 1.0, 1.0, 1.0]",hybrid,"{""turn_left"": true}",-193.0,hybrid
green,0.27336174702768484,0.43507201042880506,-141.0171599395839,0.19999999999999812,"[1.0, 1.0, 1.0, 1.0, 1.0, 1.0, 1.0]",hybrid,"{""turn_left"": true}",-212.6,hybrid
green,0.2732219414196301,0.4324359134710802,-147.01715993958393,0.14999999999999813,"[1.0, 1.0, 1.0, 1.0, 1.0, 1.0, 1.0]",hybrid,"{""turn_left"": true}",-212.2,hybrid
green,0.2731105486129775,0.4298508402913543,-153.0171599395839,0.09999999999999813,"[1.0, 1.0, 1.0, 1.0, 1.0, 1.0, 1.0]",hybrid,"{""turn_left"": true}",-211.79999999999998,hybrid
green,0.27303274130340166,0.4273060792502888,-159.0171599395839,0.04999999999999813,"[1.0, 1.0, 1.0, 1.0, 1.0, 1.0, 1.0]",hybrid,"{""turn_left"": true}",-211.39999999999998,hybrid
green,0.2729924911659596,0.4247899211414649,-165.01715993958393,0.0,"[1.0, 1.0, 1.0, 1.0, 1.0, 1.0, 1.0]",hybrid,"{""turn_left"": true}",-211.0,hybrid
green,0.2729924911659596,0.4222899211414649,-171.0171599395839,0.0,"[1.0, 1.0, 1.0, 1.0, 1.0, 1.0, 1.0]",hybrid,"{""turn_left"": true}",-211.0,hybrid
green,0.2729924911659596,0.4197899211414649,-177.0171599395839,0.0,"[1.0, 1.0, 1.0, 1.0, 1.0, 1.0, 1.0]",hybrid,"{""turn_left"": true}",-211.0,hybrid
green,0.2729924911659596,0.4172899211414649,176.9828400604161,0.0,"[1.0, 1.0, 1.0, 1.0, 1.0, 1.0, 1.0]",hybrid,"{""turn_right"": true}",-211.0,hybrid
green,0.2729924911659596,0.41478992114146496,-177.0171599395839,0.0,"[1.0, 1.0, 1.0, 1.0, 1.0, 1.0, 1.0]",hybrid,"{""turn_left"": true}",-211.0,hybrid
green,0.2729924911659596,0.41228992114146495,176.9828400604161,0.0,"[1.0, 1.0, 1.0, 1.0, 1.0, 1.0, 1.0]",hybrid,"{""turn_right"": true}",-211.0,hybrid
green,0.2729924911659596,0.40978992114146495,-177.0171599395839,0.0,"[1.0, 1.0, 1.0, 1.0, 1.0, 1.0, 1.0]",hybrid,"{""turn_left"": true}",-211.0,hybrid
green,0.2729924911659596,0.40728992114146495,176.9828400604161,0.0,"[1.0, 1.0, 1.0, 1.0, 1.0, 1.0, 1.0]",hybrid,"{""turn_right"": true}",-211.0,hybrid
green,0.2729924911659596,0.40478992114146495,-177.0171599395839,0.0,"[1.0, 1.0, 1.0, 1.0, 1.0, 1.0, 1.0]",hybrid,"{""turn_left"": true}",-211.0,hybrid
green,0.2729924911659596,0.40228992114146495,176.9828400604161,0.0,"[1.0, 1.0, 1.0, 1.0, 1.0, 1.0, 1.0]",hybrid,"{""turn_right"": true}",-211.0,hybrid
green,0.2729924911659596,0.39978992114146494,-177.0171599395839,0.0,"[1.0, 1.0, 1.0, 1.0, 1.0, 1.0, 1.0]",hybrid,"{""turn_left"": true}",-211.0,hybrid
green,0.2729924911659596,0.39728992114146494,176.9828400604161,0.0,"[1.0, 1.0, 1.0, 1.0, 1.0, 1.0, 1.0]",hybrid,"{""turn_right"": true}",-211.0,hybrid
green,0.2729924911659596,0.39478992114146494,-177.0171599395839,0.0,"[1.0, 1.0, 1.0, 1.0, 1.0, 1.0, 1.0]",hybrid,"{""turn_left"": true}",-211.0,hybrid
green,0.2729924911659596,0.39228992114146494,176.9828400604161,0.0,"[1.0, 1.0, 1.0, 1.0, 1.0, 1.0, 1.0]",hybrid,"{""turn_right"": true}",-211.0,hybrid
green,0.2729924911659596,0.38978992114146493,-177.0171599395839,0.0,"[1.0, 1.0, 1.0, 1.0, 1.0, 1.0, 1.0]",hybrid,"{""turn_left"": true}",-211.0,hybrid
green,0.2729924911659596,0.38728992114146493,176.9828400604161,0.0,"[1.0, 1.0, 1.0, 1.0, 1.0, 1.0, 1.0]",hybrid,"{""turn_right"": true}",-211.0,hybrid
green,0.2729924911659596,0.38478992114146493,-177.0171599395839,0.0,"[1.0, 1.0, 1.0, 1.0, 1.0, 1.0, 1.0]",hybrid,"{""turn_left"": true}",-211.0,hybrid
green,0.2729924911659596,0.38228992114146493,176.9828400604161,0.0,"[1.0, 1.0, 1.0, 1.0, 1.0, 1.0, 1.0]",hybrid,"{""turn_right"": true}",-211.0,hybrid
green,0.2729924911659596,0.3797899211414649,-177.0171599395839,0.0,"[1.0, 1.0, 1.0, 1.0, 1.0, 1.0, 1.0]",hybrid,"{""turn_left"": true}",-211.0,hybrid
green,0.2729924911659596,0.3772899211414649,176.9828400604161,0.0,"[1.0, 1.0, 1.0, 1.0, 1.0, 1.0, 1.0]",hybrid,"{""turn_right"": true}",-211.0,hybrid
green,0.2729924911659596,0.3747899211414649,-177.0171599395839,0.0,"[1.0, 1.0, 1.0, 1.0, 1.0, 1.0, 1.0]",hybrid,"{""turn_left"": true}",-211.0,hybrid
green,0.2729924911659596,0.3722899211414649,176.9828400604161,0.0,"[1.0, 1.0, 1.0, 1.0, 1.0, 1.0, 1.0]",hybrid,"{""turn_right"": true}",-211.0,hybrid
green,0.2729924911659596,0.3697899211414649,-177.0171599395839,0.0,"[1.0, 1.0, 1.0, 1.0, 1.0, 1.0, 1.0]",hybrid,"{""turn_left"": true}",-211.0,hybrid
green,0.2729924911659596,0.3672899211414649,176.9828400604161,0.0,"[1.0, 1.0, 1.0, 1.0, 1.0, 1.0, 1.0]",hybrid,"{""turn_right"": true}",-211.0,hybrid
green,0.2729924911659596,0.3647899211414649,-177.0171599395839,0.0,"[1.0, 1.0, 1.0, 1.0, 1.0, 1.0, 1.0]",hybrid,"{""turn_left"": true}",-211.0,hybrid
green,0.2729924911659596,0.3622899211414649,176.9828400604161,0.0,"[1.0, 1.0, 1.0, 1.0, 1.0, 1.0, 1.0]",hybrid,"{""turn_right"": true}",-211.0,hybrid
green,0.2729924911659596,0.3597899211414649,-177.0171599395839,0.0,"[1.0, 1.0, 1.0, 1.0, 1.0, 1.0, 1.0]",hybrid,"{""turn_left"": true}",-211.0,hybrid
green,0.2729924911659596,0.3572899211414649,176.9828400604161,0.0,"[1.0, 1.0, 1.0, 1.0, 1.0, 1.0, 1.0]",hybrid,"{""turn_right"": true}",-211.0,hybrid
green,0.2729924911659596,0.3547899211414649,-177.0171599395839,0.0,"[1.0, 1.0, 1.0, 1.0, 1.0, 1.0, 1.0]",hybrid,"{""turn_left"": true}",-211.0,hybrid
green,0.2729924911659596,0.35228992114146496,176.9828400604161,0.0,"[1.0, 1.0, 1.0, 1.0, 1.0, 1.0, 1.0]",hybrid,"{""turn_right"": true}",-211.0,hybrid
green,0.2729924911659596,0.34978992114146495,-177.0171599395839,0.0,"[1.0, 1.0, 1.0, 1.0, 1.0, 1.0, 1.0]",hybrid,"{""turn_left"": true}",-211.0,hybrid
green,0.2729924911659596,0.34728992114146495,176.9828400604161,0.0,"[1.0, 1.0, 1.0, 1.0, 1.0, 1.0, 1.0]",hybrid,"{""turn_right"": true}",-211.0,hybrid
green,0.2729924911659596,0.34478992114146495,-177.0171599395839,0.0,"[1.0, 1.0, 1.0, 1.0, 1.0, 1.0, 1.0]",hybrid,"{""turn_left"": true}",-211.0,hybrid
green,0.2729924911659596,0.34228992114146495,176.9828400604161,0.0,"[1.0, 1.0, 1.0, 1.0, 1.0, 1.0, 1.0]",hybrid,"{""turn_right"": true}",-211.0,hybrid
green,0.2729924911659596,0.33978992114146495,-177.0171599395839,0.0,"[1.0, 1.0, 1.0, 1.0, 1.0, 1.0, 1.0]",hybrid,"{""turn_left"": true}",-211.0,hybrid
green,0.2729924911659596,0.33728992114146494,176.9828400604161,0.0,"[1.0, 1.0, 1.0, 1.0, 1.0, 1.0, 1.0]",hybrid,"{""turn_right"": true}",-211.0,hybrid
green,0.2729924911659596,0.33478992114146494,-177.0171599395839,0.0,"[1.0, 1.0, 1.0, 1.0, 1.0, 1.0, 1.0]",hybrid,"{""turn_left"": true}",-211.0,hybrid
green,0.2729924911659596,0.33228992114146494,176.9828400604161,0.0,"[1.0, 1.0, 1.0, 1.0, 1.0, 1.0, 1.0]",hybrid,"{""turn_right"": true}",-211.0,hybrid
green,0.2729924911659596,0.32978992114146494,-177.0171599395839,0.0,"[1.0, 1.0, 1.0, 1.0, 1.0, 1.0, 1.0]",hybrid,"{""turn_left"": true}",-211.0,hybrid
green,0.2729924911659596,0.32728992114146493,176.9828400604161,0.0,"[1.0, 1.0, 1.0, 1.0, 1.0, 1.0, 1.0]",hybrid,"{""turn_right"": true}",-211.0,hybrid
green,0.2729924911659596,0.32478992114146493,-177.0171599395839,0.0,"[1.0, 1.0, 1.0, 1.0, 1.0, 1.0, 1.0]",hybrid,"{""turn_left"": true}",-211.0,hybrid
green,0.2729924911659596,0.32228992114146493,176.9828400604161,0.0,"[1.0, 1.0, 1.0, 1.0, 1.0, 1.0, 1.0]",hybrid,"{""turn_right"": true}",-211.0,hybrid
green,0.2729924911659596,0.31978992114146493,-177.0171599395839,0.0,"[1.0, 1.0, 1.0, 1.0, 1.0, 1.0, 1.0]",hybrid,"{""turn_left"": true}",-211.0,hybrid
green,0.2729924911659596,0.3172899211414649,176.9828400604161,0.0,"[1.0, 1.0, 1.0, 1.0, 1.0, 1.0, 1.0]",hybrid,"{""turn_right"": true}",-211.0,hybrid
green,0.2729924911659596,0.3147899211414649,-177.0171599395839,0.0,"[1.0, 1.0, 1.0, 1.0, 1.0, 1.0, 1.0]",hybrid,"{""turn_left"": true}",-211.0,hybrid
green,0.2729924911659596,0.3122899211414649,176.9828400604161,0.0,"[1.0, 1.0, 1.0, 1.0, 1.0, 1.0, 1.0]",hybrid,"{""turn_right"": true}",-211.0,hybrid
green,0.2729924911659596,0.3097899211414649,-177.0171599395839,0.0,"[1.0, 1.0, 1.0, 1.0, 1.0, 1.0, 1.0]",hybrid,"{""turn_left"": true}",-211.0,hybrid
green,0.2729924911659596,0.3072899211414649,176.9828400604161,0.0,"[1.0, 1.0, 1.0, 1.0, 1.0, 1.0, 1.0]",hybrid,"{""turn_right"": true}",-211.0,hybrid
green,0.2729924911659596,0.3047899211414649,-177.0171599395839,0.0,"[1.0, 1.0, 1.0, 1.0, 1.0, 1.0, 1.0]",hybrid,"{""turn_left"": true}",-211.0,hybrid
green,0.2729924911659596,0.3022899211414649,176.9828400604161,0.0,"[1.0, 1.0, 1.0, 1.0, 1.0, 1.0, 1.0]",hybrid,"{""turn_right"": true}",-211.0,hybrid
green,0.2729924911659596,0.2997899211414649,-177.0171599395839,0.0,"[1.0, 1.0, 1.0, 1.0, 1.0, 1.0, 1.0]",hybrid,"{""turn_left"": true}",-211.0,hybrid
green,0.2729924911659596,0.2972899211414649,176.9828400604161,0.0,"[1.0, 1.0, 1.0, 1.0, 1.0, 1.0, 1.0]",hybrid,"{""turn_right"": true}",-211.0,hybrid
green,0.2729924911659596,0.2947899211414649,-177.0171599395839,0.0,"[1.0, 1.0, 1.0, 1.0, 1.0, 1.0, 1.0]",hybrid,"{""turn_left"": true}",-211.0,hybrid
green,0.2729924911659596,0.2922899211414649,176.9828400604161,0.0,"[1.0, 1.0, 1.0, 1.0, 1.0, 1.0, 1.0]",hybrid,"{""turn_right"": true}",-211.0,hybrid
green,0.2729924911659596,0.28978992114146496,-177.0171599395839,0.0,"[1.0, 1.0, 1.0, 1.0, 1.0, 1.0, 1.0]",hybrid,"{""turn_left"": true}",-211.0,hybrid
green,0.2729924911659596,0.28728992114146495,176.9828400604161,0.0,"[1.0, 1.0, 1.0, 1.0, 1.0, 1.0, 1.0]",hybrid,"{""turn_right"": true}",-211.0,hybrid
green,0.2729924911659596,0.28478992114146495,-177.0171599395839,0.0,"[1.0, 1.0, 1.0, 1.0, 1.0, 1.0, 1.0]",hybrid,"{""turn_left"": true}",-211.0,hybrid
green,0.2729924911659596,0.28228992114146495,176.9828400604161,0.0,"[1.0, 1.0, 1.0, 1.0, 1.0, 1.0, 1.0]",hybrid,"{""turn_right"": true}",-211.0,hybrid
green,0.2729924911659596,0.27978992114146495,-177.0171599395839,0.0,"[1.0, 1.0, 1.0, 1.0, 1.0, 1.0, 1.0]",hybrid,"{""turn_left"": true}",-211.0,hybrid
green,0.2729924911659596,0.27728992114146495,176.9828400604161,0.0,"[1.0, 1.0, 1.0, 1.0, 1.0, 1.0, 1.0]",hybrid,"{""turn_right"": true}",-211.0,hybrid
green,0.2729924911659596,0.27478992114146494,-177.0171599395839,0.0,"[1.0, 1.0, 1.0, 1.0, 1.0, 1.0, 1.0]",hybrid,"{""turn_left"": true}",-241.0,hybrid
green,0.2729924911659596,0.27228992114146494,176.9828400604161,0.0,"[1.0, 1.0, 1.0, 1.0, 1.0, 1.0, 1.0]",hybrid,"{""turn_right"": true}",-191.0,hybrid
green,0.2729924911659596,0.26978992114146494,-177.0171599395839,0.0,"[1.0, 1.0, 1.0, 1.0, 1.0, 1.0, 1.0]",hybrid,"{""turn_left"": true}",-241.0,hybrid
green,0.2729924911659596,0.26728992114146494,176.9828400604161,0.0,"[1.0, 1.0, 1.0, 1.0, 1.0, 1.0, 1.0]",hybrid,"{""turn_right"": true}",-191.0,hybrid
green,0.2729924911659596,0.26478992114146493,-177.0171599395839,0.0,"[1.0, 1.0, 1.0, 1.0, 1.0, 1.0, 1.0]",hybrid,"{""turn_left"": true}",-241.0,hybrid
green,0.2729924911659596,0.26228992114146493,176.9828400604161,0.0,"[1.0, 1.0, 1.0, 1.0, 1.0, 1.0, 1.0]",hybrid,"{""turn_right"": true}",-191.0,hybrid
green,0.2729924911659596,0.25978992114146493,-177.0171599395839,0.0,"[1.0, 1.0, 1.0, 1.0, 1.0, 1.0, 1.0]",hybrid,"{""turn_left"": true}",-241.0,hybrid
green,0.2729924911659596,0.25728992114146493,176.9828400604161,0.0,"[1.0, 1.0, 1.0, 1.0, 1.0, 1.0, 1.0]",hybrid,"{""turn_right"": true}",-191.0,hybrid
green,0.2729924911659596,0.2547899211414649,-177.0171599395839,0.0,"[1.0, 1.0, 1.0, 1.0, 1.0, 1.0, 1.0]",hybrid,"{""turn_left"": true}",-241.0,hybrid
green,0.2729924911659596,0.2547899211414649,176.9828400604161,0.0,"[1.0, 1.0, 1.0, 1.0, 1.0, 1.0, 1.0]",hybrid,"{""turn_right"": true}",-159.0,hybrid
green,0.2729924911659596,0.2547899211414649,-177.0171599395839,0.0,"[1.0, 1.0, 1.0, 1.0, 1.0, 1.0, 1.0]",hybrid,"{""turn_left"": true}",-209.0,hybrid
green,0.2729924911659596,0.2547899211414649,176.9828400604161,0.0,"[1.0, 1.0, 1.0, 1.0, 1.0, 1.0, 1.0]",hybrid,"{""turn_right"": true}",-159.0,hybrid
green,0.2729924911659596,0.2547899211414649,-177.0171599395839,0.0,"[1.0, 1.0, 1.0, 1.0, 1.0, 1.0, 1.0]",hybrid,"{""turn_left"": true}",-209.0,hybrid
green,0.2729924911659596,0.2547899211414649,176.9828400604161,0.0,"[1.0, 1.0, 1.0, 1.0, 1.0, 1.0, 1.0]",hybrid,"{""turn_right"": true}",-159.0,hybrid
green,0.2729924911659596,0.2547899211414649,-177.0171599395839,0.0,"[1.0, 1.0, 1.0, 1.0, 1.0, 1.0, 1.0]",hybrid,"{""turn_left"": true}",-209.0,hybrid
green,0.2729924911659596,0.2547899211414649,176.9828400604161,0.0,"[1.0, 1.0, 1.0, 1.0, 1.0, 1.0, 1.0]",hybrid,"{""turn_right"": true}",-159.0,hybrid
green,0.2729924911659596,0.2547899211414649,-177.0171599395839,0.0,"[1.0, 1.0, 1.0, 1.0, 1.0, 1.0, 1.0]",hybrid,"{""turn_left"": true}",-209.0,hybrid
green,0.2729924911659596,0.2547899211414649,176.9828400604161,0.0,"[1.0, 1.0, 1.0, 1.0, 1.0, 1.0, 1.0]",hybrid,"{""turn_right"": true}",-159.0,hybrid
green,0.2729924911659596,0.2547899211414649,-177.0171599395839,0.0,"[1.0, 1.0, 1.0, 1.0, 1.0, 1.0, 1.0]",hybrid,"{""turn_left"": true}",-209.0,hybrid
green,0.2729924911659596,0.2547899211414649,176.9828400604161,0.0,"[1.0, 1.0, 1.0, 1.0, 1.0, 1.0, 1.0]",hybrid,"{""turn_right"": true}",-159.0,hybrid
green,0.2729924911659596,0.2547899211414649,-177.0171599395839,0.0,"[1.0, 1.0, 1.0, 1.0, 1.0, 1.0, 1.0]",hybrid,"{""turn_left"": true}",-209.0,hybrid
green,0.08333333333333333,0.5,0.0,0.2,"[1.0, 1.0, 1.0, 1.0, 1.0, 1.0, 1.0]",hybrid,"{""accelerate"": true}",61.6,hybrid
green,0.0835,0.5,0.0,0.4,"[1.0, 1.0, 1.0, 1.0, 1.0, 1.0, 1.0]",hybrid,"{""accelerate"": true}",63.2,hybrid
green,0.08383333333333334,0.5,0.0,0.6000000000000001,"[1.0, 1.0, 1.0, 1.0, 1.0, 1.0, 1.0]",hybrid,"{""accelerate"": true}",64.8,hybrid
green,0.08433333333333333,0.5,0.0,0.8,"[1.0, 1.0, 1.0, 1.0, 1.0, 1.0, 1.0]",hybrid,"{""accelerate"": true}",66.4,hybrid
green,0.085,0.5,0.0,1.0,"[1.0, 1.0, 1.0, 1.0, 1.0, 1.0, 1.0]",hybrid,"{""accelerate"": true}",73.0,hybrid
green,0.08583333333333333,0.5,0.0,1.2,"[1.0, 1.0, 1.0, 1.0, 1.0, 1.0, 1.0]",hybrid,"{""accelerate"": true}",74.6,hybrid
green,0.08683333333333333,0.5,0.0,1.4,"[1.0, 1.0, 1.0, 1.0, 1.0, 1.0, 1.0]",hybrid,"{""accelerate"": true}",76.2,hybrid
green,0.08800000000000001,0.5,0.0,1.5999999999999999,"[1.0, 1.0, 1.0, 1.0, 1.0, 1.0, 1.0]",hybrid,"{""accelerate"": true}",77.8,hybrid
green,0.08933333333333333,0.5,0.0,1.7999999999999998,"[1.0, 1.0, 1.0, 1.0, 1.0, 1.0, 1.0]",hybrid,"{""accelerate"": true}",79.4,hybrid
green,0.09083333333333334,0.5,0.0,1.9999999999999998,"[1.0, 1.0, 1.0, 1.0, 1.0, 1.0, 1.0]",hybrid,"{""accelerate"": true}",81.0,hybrid
green,0.0925,0.5,0.0,2.1999999999999997,"[1.0, 1.0, 1.0, 1.0, 1.0, 1.0, 1.0]",hybrid,"{""accelerate"": true}",112.6,hybrid
green,0.09433333333333334,0.5,0.0,2.4,"[1.0, 1.0, 1.0, 1.0, 1.0, 1.0, 1.0]",hybrid,"{""accelerate"": true}",114.2,hybrid
green,0.09633333333333334,0.5,0.0,2.6,"[1.0, 1.0, 1.0, 1.0, 1.0, 1.0, 1.0]",hybrid,"{""accelerate"": true}",115.8,hybrid
green,0.0985,0.5,0.0,2.8000000000000003,"[1.0, 1.0, 1.0, 1.0, 1.0, 1.0, 1.0]",hybrid,"{""accelerate"": true}",117.4,hybrid
green,0.10083333333333333,0.5,0.0,3.0000000000000004,"[1.0, 1.0, 1.0, 1.0, 1.0, 1.0, 1.0]",hybrid,"{""accelerate"": true}",119.0,hybrid
green,0.10333333333333333,0.5,0.0,3.2000000000000006,"[1.0, 1.0, 1.0, 1.0, 1.0, 1.0, 1.0]",hybrid,"{""accelerate"": true}",120.60000000000001,hybrid
green,0.106,0.5,0.0,3.400000000000001,"[1.0, 1.0, 1.0, 1.0, 1.0, 1.0, 1.0]",hybrid,"{""accelerate"": true}",122.2,hybrid
green,0.10883333333333332,0.5,0.0,3.600000000000001,"[1.0, 1.0, 1.0, 1.0, 1.0, 1.0, 1.0]",hybrid,"{""accelerate"": true}",123.80000000000001,hybrid
green,0.11183333333333333,0.5,0.0,3.800000000000001,"[1.0, 1.0, 0.8666666666666667, 1.0, 1.0, 1.0, 1.0]",hybrid,"{""accelerate"": true}",125.4,hybrid
green,0.115,0.5,0.0,4.000000000000001,"[1.0, 1.0, 0.8466666666666667, 1.0, 1.0, 1.0, 1.0]",hybrid,"{""accelerate"": true}",97.0,hybrid
green,0.11833333333333333,0.5,0.0,4.200000000000001,"[1.0, 1.0, 0.82, 1.0, 1.0, 1.0, 1.0]",hybrid,"{""accelerate"": true}",98.60000000000001,hybrid
green,0.12183333333333332,0.5,0.0,4.400000000000001,"[1.0, 1.0, 0.8, 1.0, 1.0, 1.0, 1.0]",hybrid,"{""accelerate"": true}",97.20000000000002,hybrid
green,0.1255,0.5,0.0,4.350000000000001,"[1.0, 1.0, 0.7666666666666667, 1.0, 1.0, 1.0, 1.0]",hybrid,"{""turn_left"": true}",96.30000000000001,hybrid
green,0.12910514187070998,0.49943162648098216,-6.000000000000001,4.300000000000002,"[1.0, 1.0, 0.78, 1.0, 1.0, 1.0, 1.0]",hybrid,"{""turn_left"": true}",95.9,hybrid
green,0.13261017077333948,0.4983141011428367,-12.0,4.250000000000002,"[1.0, 1.0, 1.0, 1.0, 1.0, 1.0, 1.0]",hybrid,"{""turn_left"": true}",63.500000000000014,hybrid
green,0.13597849593521813,0.4966724483602198,-18.0,4.200000000000002,"[1.0, 1.0, 1.0, 0.7266666666666667, 1.0, 1.0, 1.0]",hybrid,"{""turn_left"": true}",80.10000000000002,hybrid
green,0.13917590503696722,0.49453708098407184,-24.000000000000004,4.150000000000002,"[1.0, 1.0, 1.0, 0.6666666666666666, 1.0, 1.0, 1.0]",hybrid,"{""turn_left"": true}",75.20000000000002,hybrid
green,0.1421709095583884,0.49444333098407184,-21.358643853544105,4.100000000000002,"[1.0, 1.0, 1.0, 0.68, 1.0, 1.0, 1.0]",hybrid,"{""turn_left"": true}",79.30000000000001,hybrid
green,0.1452054129238001,0.4945880919342222,-18.6045759839378,4.0500000000000025,"[1.0, 1.0, 1.0, 0.64, 1.0, 1.0, 1.0]",hybrid,"{""turn_left"": true}",89.40000000000002,hybrid
green,0.1482739725745156,0.49498030280636773,-15.762069807813377,4.000000000000003,"[1.0, 1.0, 1.0, 0.6, 1.0, 1.0, 1.0]",hybrid,"{""turn_left"": true}",89.00000000000003,hybrid
green,0.1513697441459061,0.4956265373546496,-12.856644148802465,3.950000000000003,"[1.0, 1.0, 1.0, 0.6866666666666666, 1.0, 1.0, 1.0]",hybrid,"{""turn_left"": true}",108.10000000000002,hybrid
green,0.15448474771107493,0.49403073034087347,-18.856644148802467,4.150000000000003,"[1.0, 1.0, 1.0, 1.0, 1.0, 1.0, 1.0]",hybrid,"{""accelerate"": true}",83.20000000000002,hybrid
green,0.15775747297574602,0.49485412297196946,-10.343203509844914,4.100000000000003,"[1.0, 1.0, 0.64, 1.0, 1.0, 1.0, 1.0]",hybrid,"{""turn_left"": true}",89.80000000000003,hybrid
green,0.16103608370518233,0.495911997356478,-7.798333180252027,4.050000000000003,"[1.0, 1.0, 0.5933333333333334, 1.0, 1.0, 1.0, 1.0]",hybrid,"{""turn_left"": true}",104.40000000000003,hybrid
green,0.16431368531860877,0.49470456475246033,-13.798333180252028,4.0000000000000036,"[1.0, 1.0, 0.54, 1.0, 1.0, 1.0, 1.0]",hybrid,"{""turn_left"": true}",89.00000000000003,hybrid
green,0.16744998739510142,0.49551101201008035,-10.940667630952271,3.9500000000000037,"[1.0, 1.0, 0.56, 1.0, 1.0, 1.0, 1.0]",hybrid,"{""turn_left"": true}",118.60000000000002,hybrid
green,0.17059881879404432,0.49407231708157034,-16.94066763095227,3.900000000000004,"[1.0, 1.0, 0.5066666666666667, 1.0, 1.0, 1.0, 1.0]",hybrid,"{""turn_left"": true}",78.20000000000003,hybrid
green,0.17359177297764203,0.49467215081950505,-13.77539891307194,3.850000000000004,"[1.0, 1.0, 0.5266666666666666, 1.0, 1.0, 1.0, 1.0]",hybrid,"{""turn_left"": true}",77.80000000000004,hybrid
green,0.17661089846557668,0.49554391891088984,-10.573949675687329,3.8000000000000043,"[1.0, 1.0, 0.4866666666666667, 1.0, 1.0, 1.0, 1.0]",hybrid,"{""turn_left"": true}",77.40000000000003,hybrid
green,0.17964599762965852,0.4941889689507707,-16.57394967568733,3.7500000000000044,"[1.0, 1.0, 0.5466666666666666, 1.0, 1.0, 1.0, 1.0]",hybrid,"{""turn_left"": true}",117.00000000000003,hybrid
green,0.18253157527624023,0.4948895523918597,-13.043540805479074,3.7000000000000046,"[1.0, 1.0, 0.4866666666666667, 1.0, 1.0, 1.0, 1.0]",hybrid,"{""turn_left"": true}",76.60000000000004,hybrid
green,0.18544616053108998,0.4958804769191024,-9.499234656581903,3.650000000000005,"[1.0, 1.0, 0.5466666666666666, 1.0, 1.0, 1.0, 1.0]",hybrid,"{""turn_left"": true}",116.20000000000005,hybrid
green,0.18837721401719615,0.49466126055661136,-15.499234656581907,3.850000000000005,"[1.0, 0.54, 1.0, 1.0, 1.0, 1.0, 1.0]",hybrid,"{""accelerate"": true}",102.80000000000004,hybrid
green,0.1914688731737739,0.4958752378180934,-6.448638343362527,4.050000000000005,"[1.0, 0.4866666666666667, 1.0, 1.0, 1.0, 1.0, 1.0]",hybrid,"{""accelerate"": true}",39.40000000000004,hybrid
green,0.19482251933011213,0.49530665578296135,-6.448638343362527,4.250000000000005,"[1.0, 0.5066666666666667, 1.0, 1.0, 1.0, 1.0, 1.0]",hybrid,"{""accelerate"": true}",41.00000000000004,hybrid
green,0.19834177764231894,0.4947099956226376,-6.448638343362527,4.4500000000000055,"[1.0, 0.5066666666666667, 1.0, 1.0, 1.0, 1.0, 1.0]",hybrid,"{""accelerate"": true}",42.600000000000044,hybrid
green,0.20202664811039428,0.49408525733712216,-6.448638343362527,4.650000000000006,"[1.0, 0.52, 1.0, 1.0, 1.0, 1.0, 1.0]",hybrid,"{""accelerate"": true}",39.200000000000045,hybrid
green,0.2058771307343382,0.49593244092641503,0.8065251354175853,4.600000000000006,"[1.0, 1.0, 1.0, 1.0, 1.0, 1.0, 1.0]",hybrid,"{""turn_left"": true}",76.30000000000004,hybrid
green,0.2096947271374603,0.49541195573790714,-5.193474864582415,4.550000000000006,"[1.0, 1.0, 1.0, 1.0, 1.0, 1.0, 1.0]",hybrid,"{""turn_left"": true}",75.90000000000005,hybrid
green,0.21341426595054774,0.49430788325824115,-11.193474864582415,4.500000000000006,"[1.0, 1.0, 1.0, 1.0, 1.0, 1.0, 1.0]",hybrid,"{""turn_left"": true}",60.50000000000006,hybrid
green,0.21699668607305048,0.495145137442355,-9.378652726874577,4.700000000000006,"[1.0, 0.49333333333333335, 1.0, 1.0, 1.0, 1.0, 1.0]",hybrid,"{""accelerate"": true}",39.60000000000005,hybrid
green,0.22086099844155319,0.494187756997112,-9.378652726874577,4.650000000000007,"[1.0, 1.0, 1.0, 1.0, 1.0, 1.0, 1.0]",hybrid,"{""turn_left"": true}",61.700000000000045,hybrid
green,0.2245972512698412,0.4951463000379344,-7.853361485266593,4.600000000000007,"[1.0, 1.0, 1.0, 1.0, 1.0, 1.0, 1.0]",hybrid,"{""turn_left"": true}",76.30000000000005,hybrid
green,0.22831907947058894,0.4937695326649672,-13.853361485266593,4.550000000000007,"[1.0, 1.0, 1.0, 1.0, 1.0, 1.0, 1.0]",hybrid,"{""turn_left"": true}",60.90000000000006,hybrid
yellow,0.23188538798506045,0.4943379777721105,-12.077670774157358,4.500000000000007,"[1.0, 1.0, 1.0, 1.0, 1.0, 1.0, 1.0]",hybrid,"{""turn_left"": true}",60.50000000000006,hybrid
yellow,0.23545027574430175,0.4950925066769542,-10.244880761116018,4.450000000000007,"[1.0, 1.0, 1.0, 1.0, 1.0, 1.0, 1.0]",hybrid,"{""turn_left"": true}",65.10000000000005,hybrid
yellow,0.23901055332268348,0.49603643493344024,-8.36433496887348,4.4000000000000075,"[1.0, 1.0, 1.0, 1.0, 1.0, 1.0, 1.0]",hybrid,"{""turn_left"": true}",79.70000000000006,hybrid
yellow,0.24256259183474133,0.4946719568574235,-14.36433496887348,4.350000000000008,"[1.0, 1.0, 1.0, 1.0, 1.0, 1.0, 1.0]",hybrid,"{""turn_left"": true}",64.30000000000007,hybrid
yellow,0.24596102492786234,0.4952797691286146,-12.215186236643643,4.300000000000008,"[1.0, 1.0, 1.0, 1.0, 1.0, 1.0, 1.0]",hybrid,"{""turn_left"": true}",63.90000000000006,hybrid
yellow,0.24936479468245565,0.4960996156297163,-10.013891615327212,4.250000000000008,"[1.0, 1.0, 1.0, 1.0, 1.0, 1.0, 1.0]",hybrid,"{""turn_left"": true}",63.50000000000006,hybrid
yellow,0.25276902640104043,0.4946340540773043,-16.01389161532721,4.450000000000008,"[0.5666666666666667, 1.0, 1.0, 1.0, 1.0, 1.0, 1.0]",hybrid,"{""accelerate"": true}",77.60000000000007,hybrid
yellow,0.2563334572593233,0.49559952492242604,-8.138959032232664,4.650000000000008,"[0.5733333333333334, 1.0, 1.0, 1.0, 1.0, 1.0, 1.0]",hybrid,"{""accelerate"": true}",89.20000000000007,hybrid
yellow,0.2601694267913819,0.49477662384360954,-8.138959032232664,4.8500000000000085,"[0.5666666666666667, 1.0, 1.0, 1.0, 1.0, 1.0, 1.0]",hybrid,"{""accelerate"": true}",90.80000000000007,hybrid
yellow,0.2641703842603031,0.4939183291700052,-8.138959032232664,4.800000000000009,"[0.72, 1.0, 1.0, 1.0, 1.0, 1.0, 1.0]",hybrid,"{""turn_left"": true}",74.90000000000006,hybrid
yellow,0.2680492088274991,0.49495268257274416,-6.873091397016937,5.0,"[0.5866666666666667, 1.0, 1.0, 1.0, 1.0, 1.0, 1.0]",hybrid,"{""accelerate"": true}",92.0,hybrid
yellow,0.2721859323856462,0.4942047414267911,-6.873091397016937,5.0,"[1.0, 1.0, 1.0, 1.0, 1.0, 1.0, 1.0]",hybrid,"{""accelerate"": true}",100.0,hybrid
yellow,0.27632265594379324,0.49595680028083805,-0.08092003911812196,5.0,"[1.0, 1.0, 1.0, 1.0, 1.0, 1.0, 1.0]",hybrid,"{""accelerate"": true}",100.0,hybrid
yellow,0.28048931845493785,0.4959479732768134,-0.08092003911812196,5.0,"[1.0, 1.0, 1.0, 1.0, 1.0, 1.0, 1.0]",hybrid,"{""accelerate"": true}",100.0,hybrid
yellow,0.2846559809660824,0.4959391462727888,-0.08092003911812196,5.0,"[1.0, 1.0, 1.0, 1.0, 1.0, 1.0, 1.0]",hybrid,"{""accelerate"": true}",100.0,hybrid
yellow,0.288822643477227,0.49593031926876413,-0.08092003911812196,5.0,"[1.0, 1.0, 1.0, 1.0, 1.0, 1.0, 1.0]",hybrid,"{""accelerate"": true}",100.0,hybrid
yellow,0.2929893059883716,0.49592149226473947,-0.08092003911812196,5.0,"[1.0, 1.0, 1.0, 1.0, 1.0, 1.0, 1.0]",hybrid,"{""accelerate"": true}",100.0,hybrid
yellow,0.2971559684995162,0.49591266526071487,-0.08092003911812196,5.0,"[1.0, 1.0, 1.0, 1.0, 1.0, 1.0, 1.0]",hybrid,"{""accelerate"": true}",100.0,hybrid
yellow,0.30132263101066076,0.4959038382566902,-0.08092003911812196,5.0,"[1.0, 1.0, 1.0, 1.0, 1.0, 1.0, 1.0]",hybrid,"{""accelerate"": true}",100.0,hybrid
yellow,0.30548929352180537,0.4958950112526656,-0.08092003911812196,5.0,"[1.0, 1.0, 1.0, 1.0, 1.0, 1.0, 1.0]",hybrid,"{""accelerate"": true}",100.0,hybrid
yellow,0.30965595603294993,0.49588618424864095,-0.08092003911812196,5.0,"[1.0, 1.0, 1.0, 1.0, 1.0, 1.0, 1.0]",hybrid,"{""accelerate"": true}",100.0,hybrid
yellow,0.31382261854409454,0.4958773572446163,-0.08092003911812196,5.0,"[1.0, 1.0, 1.0, 1.0, 1.0, 1.0, 1.0]",hybrid,"{""accelerate"": true}",100.0,hybrid
yellow,0.31798928105523916,0.4958685302405917,-0.08092003911812196,5.0,"[1.0, 1.0, 1.0, 1.0, 1.0, 1.0, 1.0]",hybrid,"{""accelerate"": true}",100.0,hybrid
yellow,0.3221559435663837,0.49585970323656703,-0.08092003911812196,5.0,"[1.0, 1.0, 1.0, 1.0, 1.0, 1.0, 1.0]",hybrid,"{""accelerate"": true}",100.0,hybrid
yellow,0.32632260607752833,0.49585087623254237,-0.08092003911812196,5.0,"[1.0, 1.0, 1.0, 1.0, 1.0, 1.0, 1.0]",hybrid,"{""accelerate"": true}",100.0,hybrid
yellow,0.3304892685886729,0.49584204922851777,-0.08092003911812196,5.0,"[1.0, 1.0, 1.0, 1.0, 1.0, 1.0, 1.0]",hybrid,"{""accelerate"": true}",100.0,hybrid
yellow,0.3346559310998175,0.4958332222244931,-0.08092003911812196,5.0,"[1.0, 1.0, 1.0, 1.0, 1.0, 1.0, 1.0]",hybrid,"{""accelerate"": true}",100.0,hybrid
yellow,0.33882259361096206,0.49582439522046845,-0.08092003911812196,5.0,"[1.0, 1.0, 1.0, 1.0, 1.0, 1.0, 1.0]",hybrid,"{""accelerate"": true}",100.0,hybrid
yellow,0.3429892561221067,0.49581556821644385,-0.08092003911812196,5.0,"[1.0, 1.0, 1.0, 1.0, 1.0, 1.0, 1.0]",hybrid,"{""accelerate"": true}",100.0,hybrid
yellow,0.34715591863325124,0.4958067412124192,-0.08092003911812196,5.0,"[1.0, 1.0, 1.0, 1.0, 1.0, 1.0, 1.0]",hybrid,"{""accelerate"": true}",100.0,hybrid
yellow,0.35132258114439585,0.4957979142083946,-0.08092003911812196,5.0,"[1.0, 1.0, 1.0, 1.0, 1.0, 1.0, 1.0]",hybrid,"{""accelerate"": true}",100.0,hybrid
yellow,0.3554892436555404,0.4957890872043699,-0.08092003911812196,5.0,"[1.0, 1.0, 1.0, 1.0, 1.0, 1.0, 1.0]",hybrid,"{""accelerate"": true}",100.0,hybrid
yellow,0.359655906166685,0.49578026020034527,-0.08092003911812196,5.0,"[1.0, 1.0, 1.0, 1.0, 1.0, 1.0, 1.0]",hybrid,"{""accelerate"": true}",100.0,hybrid
yellow,0.36382256867782964,0.49577143319632067,-0.08092003911812196,5.0,"[1.0, 1.0, 1.0, 1.0, 1.0, 1.0, 1.0]",hybrid,"{""accelerate"": true}",100.0,hybrid
yellow,0.3679892311889742,0.495762606192296,-0.08092003911812196,5.0,"[1.0, 1.0, 1.0, 1.0, 1.0, 0.92, 1.0]",hybrid,"{""accelerate"": true}",100.0,hybrid
yellow,0.3721558937001188,0.49575377918827135,-0.08092003911812196,5.0,"[1.0, 1.0, 0.96, 1.0, 1.0, 0.88, 1.0]",hybrid,"{""accelerate"": true}",100.0,hybrid
yellow,0.37632255621126337,0.49574495218424675,-0.08092003911812196,5.0,"[1.0, 1.0, 0.9133333333333333, 1.0, 1.0, 0.8466666666666667, 1.0]",hybrid,"{""accelerate"": true}",100.0,hybrid
yellow,0.380489218722408,0.4957361251802221,-0.08092003911812196,5.0,"[1.0, 1.0, 0.8733333333333333, 1.0, 1.0, 0.8066666666666666, 1.0]",hybrid,"{""accelerate"": true}",100.0,hybrid
yellow,0.38465588123355254,0.49572729817619743,-0.08092003911812196,5.0,"[1.0, 1.0, 0.8266666666666667, 1.0, 1.0, 0.7666666666666667, 1.0]",hybrid,"{""accelerate"": true}",97.0,hybrid
yellow,0.38882254374469716,0.4957184711721728,-0.08092003911812196,4.95,"[1.0, 1.0, 0.7866666666666666, 1.0, 1.0, 0.72, 1.0]",hybrid,"{""turn_left"": true}",96.1,hybrid
yellow,0.39292433350737166,0.4950630110884589,-6.080920039118121,4.9,"[1.0, 1.0, 0.78, 1.0, 1.0, 0.6466666666666666, 1.0]",hybrid,"{""turn_left"": true}",90.7,hybrid
yellow,0.39691723320522504,0.49378109182170093,-12.080920039118125,5.0,"[1.0, 1.0, 1.0, 0.8666666666666667, 1.0, 0.7533333333333333, 1.0]",hybrid,"{""accelerate"": true}",97.0,hybrid
yellow,0.4009916206520142,0.49497301093725404,-5.145945681875573,5.0,"[1.0, 1.0, 1.0, 0.8333333333333334, 1.0, 0.7733333333333333, 1.0]",hybrid,"{""accelerate"": true}",97.0,hybrid
yellow,0.40514149340420413,0.49441242970636823,-5.145945681875573,4.95,"[1.0, 1.0, 0.64, 1.0, 1.0, 0.6466666666666666, 1.0]",hybrid,"{""turn_left"": true}",106.6,hybrid
yellow,0.40918868750766196,0.4957163314662113,-4.1655658848231045,4.9,"[1.0, 1.0, 0.6333333333333333, 1.0, 1.0, 0.7533333333333333, 1.0]",hybrid,"{""turn_left"": true}",106.2,hybrid
yellow,0.413207920086935,0.4946353105062631,-10.165565884823103,4.8500000000000005,"[1.0, 1.0, 0.58, 1.0, 1.0, 0.72, 1.0]",hybrid,"{""turn_left"": true}",90.80000000000001,hybrid
yellow,0.41708978403384966,0.4954474260553306,-8.933919013820327,4.800000000000001,"[1.0, 1.0, 0.58, 0.6666666666666666, 1.0, 1.0, 1.0]",hybrid,"{""turn_left"": true}",105.4,hybrid
yellow,0.42095467878493326,0.49390119700798535,-14.933919013820327,4.750000000000001,"[1.0, 1.0, 0.52, 1.0, 1.0, 1.0, 1.0]",hybrid,"{""turn_left"": true}",50.00000000000001,hybrid
yellow,0.42465173489396557,0.4942797817881378,-13.482124271172292,4.700000000000001,"[1.0, 1.0, 0.5133333333333333, 0.5066666666666667, 1.0, 1.0, 1.0]",hybrid,"{""turn_left"": true}",49.60000000000001,hybrid
yellow,0.428344155120382,0.49482039439382547,-11.965033207024536,4.650000000000001,"[1.0, 1.0, 0.4533333333333333, 0.5533333333333333, 1.0, 1.0, 1.0]",hybrid,"{""turn_left"": true}",49.20000000000001,hybrid
yellow,0.43203022921566875,0.4955276071172289,-10.388834999825775,4.600000000000001,"[1.0, 1.0, 0.4, 1.0, 1.0, 1.0, 0.7133333333333334]",hybrid,"{""turn_left"": true}",48.80000000000001,hybrid
yellow,0.43570781028680905,0.49390521866291914,-16.388834999825775,4.300000000000002,"[1.0, 1.0, 0.34, 1.0, 1.0, 1.0, 0.7]",hybrid,"{""brake"": true}",-71.6,hybrid
yellow,0.4391455491141794,0.49488863815128176,-8.23300833881692,4.000000000000002,"[1.0, 1.0, 0.3, 1.0, 1.0, 1.0, 0.62]",hybrid,"{""brake"": true}",-58.999999999999986,hybrid
yellow,0.4424445287726267,0.49417264253007326,-8.23300833881692,3.700000000000002,"[1.0, 0.32666666666666666, 0.38, 1.0, 1.0, 1.0, 1.0]",hybrid,"{""brake"": true}",-31.399999999999977,hybrid
yellow,0.4454960849566904,0.49601034658045534,0.7992229571128551,3.400000000000002,"[1.0, 0.2733333333333333, 0.37333333333333335, 1.0, 1.0, 1.0, 1.0]",hybrid,"{""brake"": true}",-33.79999999999998,hybrid
yellow,0.44832914264429397,0.49606962821419315,0.7992229571128551,3.6000000000000023,"[1.0, 0.2866666666666667, 1.0, 1.0, 1.0, 1.0, 1.0]",hybrid,"{""accelerate"": true}",-34.19999999999999,hybrid
yellow,0.45132885078410945,0.4961323970028568,0.7992229571128551,3.8000000000000025,"[1.0, 0.2866666666666667, 1.0, 1.0, 1.0, 1.0, 1.0]",hybrid,"{""accelerate"": true}",-32.59999999999998,hybrid
yellow,0.45449520937613697,0.49619865294644605,0.7992229571128551,3.7500000000000027,"[1.0, 0.2866666666666667, 1.0, 1.0, 1.0, 1.0, 1.0]",hybrid,"{""turn_left"": true}",-53.49999999999997,hybrid
yellow,0.4576073442804159,0.49577374941677116,-5.200777042887145,3.950000000000003,"[1.0, 0.26, 1.0, 1.0, 1.0, 1.0, 0.56]",hybrid,"{""accelerate"": true}",-181.39999999999998,hybrid
yellow,0.460885459712923,0.4953261843655136,-5.200777042887145,4.150000000000003,"[1.0, 0.26, 1.0, 1.0, 1.0, 1.0, 0.4266666666666667]",hybrid,"{""accelerate"": true}",-209.79999999999995,hybrid
red,0.4643295556736583,0.49485595779267333,-5.200777042887145,4.350000000000003,"[0.2, 0.26, 1.0, 1.0, 1.0, 1.0, 0.43333333333333335]",hybrid,"{""accelerate"": true}",-208.2,hybrid
red,0.4679396321626218,0.49436306969825045,-5.200777042887145,4.550000000000003,"[0.2, 0.25333333333333335, 1.0, 1.0, 1.0, 1.0, 0.43333333333333335]",hybrid,"{""accelerate"": true}",-211.59999999999997,hybrid
red,0.47171568917981355,0.49384752008224486,-5.200777042887145,4.7500000000000036,"[0.19333333333333333, 1.0, 1.0, 1.0, 1.0, 1.0, 0.44]",hybrid,"{""accelerate"": true}",-209.99999999999997,hybrid
red,0.4756577267252335,0.4958093089446567,1.8657819370716322,4.950000000000004,"[0.18666666666666668, 1.0, 1.0, 1.0, 1.0, 1.0, 0.44666666666666666]",hybrid,"{""accelerate"": true}",-208.39999999999998,hybrid
red,0.4797805398093297,0.49601076332065974,1.8657819370716322,5.0,"[0.19333333333333333, 1.0, 1.0, 1.0, 1.0, 1.0, 0.44]",hybrid,"{""accelerate"": true}",-208.0,hybrid
red,0.48394499747003294,0.4962142525893497,1.8657819370716322,5.0,"[0.19333333333333333, 1.0, 1.0, 1.0, 1.0, 1.0, 0.44]",hybrid,"{""accelerate"": true}",-208.0,hybrid
red,0.48810945513073617,0.49641774185803966,1.8657819370716322,5.0,"[1.0, 1.0, 1.0, 1.0, 1.0, 1.0, 0.44]",hybrid,"{""accelerate"": true}",42.0,hybrid
red,0.49227391279143945,0.4966212311267297,1.8657819370716322,5.0,"[1.0, 1.0, 1.0, 1.0, 1.0, 1.0, 0.44]",hybrid,"{""accelerate"": true}",42.0,hybrid
red,0.4964383704521427,0.49682472039541964,1.8657819370716322,5.0,"[1.0, 1.0, 1.0, 1.0, 1.0, 1.0, 0.44]",hybrid,"{""accelerate"": true}",42.0,hybrid
red,0.500602828112846,0.4970282096641096,1.8657819370716322,5.0,"[1.0, 1.0, 1.0, 1.0, 1.0, 1.0, 0.44666666666666666]",hybrid,"{""accelerate"": true}",42.0,hybrid
red,0.5047672857735492,0.4972316989327996,1.8657819370716322,5.0,"[1.0, 1.0, 1.0, 1.0, 1.0, 1.0, 0.44666666666666666]",hybrid,"{""accelerate"": true}",42.0,hybrid
red,0.5089317434342524,0.4974351882014896,1.8657819370716322,5.0,"[1.0, 1.0, 1.0, 1.0, 1.0, 1.0, 0.56]",hybrid,"{""accelerate"": true}",92.0,hybrid
red,0.5130962010949557,0.49763867747017954,1.8657819370716322,5.0,"[1.0, 1.0, 1.0, 1.0, 1.0, 1.0, 1.0]",hybrid,"{""accelerate"": true}",100.0,hybrid
red,0.517260658755659,0.4978421667388695,1.8657819370716322,5.0,"[1.0, 1.0, 1.0, 1.0, 1.0, 1.0, 1.0]",hybrid,"{""accelerate"": true}",100.0,hybrid
red,0.5214251164163621,0.4980456560075595,1.8657819370716322,5.0,"[1.0, 1.0, 1.0, 1.0, 1.0, 1.0, 1.0]",hybrid,"{""accelerate"": true}",100.0,hybrid
red,0.5255895740770654,0.49824914527624947,1.8657819370716322,5.0,"[1.0, 1.0, 1.0, 1.0, 1.0, 1.0, 1.0]",hybrid,"{""accelerate"": true}",100.0,hybrid
red,0.5297540317377687,0.49845263454493943,1.8657819370716322,5.0,"[1.0, 1.0, 1.0, 1.0, 1.0, 1.0, 1.0]",hybrid,"{""accelerate"": true}",100.0,hybrid
red,0.533918489398472,0.49865612381362945,1.8657819370716322,5.0,"[1.0, 1.0, 1.0, 1.0, 1.0, 1.0, 1.0]",hybrid,"{""accelerate"": true}",100.0,hybrid
red,0.5380829470591751,0.4988596130823194,1.8657819370716322,5.0,"[1.0, 1.0, 1.0, 1.0, 1.0, 1.0, 1.0]",hybrid,"{""accelerate"": true}",100.0,hybrid
red,0.5422474047198784,0.49906310235100937,1.8657819370716322,5.0,"[1.0, 1.0, 1.0, 1.0, 1.0, 1.0, 1.0]",hybrid,"{""accelerate"": true}",100.0,hybrid
red,0.5464118623805817,0.4992665916196994,1.8657819370716322,5.0,"[1.0, 1.0, 1.0, 1.0, 1.0, 1.0, 1.0]",hybrid,"{""accelerate"": true}",100.0,hybrid
red,0.550576320041285,0.49947008088838935,1.8657819370716322,5.0,"[1.0, 1.0, 1.0, 1.0, 1.0, 1.0, 1.0]",hybrid,"{""accelerate"": true}",100.0,hybrid
red,0.5547407777019882,0.4996735701570793,1.8657819370716322,5.0,"[1.0, 1.0, 1.0, 1.0, 1.0, 1.0, 1.0]",hybrid,"{""accelerate"": true}",100.0,hybrid
red,0.5589052353626914,0.4998770594257693,1.8657819370716322,5.0,"[1.0, 1.0, 1.0, 1.0, 1.0, 1.0, 1.0]",hybrid,"{""accelerate"": true}",100.0,hybrid
red,0.5630696930233947,0.5000805486944593,1.8657819370716322,5.0,"[1.0, 1.0, 1.0, 1.0, 1.0, 1.0, 1.0]",hybrid,"{""accelerate"": true}",100.0,hybrid
red,0.5672341506840979,0.5002840379631492,1.8657819370716322,5.0,"[1.0, 1.0, 1.0, 1.0, 1.0, 1.0, 1.0]",hybrid,"{""accelerate"": true}",100.0,hybrid
red,0.5713986083448012,0.5004875272318392,1.8657819370716322,5.0,"[1.0, 1.0, 1.0, 1.0, 1.0, 1.0, 1.0]",hybrid,"{""accelerate"": true}",100.0,hybrid
red,0.5755630660055044,0.5006910165005292,1.8657819370716322,5.0,"[1.0, 1.0, 1.0, 1.0, 1.0, 0.9733333333333334, 1.0]",hybrid,"{""accelerate"": true}",100.0,hybrid
red,0.5797275236662077,0.5008945057692192,1.8657819370716322,5.0,"[1.0, 1.0, 1.0, 1.0, 1.0, 0.96, 1.0]",hybrid,"{""accelerate"": true}",100.0,hybrid
red,0.5838919813269109,0.5010979950379092,1.8657819370716322,5.0,"[1.0, 1.0, 1.0, 0.9933333333333333, 1.0, 0.9533333333333334, 1.0]",hybrid,"{""accelerate"": true}",100.0,hybrid
red,0.5880564389876142,0.5013014843065992,1.8657819370716322,5.0,"[1.0, 1.0, 1.0, 1.0, 1.0, 0.9533333333333334, 1.0]",hybrid,"{""accelerate"": true}",100.0,hybrid
red,0.5922208966483175,0.5015049735752891,1.8657819370716322,5.0,"[1.0, 1.0, 1.0, 1.0, 1.0, 0.9533333333333334, 1.0]",hybrid,"{""accelerate"": true}",100.0,hybrid
red,0.5963853543090206,0.5017084628439791,1.8657819370716322,5.0,"[1.0, 1.0, 1.0, 1.0, 1.0, 0.9533333333333334, 1.0]",hybrid,"{""accelerate"": true}",100.0,hybrid
red,0.6005498119697239,0.501911952112669,1.8657819370716322,5.0,"[1.0, 1.0, 1.0, 1.0, 1.0, 0.9533333333333334, 1.0]",hybrid,"{""accelerate"": true}",100.0,hybrid
red,0.6047142696304272,0.5021154413813591,1.8657819370716322,5.0,"[1.0, 1.0, 1.0, 1.0, 1.0, 1.0, 1.0]",hybrid,"{""accelerate"": true}",100.0,hybrid
red,0.6088787272911305,0.5023189306500491,1.8657819370716322,5.0,"[1.0, 1.0, 1.0, 1.0, 1.0, 1.0, 1.0]",hybrid,"{""accelerate"": true}",100.0,hybrid
red,0.6130431849518336,0.502522419918739,1.8657819370716322,5.0,"[1.0, 1.0, 1.0, 1.0, 1.0, 1.0, 1.0]",hybrid,"{""accelerate"": true}",100.0,hybrid
red,0.6172076426125369,0.502725909187429,1.8657819370716322,5.0,"[1.0, 1.0, 1.0, 1.0, 1.0, 1.0, 1.0]",hybrid,"{""accelerate"": true}",100.0,hybrid
red,0.6213721002732402,0.502929398456119,1.8657819370716322,5.0,"[1.0, 1.0, 1.0, 1.0, 1.0, 1.0, 1.0]",hybrid,"{""accelerate"": true}",100.0,hybrid
red,0.6255365579339434,0.5031328877248089,1.8657819370716322,5.0,"[1.0, 1.0, 1.0, 1.0, 1.0, 1.0, 1.0]",hybrid,"{""accelerate"": true}",100.0,hybrid
red,0.6297010155946466,0.503336376993499,1.8657819370716322,5.0,"[1.0, 1.0, 1.0, 1.0, 1.0, 1.0, 1.0]",hybrid,"{""accelerate"": true}",100.0,hybrid
red,0.6338654732553499,0.5035398662621889,1.8657819370716322,4.95,"[1.0, 1.0, 1.0, 1.0, 0.7066666666666667, 1.0, 1.0]",hybrid,"{""turn_left"": true}",96.1,hybrid
red,0.6379797396155559,0.5030937900760112,-4.134218062928368,4.9,"[1.0, 1.0, 1.0, 1.0, 0.6466666666666666, 1.0, 1.0]",hybrid,"{""turn_left"": true}",106.2,hybrid
red,0.6419993658939857,0.5020160677978002,-10.134218062928369,4.8500000000000005,"[1.0, 1.0, 1.0, 1.0, 0.6, 1.0, 0.74]",hybrid,"{""turn_left"": true}",90.80000000000001,hybrid
red,0.645881844913136,0.5003313693831941,-16.13421806292837,4.800000000000001,"[1.0, 1.0, 1.0, 1.0, 0.7466666666666667, 0.64, 0.72]",hybrid,"{""turn_left"": true}",74.9,hybrid
red,0.6495870600243485,0.49807070417043137,-22.13421806292837,4.750000000000001,"[1.0, 1.0, 1.0, 1.0, 1.0, 0.5733333333333334, 1.0]",hybrid,"{""turn_left"": true}",54.50000000000001,hybrid
red,0.6530776981135631,0.4952709436194591,-28.134218062928372,4.700000000000001,"[1.0, 1.0, 1.0, 1.0, 1.0, 0.5266666666666666, 1.0]",hybrid,"{""turn_left"": true}",0.6000000000000085,hybrid
red,0.6563196224533469,0.49447428473598115,-26.68509094703623,4.900000000000001,"[1.0, 0.9733333333333334, 1.0, 1.0, 1.0, 0.7, 1.0]",hybrid,"{""accelerate"": true}",81.20000000000002,hybrid
red,0.6599680329149242,0.4942236298169358,-19.46628649943358,4.850000000000001,"[1.0, 1.0, 1.0, 1.0, 1.0, 0.4866666666666667, 1.0]",hybrid,"{""turn_left"": true}",5.300000000000011,hybrid
red,0.6636170049667106,0.4941168764872392,-18.161603985466606,4.800000000000002,"[1.0, 1.0, 1.0, 1.0, 1.0, 0.4666666666666667, 1.0]",hybrid,"{""turn_left"": true}",4.900000000000013,hybrid
red,0.6672665834302421,0.49416100630812027,-16.774564446929386,4.750000000000002,"[1.0, 1.0, 1.0, 1.0, 1.0, 0.43333333333333335, 1.0]",hybrid,"{""turn_left"": true}",4.500000000000014,hybrid
red,0.6709163056699842,0.4943625626414955,-15.309647598057891,4.700000000000002,"[1.0, 1.0, 1.0, 1.0, 1.0, 0.42, 1.0]",hybrid,"{""turn_left"": true}",4.100000000000016,hybrid
red,0.6745651900296707,0.4947275400206137,-13.7722527826623,4.650000000000002,"[1.0, 1.0, 1.0, 1.0, 1.0, 0.3933333333333333, 1.0]",hybrid,"{""turn_left"": true}",-96.29999999999998,hybrid
red,0.6782117382527052,0.4952612745557184,-12.168627080573671,4.600000000000002,"[1.0, 1.0, 1.0, 1.0, 1.0, 0.38, 1.0]",hybrid,"{""turn_left"": true}",-96.69999999999999,hybrid
red,0.6818539528232389,0.49596834000590023,-10.5057625982504,4.5500000000000025,"[1.0, 1.0, 1.0, 1.0, 1.0, 0.36666666666666664, 1.0]",hybrid,"{""turn_left"": true}",-97.09999999999998,hybrid
red,0.6854893693231152,0.49435245426954344,-16.5057625982504,4.500000000000003,"[1.0, 1.0, 1.0, 1.0, 1.0, 0.34, 1.0]",hybrid,"{""turn_left"": true}",-97.49999999999997,hybrid
red,0.6889537732191774,0.4946993372961451,-14.608353751431398,4.700000000000003,"[1.0, 1.0, 1.0, 1.0, 1.0, 0.4666666666666667, 1.0]",hybrid,"{""accelerate"": true}",39.60000000000002,hybrid
red,0.6927438234852783,0.4957176009140703,-7.179447078226156,4.650000000000003,"[1.0, 1.0, 1.0, 1.0, 1.0, 0.3466666666666667, 1.0]",hybrid,"{""turn_left"": true}",-81.29999999999998,hybrid
red,0.6965167589046218,0.49439234151557804,-13.179447078226158,4.600000000000003,"[1.0, 1.0, 1.0, 1.0, 1.0, 0.34, 1.0]",hybrid,"{""turn_left"": true}",-96.69999999999997,hybrid
red,0.7001373203084302,0.49500330630605466,-11.499992395539289,4.800000000000003,"[1.0, 1.0, 1.0, 1.0, 1.0, 0.44, 1.0]",hybrid,"{""accelerate"": true}",40.40000000000003,hybrid
red,0.7040570192327562,0.49380709947990203,-11.499992395539289,5.0,"[1.0, 1.0, 1.0, 1.0, 1.0, 0.34, 1.0]",hybrid,"{""accelerate"": true}",-58.0,hybrid
red,0.7081400389455959,0.49506105070265977,-4.578705352577212,5.0,"[1.0, 1.0, 1.0, 1.0, 1.0, 0.36666666666666664, 1.0]",hybrid,"{""accelerate"": true}",-58.0,hybrid
red,0.7122934081809342,0.49456212286356405,-4.578705352577212,5.0,"[1.0, 1.0, 1.0, 1.0, 1.0, 0.31333333333333335, 1.0]",hybrid,"{""accelerate"": true}",-58.0,hybrid
red,0.7164467774162726,0.4940631950244683,-4.578705352577212,5.0,"[1.0, 1.0, 1.0, 1.0, 1.0, 0.31333333333333335, 1.0]",hybrid,"{""accelerate"": true}",-58.0,hybrid
red,0.720600146651611,0.49606426718537266,2.136958878782263,4.95,"[1.0, 1.0, 1.0, 1.0, 1.0, 0.32666666666666666, 1.0]",hybrid,"{""turn_left"": true}",-78.9,hybrid
red,0.7247157744239546,0.4956474046913705,-3.8630411212177376,5.0,"[1.0, 1.0, 1.0, 1.0, 1.0, 0.30666666666666664, 0.22666666666666666]",hybrid,"{""accelerate"": true}",-208.0,hybrid
red,0.7288729741939987,0.4952263314651057,-3.8630411212177376,5.0,"[1.0, 1.0, 1.0, 1.0, 1.0, 0.32, 0.21333333333333335]",hybrid,"{""accelerate"": true}",-208.0,hybrid
red,0.7330301739640427,0.4948052582388409,-3.8630411212177376,5.0,"[1.0, 1.0, 1.0, 1.0, 1.0, 0.3333333333333333, 0.22]",hybrid,"{""accelerate"": true}",-208.0,hybrid
red,0.7371873737340867,0.49438418501257614,-3.8630411212177376,5.0,"[1.0, 1.0, 1.0, 1.0, 1.0, 1.0, 0.22666666666666666]",hybrid,"{""accelerate"": true}",-208.0,hybrid
red,0.7413445735041309,0.49396311178631136,-3.8630411212177376,5.0,"[1.0, 1.0, 1.0, 1.0, 1.0, 1.0, 0.23333333333333334]",hybrid,"{""accelerate"": true}",-208.0,hybrid
red,0.7455017732741749,0.4960420385600466,2.8271667994391043,4.95,"[1.0, 1.0, 1.0, 1.0, 1.0, 1.0, 0.24]",hybrid,"{""turn_left"": true}",-228.9,hybrid
red,0.7496204501430164,0.4956995722658533,-3.1728332005608952,5.0,"[1.0, 1.0, 1.0, 1.0, 1.0, 1.0, 0.23333333333333334]",hybrid,"{""accelerate"": true}",-208.0,hybrid
red,0.7537807298085127,0.49535364671616317,-3.1728332005608952,4.95,"[1.0, 1.0, 1.0, 1.0, 1.0, 1.0, 0.24]",hybrid,"{""turn_left"": true}",-228.9,hybrid
red,0.757852979150887,0.49436727804246827,-9.172833200560895,4.9,"[1.0, 1.0, 1.0, 1.0, 1.0, 1.0, 0.24666666666666667]",hybrid,"{""turn_left"": true}",-244.3,hybrid
red,0.7617939703548673,0.49526417207502926,-8.032837572796339,5.0,"[1.0, 1.0, 1.0, 1.0, 1.0, 1.0, 1.0]",hybrid,"{""accelerate"": true}",100.0,hybrid
red,0.7659197542827731,0.49439079317356405,-8.032837572796339,5.0,"[1.0, 1.0, 1.0, 1.0, 1.0, 1.0, 1.0]",hybrid,"{""accelerate"": true}",100.0,hybrid
red,0.770045538210679,0.4960174142720988,-1.2050553664932604,5.0,"[1.0, 1.0, 1.0, 1.0, 1.0, 1.0, 1.0]",hybrid,"{""accelerate"": true}",100.0,hybrid
red,0.7742112833430751,0.4958859728143425,-1.2050553664932604,5.0,"[1.0, 1.0, 1.0, 1.0, 1.0, 1.0, 1.0]",hybrid,"{""accelerate"": true}",100.0,hybrid
red,0.7783770284754711,0.49575453135658615,-1.2050553664932604,5.0,"[1.0, 1.0, 1.0, 1.0, 1.0, 1.0, 1.0]",hybrid,"{""accelerate"": true}",100.0,hybrid
red,0.7825427736078672,0.4956230898988298,-1.2050553664932604,5.0,"[1.0, 1.0, 1.0, 1.0, 1.0, 1.0, 1.0]",hybrid,"{""accelerate"": true}",100.0,hybrid
red,0.7867085187402633,0.49549164844107346,-1.2050553664932604,5.0,"[1.0, 1.0, 1.0, 1.0, 1.0, 1.0, 1.0]",hybrid,"{""accelerate"": true}",100.0,hybrid
red,0.7908742638726592,0.4953602069833171,-1.2050553664932604,5.0,"[1.0, 1.0, 1.0, 1.0, 1.0, 1.0, 1.0]",hybrid,"{""accelerate"": true}",100.0,hybrid
red,0.7950400090050553,0.4952287655255608,-1.2050553664932604,5.0,"[1.0, 1.0, 1.0, 1.0, 1.0, 1.0, 1.0]",hybrid,"{""accelerate"": true}",100.0,hybrid
red,0.7992057541374513,0.49509732406780443,-1.2050553664932604,5.0,"[1.0, 1.0, 1.0, 1.0, 1.0, 1.0, 1.0]",hybrid,"{""accelerate"": true}",100.0,hybrid
red,0.8033714992698474,0.4949658826100481,-1.2050553664932604,5.0,"[1.0, 1.0, 1.0, 1.0, 1.0, 1.0, 1.0]",hybrid,"{""accelerate"": true}",100.0,hybrid
red,0.8075372444022435,0.49483444115229175,-1.2050553664932604,5.0,"[1.0, 1.0, 1.0, 1.0, 1.0, 1.0, 1.0]",hybrid,"{""accelerate"": true}",100.0,hybrid
red,0.8117029895346395,0.4947029996945354,-1.2050553664932604,5.0,"[1.0, 1.0, 1.0, 1.0, 1.0, 1.0, 1.0]",hybrid,"{""accelerate"": true}",100.0,hybrid
red,0.8158687346670356,0.49457155823677906,-1.2050553664932604,5.0,"[1.0, 1.0, 1.0, 1.0, 1.0, 1.0, 1.0]",hybrid,"{""accelerate"": true}",100.0,hybrid
red,0.8200344797994316,0.4944401167790227,-1.2050553664932604,5.0,"[1.0, 1.0, 1.0, 1.0, 1.0, 1.0, 1.0]",hybrid,"{""accelerate"": true}",100.0,hybrid
red,0.8242002249318277,0.49430867532126643,-1.2050553664932604,5.0,"[1.0, 1.0, 1.0, 1.0, 1.0, 1.0, 1.0]",hybrid,"{""accelerate"": true}",100.0,hybrid
red,0.8283659700642237,0.4941772338635101,-1.2050553664932604,5.0,"[1.0, 1.0, 1.0, 1.0, 1.0, 1.0, 1.0]",hybrid,"{""accelerate"": true}",100.0,hybrid
red,0.8325317151966197,0.49404579240575375,-1.2050553664932604,5.0,"[1.0, 1.0, 1.0, 1.0, 1.0, 1.0, 1.0]",hybrid,"{""accelerate"": true}",100.0,hybrid
red,0.8366974603290158,0.4939143509479974,-1.2050553664932604,5.0,"[1.0, 1.0, 1.0, 1.0, 1.0, 1.0, 1.0]",hybrid,"{""accelerate"": true}",100.0,hybrid
red,0.8408632054614119,0.49378290949024106,-1.2050553664932604,5.0,"[1.0, 1.0, 1.0, 1.0, 1.0, 1.0, 1.0]",hybrid,"{""accelerate"": true}",100.0,hybrid
red,0.8450289505938079,0.4961514680324847,5.3842732890862965,5.0,"[1.0, 1.0, 1.0, 1.0, 1.0, 1.0, 1.0]",hybrid,"{""accelerate"": true}",100.0,hybrid
red,0.8491772329197286,0.49673793706408254,5.3842732890862965,5.0,"[1.0, 1.0, 1.0, 1.0, 1.0, 1.0, 1.0]",hybrid,"{""accelerate"": true}",100.0,hybrid
red,0.8533255152456491,0.49732440609568035,5.3842732890862965,5.0,"[1.0, 1.0, 1.0, 1.0, 1.0, 1.0, 1.0]",hybrid,"{""accelerate"": true}",100.0,hybrid
red,0.8574737975715698,0.4979108751272782,5.3842732890862965,5.0,"[1.0, 1.0, 1.0, 1.0, 1.0, 1.0, 1.0]",hybrid,"{""accelerate"": true}",100.0,hybrid
red,0.8616220798974903,0.49849734415887603,5.3842732890862965,5.0,"[1.0, 1.0, 1.0, 1.0, 1.0, 1.0, 1.0]",hybrid,"{""accelerate"": true}",100.0,hybrid
red,0.8657703622234109,0.49908381319047385,5.3842732890862965,5.0,"[1.0, 1.0, 1.0, 1.0, 1.0, 1.0, 1.0]",hybrid,"{""accelerate"": true}",100.0,hybrid
red,0.8699186445493313,0.4996702822220717,5.3842732890862965,5.0,"[1.0, 1.0, 1.0, 1.0, 1.0, 1.0, 1.0]",hybrid,"{""accelerate"": true}",100.0,hybrid
red,0.8740669268752519,0.5002567512536695,5.3842732890862965,5.0,"[1.0, 1.0, 1.0, 1.0, 1.0, 1.0, 1.0]",hybrid,"{""accelerate"": true}",100.0,hybrid
red,0.8782152092011725,0.5008432202852674,5.3842732890862965,5.0,"[1.0, 1.0, 1.0, 1.0, 1.0, 1.0, 1.0]",hybrid,"{""accelerate"": true}",100.0,hybrid
red,0.8823634915270929,0.5014296893168652,5.3842732890862965,5.0,"[1.0, 1.0, 1.0, 1.0, 1.0, 1.0, 1.0]",hybrid,"{""accelerate"": true}",100.0,hybrid
red,0.8865117738530135,0.502016158348463,5.3842732890862965,5.0,"[1.0, 1.0, 1.0, 1.0, 1.0, 1.0, 1.0]",hybrid,"{""accelerate"": true}",100.0,hybrid
red,0.890660056178934,0.5026026273800608,5.3842732890862965,5.0,"[1.0, 1.0, 1.0, 1.0, 1.0, 1.0, 1.0]",hybrid,"{""accelerate"": true}",100.0,hybrid
red,0.8948083385048545,0.5031890964116587,5.3842732890862965,5.0,"[1.0, 1.0, 1.0, 1.0, 1.0, 1.0, 1.0]",hybrid,"{""accelerate"": true}",100.0,hybrid
red,0.8989566208307751,0.5037755654432565,5.3842732890862965,5.0,"[1.0, 1.0, 1.0, 1.0, 1.0, 1.0, 1.0]",hybrid,"{""accelerate"": true}",100.0,hybrid
red,0.9031049031566956,0.5043620344748543,5.3842732890862965,5.0,"[1.0, 1.0, 1.0, 1.0, 1.0, 1.0, 1.0]",hybrid,"{""accelerate"": true}",100.0,hybrid
red,0.9072531854826161,0.5049485035064522,5.3842732890862965,5.0,"[1.0, 1.0, 1.0, 1.0, 1.0, 1.0, 1.0]",hybrid,"{""accelerate"": true}",100.0,hybrid
red,0.9114014678085366,0.50553497253805,5.3842732890862965,5.0,"[1.0, 1.0, 1.0, 1.0, 1.0, 1.0, 1.0]",hybrid,"{""accelerate"": true}",100.0,hybrid
red,0.9155497501344572,0.5061214415696478,5.3842732890862965,5.0,"[1.0, 1.0, 1.0, 1.0, 1.0, 1.0, 1.0]",hybrid,"{""accelerate"": true}",100.0,hybrid
red,0.9196980324603777,0.5042079106012456,-1.3591501684306975,5.0,"[1.0, 1.0, 1.0, 1.0, 1.0, 1.0, 1.0]",hybrid,"{""accelerate"": true}",100.0,hybrid
red,0.9238635268560512,0.504059664221429,-1.3591501684306975,5.0,"[1.0, 1.0, 1.0, 1.0, 1.0, 1.0, 1.0]",hybrid,"{""accelerate"": true}",100.0,hybrid
red,0.9280290212517247,0.5039114178416123,-1.3591501684306975,5.0,"[1.0, 1.0, 1.0, 1.0, 1.0, 1.0, 1.0]",hybrid,"{""accelerate"": true}",100.0,hybrid
red,0.9321945156473981,0.5037631714617956,-1.3591501684306975,5.0,"[1.0, 1.0, 1.0, 1.0, 1.0, 1.0, 1.0]",hybrid,"{""accelerate"": true}",100.0,hybrid
red,0.9363600100430716,0.5036149250819789,-1.3591501684306975,5.0,"[1.0, 1.0, 1.0, 1.0, 1.0, 1.0, 1.0]",hybrid,"{""accelerate"": true}",100.0,hybrid
red,0.940525504438745,0.5034666787021622,-1.3591501684306975,5.0,"[1.0, 1.0, 1.0, 1.0, 1.0, 1.0, 1.0]",hybrid,"{""accelerate"": true}",100.0,hybrid
red,0.9446909988344185,0.5033184323223455,-1.3591501684306975,5.0,"[1.0, 1.0, 1.0, 1.0, 1.0, 1.0, 1.0]",hybrid,"{""accelerate"": true}",100.0,hybrid
red,0.948856493230092,0.5031701859425288,-1.3591501684306975,5.0,"[1.0, 1.0, 1.0, 1.0, 1.0, 1.0, 1.0]",hybrid,"{""accelerate"": true}",100.0,hybrid
red,0.9530219876257655,0.5030219395627121,-1.3591501684306975,5.0,"[1.0, 1.0, 1.0, 1.0, 1.0, 1.0, 1.0]",hybrid,"{""accelerate"": true}",100.0,hybrid
red,0.957187482021439,0.5028736931828955,-1.3591501684306975,5.0,"[1.0, 1.0, 1.0, 1.0, 1.0, 1.0, 1.0]",hybrid,"{""accelerate"": true}",100.0,hybrid
red,0.9613529764171125,0.5027254468030788,-1.3591501684306975,5.0,"[1.0, 1.0, 1.0, 1.0, 1.0, 1.0, 1.0]",hybrid,"{""accelerate"": true}",100.0,hybrid
red,0.965518470812786,0.5025772004232621,-1.3591501684306975,5.0,"[1.0, 1.0, 1.0, 1.0, 1.0, 1.0, 1.0]",hybrid,"{""accelerate"": true}",100.0,hybrid
red,0.9696839652084595,0.5024289540434455,-1.3591501684306975,5.0,"[1.0, 1.0, 1.0, 1.0, 1.0, 1.0, 1.0]",hybrid,"{""accelerate"": true}",100.0,hybrid
red,0.9738494596041329,0.5022807076636288,-1.3591501684306975,5.0,"[1.0, 1.0, 1.0, 1.0, 1.0, 1.0, 1.0]",hybrid,"{""accelerate"": true}",100.0,hybrid
red,0.9780149539998064,0.5021324612838121,-1.3591501684306975,5.0,"[1.0, 1.0, 1.0, 1.0, 1.0, 1.0, 1.0]",hybrid,"{""accelerate"": true}",100.0,hybrid
red,0.9821804483954799,0.5019842149039954,-1.3591501684306975,5.0,"[1.0, 1.0, 1.0, 1.0, 1.0, 1.0, 1.0]",hybrid,"{""accelerate"": true}",100.0,hybrid
red,0.9863459427911533,0.5018359685241787,-1.3591501684306975,5.0,"[1.0, 1.0, 1.0, 1.0, 1.0, 1.0, 1.0]",hybrid,"{""accelerate"": true}",100.0,hybrid
red,0.9905114371868268,0.5016877221443621,-1.3591501684306975,5.0,"[1.0, 1.0, 1.0, 1.0, 1.0, 1.0, 1.0]",hybrid,"{""accelerate"": true}",85.0,hybrid
red,0.9946769315825003,0.5015394757645454,-1.3591501684306975,5.0,"[1.0, 1.0, 1.0, 1.0, 1.0, 1.0, 1.0]",hybrid,"{""accelerate"": true}",85.0,hybrid
red,0.9988424259781737,0.5013912293847287,-1.3591501684306975,5.0,"[1.0, 1.0, 1.0, 1.0, 1.0, 1.0, 1.0]",hybrid,"{""accelerate"": true}",85.0,hybrid
red,1.0030079203738473,0.501242983004912,-1.3591501684306975,5.0,"[1.0, 1.0, 1.0, 1.0, 1.0, 1.0, 1.0]",hybrid,"{""accelerate"": true}",85.0,hybrid
red,1.0071734147695208,0.5010947366250953,-1.3591501684306975,5.0,"[1.0, 1.0, 1.0, 1.0, 1.0, 1.0, 1.0]",hybrid,"{""accelerate"": true}",85.0,hybrid
red,1.011338909165194,0.5009464902452786,-1.3591501684306975,5.0,"[1.0, 1.0, 1.0, 1.0, 1.0, 1.0, 1.0]",hybrid,"{""accelerate"": true}",85.0,hybrid
red,-0.0125,0.5007982438654619,-54.880144783208436,5.0,"[1.0, 1.0, 1.0, 1.0, 1.0, 1.0, 1.0]",hybrid,"{""accelerate"": true}",-30.0,hybrid
red,-0.010102963590748993,0.4956860538241361,-54.880144783208436,5.0,"[1.0, 1.0, 1.0, 1.0, 1.0, 1.0, 1.0]",hybrid,"{""accelerate"": true}",-30.0,hybrid
red,-0.007705927181497986,0.49307386378281026,-49.215684265051834,5.0,"[1.0, 1.0, 1.0, 1.0, 1.0, 1.0, 1.0]",hybrid,"{""accelerate"": true}",-30.0,hybrid
red,-0.004984204855996606,0.49084152693285427,-43.05186635505384,5.0,"[1.0, 1.0, 1.0, 1.0, 1.0, 1.0, 1.0]",hybrid,"{""accelerate"": true}",70.0,hybrid
red,-0.0019394713944929187,0.48907490111918145,-36.4804814877221,5.0,"[1.0, 1.0, 1.0, 1.0, 1.0, 1.0, 1.0]",hybrid,"{""accelerate"": true}",70.0,hybrid
red,0.0014107763041337025,0.48785897044098575,-29.616871327900892,5.0,"[1.0, 1.0, 1.0, 1.0, 1.0, 1.0, 1.0]",hybrid,"{""accelerate"": true}",70.0,hybrid
red,0.005033065660719235,0.4872702337107631,-22.587047654798695,5.0,"[1.0, 1.0, 1.0, 1.0, 1.0, 1.0, 1.0]",hybrid,"{""accelerate"": true}",58.0,hybrid
red,0.008880136776278587,0.48736969239230704,-15.51470808212361,5.0,"[1.0, 1.0, 1.0, 1.0, 1.0, 1.0, 1.0]",hybrid,"{""accelerate"": true}",58.0,hybrid
red,0.012894977693679283,0.48819790654539913,-8.51114351735392,5.0,"[1.0, 1.0, 1.0, 1.0, 1.0, 1.0, 1.0]",hybrid,"{""accelerate"": true}",100.0,hybrid
red,0.017015757264705177,0.4897728955261214,-1.6692923385450618,5.0,"[1.0, 1.0, 1.0, 1.0, 1.0, 1.0, 1.0]",hybrid,"{""accelerate"": true}",100.0,hybrid
red,0.02118065566544797,0.49209082973896545,4.938358415934207,5.0,"[1.0, 1.0, 1.0, 1.0, 1.0, 1.0, 1.0]",hybrid,"{""accelerate"": true}",100.0,hybrid
red,0.02533185519850832,0.49512885435050186,11.259106743907545,5.0,"[1.0, 1.0, 1.0, 1.0, 1.0, 1.0, 1.0]",hybrid,"{""accelerate"": true}",100.0,hybrid
red,0.02941833128117051,0.49634914315161305,11.259106743907545,5.0,"[1.0, 1.0, 1.0, 1.0, 1.0, 1.0, 1.0]",hybrid,"{""accelerate"": true}",100.0,hybrid
red,0.0335048073638327,0.4975694319527242,11.259106743907545,5.0,"[1.0, 1.0, 1.0, 1.0, 1.0, 1.0, 1.0]",hybrid,"{""accelerate"": true}",100.0,hybrid
red,0.03759128344649488,0.4987897207538354,11.259106743907545,5.0,"[1.0, 1.0, 1.0, 1.0, 1.0, 1.0, 1.0]",hybrid,"{""accelerate"": true}",100.0,hybrid
red,0.04167775952915707,0.5000100095549466,11.259106743907545,5.0,"[1.0, 1.0, 1.0, 1.0, 1.0, 1.0, 1.0]",hybrid,"{""accelerate"": true}",100.0,hybrid
red,0.045764235611819255,0.5012302983560577,11.259106743907545,5.0,"[1.0, 1.0, 1.0, 1.0, 1.0, 1.0, 1.0]",hybrid,"{""accelerate"": true}",100.0,hybrid
red,0.04985071169448144,0.5024505871571688,11.259106743907545,5.0,"[1.0, 1.0, 1.0, 1.0, 1.0, 1.0, 1.0]",hybrid,"{""accelerate"": true}",100.0,hybrid
red,0.05393718777714362,0.5036708759582801,11.259106743907545,5.0,"[1.0, 1.0, 1.0, 1.0, 0.9866666666666667, 1.0, 1.0]",hybrid,"{""accelerate"": true}",100.0,hybrid
red,0.0580236638598058,0.5048911647593912,11.259106743907545,5.0,"[1.0, 1.0, 1.0, 1.0, 0.9666666666666667, 1.0, 1.0]",hybrid,"{""accelerate"": true}",100.0,hybrid
red,0.06211013994246798,0.5061114535605024,11.259106743907545,5.0,"[1.0, 1.0, 1.0, 1.0, 0.94, 1.0, 1.0]",hybrid,"{""accelerate"": true}",100.0,hybrid
red,0.06619661602513016,0.5048317423616135,4.34366617098264,5.0,"[1.0, 1.0, 1.0, 1.0, 0.9133333333333333, 1.0, 1.0]",hybrid,"{""accelerate"": true}",100.0,hybrid
red,0.07035131478039844,0.5053051091001868,4.34366617098264,5.0,"[1.0, 1.0, 1.0, 1.0, 1.0, 0.8666666666666667, 1.0]",hybrid,"{""accelerate"": true}",100.0,hybrid
red,0.07450601353566672,0.50577847583876,4.34366617098264,5.0,"[1.0, 1.0, 1.0, 1.0, 1.0, 0.82, 1.0]",hybrid,"{""accelerate"": true}",100.0,hybrid
red,0.07866071229093499,0.5037518425773332,-2.363719488273259,5.0,"[1.0, 1.0, 1.0, 1.0, 1.0, 0.7533333333333333, 1.0]",hybrid,"{""accelerate"": true}",97.0,hybrid
red,0.08282383373284749,0.5034940739121526,-2.363719488273259,5.0,"[1.0, 1.0, 1.0, 1.0, 1.0, 0.72, 1.0]",hybrid,"{""accelerate"": true}",97.0,hybrid
red,0.08698695517475999,0.503236305246972,-2.363719488273259,5.0,"[1.0, 1.0, 1.0, 1.0, 1.0, 0.7133333333333334, 1.0]",hybrid,"{""accelerate"": true}",97.0,hybrid
red,0.09115007661667249,0.5029785365817915,-2.363719488273259,5.0,"[1.0, 1.0, 1.0, 1.0, 1.0, 0.7066666666666667, 1.0]",hybrid,"{""accelerate"": true}",97.0,hybrid
red,0.09531319805858499,0.5027207679166109,-2.363719488273259,5.0,"[1.0, 1.0, 1.0, 1.0, 1.0, 0.7, 1.0]",hybrid,"{""accelerate"": true}",97.0,hybrid
red,0.0994763195004975,0.5024629992514303,-2.363719488273259,5.0,"[1.0, 1.0, 1.0, 1.0, 1.0, 1.0, 1.0]",hybrid,"{""accelerate"": true}",100.0,hybrid
red,0.10363944094241,0.5022052305862498,-2.363719488273259,5.0,"[1.0, 1.0, 1.0, 1.0, 1.0, 1.0, 1.0]",hybrid,"{""accelerate"": true}",100.0,hybrid
red,0.1078025623843225,0.5019474619210692,-2.363719488273259,5.0,"[1.0, 1.0, 1.0, 1.0, 1.0, 1.0, 1.0]",hybrid,"{""accelerate"": true}",100.0,hybrid
red,0.111965683826235,0.5016896932558886,-2.363719488273259,5.0,"[1.0, 1.0, 1.0, 1.0, 1.0, 1.0, 1.0]",hybrid,"{""accelerate"": true}",100.0,hybrid
red,0.11612880526814749,0.5014319245907081,-2.363719488273259,5.0,"[1.0, 1.0, 1.0, 1.0, 1.0, 1.0, 1.0]",hybrid,"{""accelerate"": true}",100.0,hybrid
red,0.12029192671005999,0.5011741559255275,-2.363719488273259,5.0,"[1.0, 1.0, 1.0, 1.0, 1.0, 1.0, 1.0]",hybrid,"{""accelerate"": true}",100.0,hybrid
red,0.12445504815197249,0.5009163872603469,-2.363719488273259,5.0,"[1.0, 1.0, 1.0, 1.0, 1.0, 1.0, 1.0]",hybrid,"{""accelerate"": true}",100.0,hybrid
red,0.12861816959388497,0.5006586185951662,-2.363719488273259,5.0,"[1.0, 1.0, 1.0, 1.0, 1.0, 1.0, 1.0]",hybrid,"{""accelerate"": true}",100.0,hybrid
red,0.13278129103579747,0.5004008499299857,-2.363719488273259,5.0,"[1.0, 1.0, 1.0, 1.0, 1.0, 1.0, 0.4266666666666667]",hybrid,"{""accelerate"": true}",42.0,hybrid
red,0.13694441247770997,0.5001430812648051,-2.363719488273259,5.0,"[1.0, 1.0, 1.0, 1.0, 1.0, 1.0, 0.42]",hybrid,"{""accelerate"": true}",42.0,hybrid
red,0.1411075339196225,0.49988531259962454,-2.363719488273259,5.0,"[1.0, 1.0, 1.0, 1.0, 1.0, 1.0, 0.41333333333333333]",hybrid,"{""accelerate"": true}",42.0,hybrid
red,0.145270655361535,0.499627543934444,-2.363719488273259,5.0,"[1.0, 1.0, 1.0, 1.0, 1.0, 1.0, 0.41333333333333333]",hybrid,"{""accelerate"": true}",42.0,hybrid
red,0.1494337768034475,0.4993697752692634,-2.363719488273259,5.0,"[1.0, 1.0, 1.0, 1.0, 1.0, 1.0, 0.4066666666666667]",hybrid,"{""accelerate"": true}",42.0,hybrid
red,0.15359689824536,0.49911200660408284,-2.363719488273259,5.0,"[1.0, 1.0, 1.0, 1.0, 1.0, 1.0, 0.4]",hybrid,"{""accelerate"": true}",42.0,hybrid
red,0.1577600196872725,0.49885423793890227,-2.363719488273259,5.0,"[1.0, 1.0, 1.0, 1.0, 1.0, 1.0, 1.0]",hybrid,"{""accelerate"": true}",100.0,hybrid
red,0.161923141129185,0.4985964692737217,-2.363719488273259,5.0,"[1.0, 1.0, 1.0, 1.0, 1.0, 1.0, 1.0]",hybrid,"{""accelerate"": true}",100.0,hybrid
red,0.1660862625710975,0.49833870060854113,-2.363719488273259,5.0,"[1.0, 1.0, 1.0, 1.0, 1.0, 1.0, 1.0]",hybrid,"{""accelerate"": true}",100.0,hybrid
red,0.17024938401300999,0.4980809319433605,-2.363719488273259,5.0,"[1.0, 1.0, 1.0, 1.0, 1.0, 1.0, 1.0]",hybrid,"{""accelerate"": true}",100.0,hybrid
red,0.17441250545492248,0.49782316327817994,-2.363719488273259,5.0,"[1.0, 1.0, 1.0, 1.0, 1.0, 1.0, 1.0]",hybrid,"{""accelerate"": true}",100.0,hybrid
red,0.17857562689683498,0.49756539461299937,-2.363719488273259,5.0,"[1.0, 1.0, 1.0, 1.0, 1.0, 1.0, 1.0]",hybrid,"{""accelerate"": true}",100.0,hybrid
red,0.18273874833874748,0.4973076259478188,-2.363719488273259,5.0,"[1.0, 1.0, 1.0, 1.0, 1.0, 1.0, 1.0]",hybrid,"{""accelerate"": true}",100.0,hybrid
red,0.18690186978065998,0.49704985728263823,-2.363719488273259,5.0,"[1.0, 1.0, 1.0, 1.0, 1.0, 1.0, 1.0]",hybrid,"{""accelerate"": true}",100.0,hybrid
red,0.19106499122257248,0.49679208861745766,-2.363719488273259,5.0,"[1.0, 1.0, 1.0, 1.0, 1.0, 1.0, 1.0]",hybrid,"{""accelerate"": true}",100.0,hybrid
1765467612.3580406,0.587911266968331,0.7389417596806955,45.0,0.9591800528649247,"[0.28430633007937417, 0.08287433148882628, 0.0644527767832987, 0.2091989795562522, 0.12773886688615235, 0.11239612431769129, 0.2773598724228769]",green,"{""brake"": true}",-40.21968006329294,pure_ml
1765467613.3580406,0.7611625582398615,0.8935833723196885,77.2197138638503,1.3018601515790382,"[0.9834672879006148, 0.45705730730332816, 0.8018734990563547, 0.6617951147920669, 0.35236248546545146, 0.6121551565408843, 0.6622068565846209]",yellow,"{""brake"": true}",10.245443128342231,pure_ml
1765467614.3580406,0.7019156305057022,0.5665079084523591,47.611495192284664,3.088349237131889,"[0.5307907583170933, 0.8445771062958423, 0.561800929736832, 0.806039173945081, 0.8691202377103258, 0.3289978433851345, 0.967294969523816]",green,"{""turn_right"": true}",11.650902456803479,pure_ml
1765467615.3580406,0.529371329537953,0.14376617857131635,-128.9128528404035,3.941272171760968,"[0.682199715910131, 0.8372600372287566, 0.31726388996567545, 0.34309802469308937, 0.6778222377273413, 0.3977815088309781, 0.6793549730318857]",green,"{""turn_left"": true}",12.49217286738147,pure_ml
1765467616.3580406,0.13942673209932144,0.6409770080689845,-77.43100799808005,2.9402471655168654,"[0.8882979872362713, 0.488583093508791, 0.5392039655442309, 0.8781980761570971, 0.38306600992428796, 0.9413094949751588, 0.9482979054116258]",green,"{""accelerate"": true}",12.713655880804934,pure_ml
1765467617.3580406,0.4328098910151107,0.5797405385897421,-5.3795396512207585,3.326890409102355,"[0.7253782835013118, 0.6876310613935182, 0.6968956626179588, 0.8322105435616047, 0.4722219571226822, 0.46390177920332454, 0.8848001035334823]",yellow,"{""accelerate"": true}",7.06258609442412,pure_ml
1765467618.3580406,0.1974623500696837,0.48104533295609875,-63.668745014981134,1.8974681343865654,"[0.9696634932086226, 0.42585053603265877, 0.34777030474465154, 0.9838934271622615, 0.8047916929609282, 0.3804746921261183, 0.6305767097448196]",yellow,"{""turn_left"": true}",7.339786424174976,pure_ml
1765467619.3580406,0.31873030028165084,0.5341854906725892,45.0,4.471971935255501,"[0.595019459039869, 0.5049819730798053, 0.6321589516519355, 0.7717444866922005, 0.6137216225636482, 0.6204580354608216, 0.9097679343864495]",red,"{""accelerate"": true}",-10.964148542626349,pure_ml
1765467620.3580406,0.752566818458161,0.2867901594478025,-106.24831359483463,2.696200824295906,"[0.700161457457604, 0.3565928182103803, 0.566539682755941, 0.5959768126454066, 0.8350061117940344, 0.5701569407444587, 0.8781508052530704]",green,"{""turn_right"": true}",12.7616695942915,pure_ml
1765467621.3580406,0.17877143835835946,0.3741044251852491,-76.61365786021963,1.4094556842369181,"[0.9506541138656837, 0.9017940224418222, 0.8092344954516948, 0.386284730449443, 0.8491754979012955, 0.5031233939507664, 0.4167690150074059]",green,"{""accelerate"": true}",11.101216825817954,pure_ml
1765467622.3580406,0.34176820146660525,0.47119851449991146,-135.0,0.6496675884917118,"[0.09810467751511295, 0.2559022001162667, 0.026751408737801595, 0.2554880559443898, 0.2660341210818503, 0.07754695823265378, 0.19623827023519091]",green,"{""brake"": true}",-36.14046678247994,pure_ml
1765467623.3580406,0.2698571790222636,0.3206130373805751,-15.585965472324466,2.5746590299965026,"[0.9172871750159268, 0.6008739905426019, 0.9950242799032252, 0.8908821407172856, 0.5665566660456279, 0.5752340760600975, 0.5223153729070884]",red,"{""brake"": true}",14.459257903903806,pure_ml
1765467624.3580406,0.8456175043056127,0.2599170472904667,43.96048634867408,1.0951186099575139,"[0.8011365547072717, 0.834240027499161, 0.7414918849977257, 0.5064282698502274, 0.63316609346675, 0.7444752338872305, 0.619217935920551]",green,"{""brake"": true}",6.474557058064163,pure_ml
1765467625.3580406,0.7179122062886936,0.2912756783577942,-23.014912899155878,3.993500507156444,"[0.5387350652717526, 0.8753912679508349, 0.5082188500295869, 0.6140865879908152, 0.877401782827655, 0.3906510615494608, 0.5998463498469375]",red,"{""turn_left"": true}",6.0893635590221065,pure_ml
1765467626.3580406,0.49365221183554875,0.7315840351155883,-45.0,4.3031492914930825,"[0.5833298502574189, 0.5725859051830302, 0.9974611772678736, 0.832536111611325, 0.6861420166367885, 0.7664825673309557, 0.9191153248271302]",red,"{""accelerate"": true}",3.744673987222175,pure_ml
1765467627.3580406,0.39366313021886945,0.24805816112106716,-5.916285752960343,2.8962319127617993,"[0.7433672549639554, 0.8683356717137236, 0.550203681725487, 0.3431768912499225, 0.8998530963171183, 0.7888874150065992, 0.44530597355835355]",yellow,"{""turn_left"": true}",8.331024877018066,pure_ml
1765467628.3580406,0.5395897684979525,0.8709886468961079,124.06538602509299,2.2906846333821096,"[0.43529789120618334, 0.6152529669407804, 0.5686330982891503, 0.7159517860738823, 0.33061997786298203, 0.6012320598566594, 0.31679324970438894]",yellow,"{""accelerate"": true}",7.153424826262622,pure_ml
1765467629.3580406,0.6828147673101297,0.8333209280123689,157.51319468335643,3.377227029840238,"[0.544227908933913, 0.6124562998507438, 0.633177300493043, 0.9264758485681577, 0.7796082698958611, 0.8393920248246911, 0.38088233728111376]",yellow,"{""accelerate"": true}",7.823908275274758,pure_ml
1765467630.3580406,0.4409053242278663,0.61787115258722,-134.98050879813835,3.3125555771973088,"[0.825121318807843, 0.3355664820757185, 0.35610636450128846, 0.7513672708837011, 0.8200465232316052, 0.4476052136247624, 0.7953715155932047]",yellow,"{""accelerate"": true}",7.3163668034616745,pure_ml
1765467631.3580406,0.10356270491142575,0.7124638072355207,163.73396692810735,2.9493076669365137,"[0.4352827241073608, 0.8029092841364456, 0.7503285369426417, 0.30650121020163185, 0.8515153478980677, 0.40404069705538953, 0.444895082414106]",red,"{""accelerate"": true}",12.22787955913114,pure_ml
1765467632.3580406,0.8803051950612791,0.8856377955324994,-45.0,0.0826188647158016,"[0.09000309682171544, 0.10211789242907779, 0.15648152111069594, 0.19772958984153605, 0.15651478632805363, 0.16435663359135597, 0.15982069654868217]",red,"{""brake"": true}",-33.7086525961211,pure_ml
1765467633.3580406,0.30776412739586406,0.380803585759518,-45.0,4.9874454403969475,"[0.6069332086993389, 0.5746345317769204, 0.6704455153452311, 0.6083880309074546, 0.667985498664943, 0.918876928671648, 0.8239542343326995]",green,"{""accelerate"": true}",-14.870481499794614,pure_ml
1765467634.3580406,0.4636245174247099,0.3855229532843948,27.978774952782864,2.367011237478621,"[0.8632036017778844, 0.5817908276706149, 0.41822982000519393, 0.44653570291055755, 0.7924732560710241, 0.5834469445655632, 0.48214081243085644]",yellow,"{""accelerate"": true}",12.567988358940145,pure_ml
1765467635.3580406,0.5144725795279566,0.6317646017910885,16.22867559309128,2.6653735873723683,"[0.47100740157253707, 0.6724076965795028, 0.8133115048012312, 0.36254959203595005, 0.5195297459668046, 0.6164700476038877, 0.5817864321709573]",red,"{""turn_right"": true}",10.375787506839822,pure_ml
1765467636.3580406,0.2869602450196289,0.3643955192911428,3.719913520177694,2.939508627236108,"[0.835055145600101, 0.35442624364194103, 0.39104861616942294, 0.5596541866613509, 0.30059354504886876, 0.8375035588169877, 0.5397600060642985]",green,"{""accelerate"": true}",14.79619142767347,pure_ml
1765467637.3580406,0.8117127938079123,0.3590588548363284,-1.2368397512226392,1.877092710309889,"[0.554323386015092, 0.6653190515107343, 0.9433676309045211, 0.7482180115835324, 0.5534486128956089, 0.47040386977950643, 0.8318984904399691]",green,"{""brake"": true}",12.428570943541548,pure_ml
1765467638.3580406,0.8111996406130068,0.5483076902036681,33.205917897010295,3.1914064626502725,"[0.8718342951820115, 0.5987706046192108, 0.6135113444074713, 0.32859898724737174, 0.7130944590209954, 0.39170527353390616, 0.5895142360983796]",yellow,"{""brake"": true}",14.58311088220824,pure_ml
1765467639.3580406,0.8030153674465931,0.13598589540488382,128.93958574713585,2.034386243594968,"[0.8971655822856661, 0.5930865307742061, 0.7993757254031753, 0.819507313346644, 0.6093755824848449, 0.5763534582318374, 0.44499375117589335]",yellow,"{""turn_right"": true}",11.611525422053202,pure_ml
1765467640.3580406,0.8795332273696065,0.21285845562343228,-45.0,4.328145479294475,"[0.7075333653646705, 0.8560567616134456, 0.8194397438261366, 0.7856777012115425, 0.9698320239405268, 0.6732509984918338, 0.6064014323904365]",red,"{""accelerate"": true}",-7.027178002900651,pure_ml
1765467641.3580406,0.5655613837962786,0.8235209896690787,132.63770784629722,1.0162359903841889,"[0.47458201192110994, 0.7658896811261766, 0.8562319860062413, 0.3599172304139852, 0.6202095058355866, 0.6256601552191852, 0.6695110886626595]",red,"{""brake"": true}",13.252970438170479,pure_ml
1765467642.3580406,0.8142448567495862,0.8199146420525788,135.0,0.08361444083256231,"[0.20711537480730344, 0.12339702342187052, 0.25082529143186527, 0.2559948765806691, 0.19841827240779153, 0.131140993082183, 0.04894427885554718]",green,"{""brake"": true}",-27.01183677542543,pure_ml
1765467643.3580406,0.14132070327505045,0.1521294102219998,105.05926157720634,3.5195122192193775,"[0.45468159621881227, 0.4158766027705579, 0.5449521743986836, 0.9150922375424728, 0.6008515835937442, 0.3870914554821119, 0.7630124290001083]",yellow,"{""accelerate"": true}",14.438242269691287,pure_ml
1765467644.3580406,0.1390058949538734,0.6123672014534749,-149.22439358735286,2.6716853868426136,"[0.6827216257030643, 0.7984175815449488, 0.4408813151407476, 0.3540143041253102, 0.8130366121796788, 0.9155299817281204, 0.4431384297994484]",yellow,"{""brake"": true}",7.07774244810179,pure_ml
1765467645.3580406,0.11548637385010654,0.4853440775666368,56.77111981636549,3.6735957547457585,"[0.43899882117959027, 0.6414779661263883, 0.43762828906659623, 0.8076672298388643, 0.746561332412051, 0.8099069485347858, 0.5047423699108322]",red,"{""turn_left"": true}",8.66051639651075,pure_ml
1765467646.3580406,0.20804502957384852,0.8128845409340028,-129.61002827889564,2.0494914742918473,"[0.7318658038476129, 0.6105615782177436, 0.7995648634548, 0.9286097512898126, 0.837084236354404, 0.4784094420252889, 0.4911759582510863]",red,"{""turn_right"": true}",13.747399810772624,pure_ml
1765467647.3580406,0.10989812507208026,0.5198402976409735,-45.0,4.496634395834513,"[0.906458941485053, 0.9743951162771116, 0.5578344381929421, 0.6448737270139954, 0.897307702148235, 0.5884893093353435, 0.8452155849713814]",green,"{""accelerate"": true}",1.1474607388031686,pure_ml
1765467648.3580406,0.2798592870391744,0.16098813135818038,152.28856553098177,1.0787192153511216,"[0.9874137852364406, 0.9223166015751527, 0.3161519080909946, 0.5502635162824451, 0.9619604992657644, 0.967962188367369, 0.7637244580988671]",green,"{""turn_right"": true}",7.86856435728994,pure_ml
1765467649.3580406,0.514682705615741,0.7227595199252753,-51.14789189809641,3.4901246345979113,"[0.40001904875708555, 0.7707607892997388, 0.8524651185014931, 0.9025240153017622, 0.9134199750087975, 0.6713684644264282, 0.5418025630733339]",red,"{""turn_right"": true}",7.162977188347909,pure_ml
1765467650.3580406,0.2961840518995549,0.732222978616776,-6.745746138099934,2.864240653241352,"[0.8741835529015864, 0.3761244382300818, 0.5919617641099681, 0.33281972484116895, 0.46877460446489516, 0.43937243843147605, 0.36383172556150517]",green,"{""brake"": true}",10.851241455099718,pure_ml
1765467651.3580406,0.3893664990706548,0.8991425813596451,102.09341518543542,2.423966772628201,"[0.7969021150911613, 0.9668249352447165, 0.37817885348225994, 0.5636532750694929, 0.41932262550522714, 0.5319234121419955, 0.7860705278672736]",green,"{""turn_right"": true}",10.057794763334917,pure_ml
1765467652.3580406,0.5401541266661833,0.6974037691281743,-135.0,0.12447138357949716,"[0.25314976926762317, 0.19645778299403943, 0.021946490349302083, 0.16344239477516723, 0.14737217266627942, 0.1253382376987496, 0.09331353275517514]",yellow,"{""brake"": true}",-38.29102258230323,pure_ml
1765467653.3580406,0.34983826198983997,0.7434277841925325,-64.33682099119937,1.2250108260723964,"[0.5206876480286013, 0.9790989928157909, 0.44220423669179626, 0.4213591208863608, 0.3745272113759241, 0.5676421338166409, 0.48571866472110237]",green,"{""brake"": true}",11.007973808830862,pure_ml
1765467654.3580406,0.5065225296381376,0.44372430706738586,135.0,4.105396077629081,"[0.52184721126488, 0.6992635721568776, 0.6245045585930777, 0.8731705485898708, 0.7743180291983922, 0.9130216284357918, 0.6621514472469878]",green,"{""accelerate"": true}",-18.214581268354227,pure_ml
1765467655.3580406,0.7688703937987589,0.544389970312063,-108.57602890501649,3.6583857612870587,"[0.6786714608434425, 0.4166716303897132, 0.4840351756103128, 0.9843271111077061, 0.9478593725199029, 0.5386446368631088, 0.3634353218626755]",green,"{""brake"": true}",7.855079853830242,pure_ml
1765467656.3580406,0.8353953237934632,0.5351205929727868,-66.21874712868751,1.9901187578262765,"[0.49416042601892973, 0.7718080278998214, 0.8927191581998271, 0.7552240321916266, 0.6875983658447253, 0.5582497205313028, 0.9712977556350562]",green,"{""turn_left"": true}",10.387202131021727,pure_ml
1765467657.3580406,0.3829535879295831,0.8595749449498926,53.767018335797694,3.888206854350118,"[0.35223919615010296, 0.39104440094992937, 0.9653873497176519, 0.7196865057528654, 0.7823164069077663, 0.8632809092272389, 0.847008716142438]",yellow,"{""turn_right"": true}",6.430495585666971,pure_ml
1765467658.3580406,0.19985680098311037,0.6930368458529454,120.7765700520794,2.514906875650942,"[0.7736492906077613, 0.9556784663839539, 0.9250113315606445, 0.3159065223721187, 0.8422847579813002, 0.9423262375916255, 0.44929803807481644]",yellow,"{""turn_right"": true}",11.154302888286466,pure_ml
1765467659.3580406,0.37635105839523864,0.24147333719226918,26.514581161554823,3.564006694763894,"[0.4703653454799519, 0.6960954438240182, 0.5537541046219743, 0.7095749016686985, 0.6426489759232172, 0.9609158777019764, 0.6679625109707863]",red,"{""brake"": true}",5.25065825323019,pure_ml
1765467660.3580406,0.4386791036998855,0.30680788409374116,-20.53753986451415,3.978984342341924,"[0.8318259786819546, 0.3644558975116563, 0.6866941504310158, 0.7811910897508514, 0.3864950637075183, 0.3716632075548151, 0.5746750909045091]",red,"{""turn_right"": true}",7.607689251919743,pure_ml
1765467661.3580406,0.7433681992707949,0.7655334693818968,45.0,4.377866385878947,"[0.955307047293122, 0.8762525387772948, 0.9303530087814085, 0.5320728597551496, 0.7046238173417606, 0.8666013736039282, 0.7953085445173831]",red,"{""accelerate"": true}",-5.440620058295821,pure_ml
1765467662.3580406,0.8103171061020967,0.5024825282047528,45.0,0.04420100305659558,"[0.20956605500583053, 0.1003246233465119, 0.007544891364042771, 0.02752544537146644, 0.16840051732474562, 0.13989627436712387, 0.0739718402527983]",green,"{""brake"": true}",-46.63145770241982,pure_ml
1765467663.3580406,0.49369602106464605,0.5942315019360069,172.0703904301507,3.3812383022469947,"[0.39644838114144565, 0.9762680842374101, 0.36289940108511587, 0.45976330375794877, 0.6615585963311554, 0.9885775245488422, 0.6646213499781302]",green,"{""turn_right"": true}",11.69437113735481,pure_ml
1765467664.3580406,0.7769749404357873,0.4853770918750764,55.68648889214434,1.5810233339526913,"[0.6420178658373293, 0.6571294262312535, 0.4754728866646646, 0.9950086031226153, 0.5757588265088189, 0.40597149768929297, 0.610112778537183]",red,"{""accelerate"": true}",8.073062334748444,pure_ml
1765467665.3580406,0.6209453286921482,0.31252684559750876,-68.71222912340976,1.8832986662941726,"[0.8863391541167076, 0.6587186085496893, 0.5920986854772369, 0.8109169312344491, 0.7758479754270128, 0.7096331658878667, 0.35809476991332795]",red,"{""turn_right"": true}",7.090595639978007,pure_ml
1765467666.3580406,0.390003955625873,0.8463183127379491,171.27200336069413,1.9359651397803828,"[0.9096333425906222, 0.3935375861306032, 0.4515080371426495, 0.3135363754922612, 0.42261246009310305, 0.5699413758968443, 0.3200307034450237]",red,"{""turn_left"": true}",10.993876780656343,pure_ml
1765467667.3580406,0.3234923986124346,0.6461597720320025,83.73603884630398,1.4593221498314917,"[0.6754678163228953, 0.8260824803716633, 0.4573167364004962, 0.9631300838081749, 0.773516331297361, 0.7879372561581295, 0.7592803124677736]",yellow,"{""turn_right"": true}",7.680908133837571,pure_ml
1765467668.3580406,0.14097293922308618,0.7438116164173753,-135.0,4.376300072005691,"[0.9459884154789695, 0.6018415551660048, 0.6130055843081157, 0.5417556781748704, 0.5643069804868324, 0.8657706065887043, 0.6719584834165526]",green,"{""accelerate"": true}",-6.325416822772183,pure_ml
1765467669.3580406,0.7063331725262681,0.6042674278752652,103.22609511641286,2.322646005269825,"[0.8118753120876006, 0.4735953695278712, 0.394956291710596, 0.8935669146417331, 0.9073560592515455, 0.9602430988821575, 0.6875809682484284]",red,"{""accelerate"": true}",11.459525608793768,pure_ml
1765467670.3580406,0.12552173616852047,0.6239383206306507,-126.93521495662456,2.6177190972739854,"[0.5497991752724068, 0.9615728601532341, 0.4988055233351222, 0.6486729588307552, 0.7451101922537897, 0.6529833194640646, 0.6334156428708227]",green,"{""brake"": true}",5.759695607792081,pure_ml
1765467671.3580406,0.32688075045071474,0.7158326504085828,41.717662600192305,1.092589226900246,"[0.5982020741318773, 0.3072203083171848, 0.38460688417820765, 0.6559293955795533, 0.7761798083871135, 0.5120453206247897, 0.35774171640735397]",red,"{""brake"": true}",8.716589606514534,pure_ml
1765467672.3580406,0.8678471261858415,0.44323990268720226,-135.0,0.6853715127626838,"[0.03628536644000271, 0.29367926934511407, 0.29366649679212015, 0.14220335048412436, 0.15299133371399382, 0.15201109986629477, 0.11495433377518165]",yellow,"{""brake"": true}",-10.597801425765901,pure_ml
1765467673.3580406,0.6413611208666972,0.8424238349761523,123.42615662924524,1.8356811456696902,"[0.9865382927551143, 0.41992445303791065, 0.8751012781848566, 0.6125510054646657, 0.495652365488162, 0.8971258904510409, 0.39891969619477047]",green,"{""brake"": true}",7.956386352634932,pure_ml
1765467674.3580406,0.42542491495453305,0.2850379176628647,59.29442925088504,2.579393862071336,"[0.41236316494128733, 0.9477937594436248, 0.6751270006971044, 0.5643659591357111, 0.8200936955937113, 0.7176559740199013, 0.6768810410615465]",green,"{""turn_right"": true}",6.90893400090644,pure_ml
1765467675.3580406,0.1846327098786878,0.15470079897167538,135.0,4.646351589060652,"[0.9903837805094908, 0.8375963039872198, 0.6476968228936264, 0.9766701530403117, 0.71590132619943, 0.7039868149953588, 0.929228210612604]",yellow,"{""accelerate"": true}",-15.879652141926925,pure_ml
1765467676.3580406,0.12959945989335112,0.30226387203391303,-113.61594497815493,2.421294438367256,"[0.858722215636935, 0.7059005989530638, 0.7943915848211196, 0.809103713459143, 0.6229308592511271, 0.5695038869491215, 0.7009698557134725]",red,"{""accelerate"": true}",14.032119854611157,pure_ml
1765467677.3580406,0.2670164091501531,0.2628217639048587,176.3648654893999,2.5793214688432347,"[0.7369147941849998, 0.568413969630261, 0.39130251029542346, 0.8072274009210305, 0.5573481580336896, 0.49267172660538455, 0.46015082746728875]",red,"{""brake"": true}",11.064910986330112,pure_ml
1765467678.3580406,0.12544941884464988,0.11023978123292562,-13.897306257052103,2.1249098977549785,"[0.4174720158716497, 0.3985630018349329, 0.8533984258131775, 0.5197398006474577, 0.9184848463852411, 0.7498419374107927, 0.3849545077745574]",green,"{""accelerate"": true}",12.390718921446553,pure_ml
1765467679.3580406,0.13957618246724124,0.4699371326243348,53.746608486276045,3.040821804405348,"[0.3739129713561866, 0.6378685900432409, 0.4417622474779256, 0.7552846792203304, 0.3487465314211762, 0.9535650266708702, 0.9398044007488056]",green,"{""turn_right"": true}",8.081440165285715,pure_ml
1765467680.3580406,0.5429717580763095,0.3232005391846191,-27.94223975124421,2.9307218147968612,"[0.763828882271816, 0.5071425034859073, 0.9789742278280127, 0.7872882903340275, 0.551799672745193, 0.41084293022331597, 0.4685457760093682]",red,"{""accelerate"": true}",5.567810604451826,pure_ml
1765467681.3580406,0.1087563947666082,0.3141698242503093,-99.63352841169088,3.9687363430665656,"[0.7299171821252314, 0.7925875945939229, 0.8647446927050082, 0.4459993444048479, 0.6600773606920081, 0.3049153260556633, 0.5166508319844227]",yellow,"{""turn_left"": true}",6.0273440855236435,pure_ml
1765467682.3580406,0.5184514200667331,0.8671058135116411,45.0,0.07950309305434966,"[0.07434817936763134, 0.27648197157117155, 0.14984175438045583, 0.0702194253550916, 0.13654371886732805, 0.21157733411655505, 0.04079298354539368]",red,"{""brake"": true}",-38.506837086255835,pure_ml
1765467683.3580406,0.769438334956838,0.4901148135349296,-152.01509153123976,1.8358629129999056,"[0.7809251317245569, 0.7415870867375949, 0.5854168268009472, 0.5116682597783275, 0.7652508814685933, 0.7095812340931025, 0.6017608298481034]",yellow,"{""turn_right"": true}",11.49902952873433,pure_ml
1765467684.3580406,0.5764093906606531,0.25668181274261326,67.4494927095033,2.1406105583873822,"[0.3006581253880077, 0.5832409256276384, 0.9734374437596272, 0.5169150862852261, 0.7976205183354239, 0.8191480213883016, 0.6349191807288805]",green,"{""brake"": true}",11.663476583849828,pure_ml
1765467685.3580406,0.6603186517254769,0.3245832111214463,36.93190203733598,2.499458388274231,"[0.6770950055819858, 0.9951511305980669, 0.6254461874696884, 0.5956039817522646, 0.7839044336011947, 0.94909049862827, 0.8588816029868742]",green,"{""turn_right"": true}",12.55685472468521,pure_ml
1765467686.3580406,0.8859178997421714,0.8585460904662638,42.30650614498464,3.532401414506058,"[0.9369499528525205, 0.4959105554481829, 0.4599376814189523, 0.3501459531468028, 0.4978364937823826, 0.9876781811550233, 0.3580172805848401]",yellow,"{""accelerate"": true}",10.576572873328587,pure_ml
1765467687.3580406,0.3146867952038105,0.452329906157085,-147.54335843868378,2.475213187164389,"[0.6152435453544178, 0.85602873946154, 0.3827030297444305, 0.30755702566850557, 0.6384007609395865, 0.3977914342031028, 0.6046601757074795]",green,"{""turn_left"": true}",14.987176837309592,pure_ml
1765467688.3580406,0.7692515288004492,0.3536238894001771,-31.51960459049662,1.678250928906025,"[0.7167666306485965, 0.7830211764240316, 0.5642485781079252, 0.7059778900643588, 0.32819017811328116, 0.9838304236444282, 0.606806210767119]",green,"{""turn_left"": true}",7.320913571202743,pure_ml
1765467689.3580406,0.6976979712561631,0.6557006147106255,135.0,4.502683603777631,"[0.9039983815121564, 0.7086061753342545, 0.6994064070420216, 0.9296345101228594, 0.6580220220663362, 0.8889983022543817, 0.7082546356042061]",red,"{""accelerate"": true}",-18.549990309757323,pure_ml
1765467690.3580406,0.7576034029659823,0.18935596983558123,-6.01559920445136,1.9734387767890675,"[0.6061169670823061, 0.8764274283597611, 0.5594438894564154, 0.4254645057404412, 0.6323373765076297, 0.5536959405554217, 0.67874906604933]",green,"{""brake"": true}",11.538362762123063,pure_ml
1765467691.3580406,0.8935678298120835,0.26072424462567567,-148.3443812434043,2.1386398935310122,"[0.6973383585444644, 0.8883415816722919, 0.9106424195543026, 0.5434106636797023, 0.42600209509710085, 0.5722493839303995, 0.5401848605997301]",red,"{""accelerate"": true}",8.216147435686757,pure_ml
1765467692.3580406,0.12252098217097487,0.11602598357928012,135.0,0.6827931806671934,"[0.2191468238408212, 0.15505724701390647, 0.00466195479034075, 0.021272908572129202, 0.21800530578417307, 0.2503359426231226, 0.21335553764230855]",red,"{""brake"": true}",-16.016982411697292,pure_ml
1765467693.3580406,0.18549172734039196,0.8757271591441325,-179.23342140859017,2.4047414650198156,"[0.8929445491749797, 0.47452741716881364, 0.31566683913302124, 0.9028704607351172, 0.9023736295057916, 0.326494258252768, 0.7633611098794748]",red,"{""brake"": true}",9.962891642194805,pure_ml
1765467694.3580406,0.3167317122229796,0.2095917950353992,-171.90855316734226,1.4080677136014004,"[0.6699291713548056, 0.4722232847899378, 0.6689566658689711, 0.36997302043498725, 0.6260229235907635, 0.5844742069510314, 0.8177466731499479]",green,"{""accelerate"": true}",5.9109589825835975,pure_ml
1765467695.3580406,0.7754943556226113,0.5490181384306164,-115.20054095086583,3.0118423431804797,"[0.9121740649342809, 0.6268721864327402, 0.37256840816993614, 0.5239652115035701, 0.47049616125637556, 0.8371019611634118, 0.9077896056651105]",green,"{""brake"": true}",13.721107958686193,pure_ml
1765467696.3580406,0.22218731881037154,0.24799530594173405,45.0,4.243432046708151,"[0.8579447259735073, 0.819060867699458, 0.9120311685394281, 0.6832140948127803, 0.7302428292560872, 0.8105000198750071, 0.8748801077784605]",yellow,"{""accelerate"": true}",-9.238627643835205,pure_ml
1765467697.3580406,0.2804801576892927,0.12202323766746943,-129.60507418431297,1.648292670710865,"[0.8459679735551622, 0.842105906073114, 0.8823154565645732, 0.6089459891737405, 0.8625016221921626, 0.3266723311929906, 0.5617525084733173]",red,"{""brake"": true}",12.674365024272461,pure_ml
1765467698.3580406,0.21577492101457577,0.28822997617818047,0.8436191420828576,2.5013354035752804,"[0.4093392447669091, 0.3795860723626763, 0.4386148963046437, 0.3906864467922924, 0.5917050254519026, 0.5973647670702209, 0.8879099144953346]",green,"{""brake"": true}",14.557848672535439,pure_ml
1765467699.3580406,0.3089391328070734,0.7160038488995025,-57.348254778472516,2.3590633835340467,"[0.7593174056737796, 0.9064407861246251, 0.8425969566816351, 0.40184026883616897, 0.5823244359411184, 0.7173371660364185, 0.7263995759448232]",red,"{""brake"": true}",13.198166277596396,pure_ml
1765467700.3580406,0.3184560961568992,0.4892894336466024,-165.81608217034997,1.2082500256290423,"[0.5434754196257265, 0.3767154375250058, 0.4962509418544303, 0.8168740446941338, 0.8255114247432456, 0.7065340534547998, 0.4132828289335493]",red,"{""brake"": true}",12.71190345907265,pure_ml
1765467701.3580406,0.16189222166137976,0.7215811157369787,-128.8466947602173,3.0949926371343275,"[0.4355958298871242, 0.8313455130470915, 0.8200206890658668, 0.5218582359269235, 0.39546914802035665, 0.6089815778547636, 0.4865878068826275]",red,"{""turn_right"": true}",12.716033742507689,pure_ml
1765467702.3580406,0.43596934774136786,0.855872316348409,135.0,0.706747150139359,"[0.0903350215699901, 0.2062647924270849, 0.09517628276157876, 0.21062334014065573, 0.03911386728821196, 0.005379589693805786, 0.146753250996371]",red,"{""brake"": true}",-19.47350527920587,pure_ml
1765467703.3580406,0.6031830578750282,0.3678893962874179,-45.0,4.580939212799891,"[0.7133419972100216, 0.941436517523869, 0.7502474350543548, 0.9416045330693885, 0.9840770993792485, 0.7739757753118474, 0.8096076789192681]",yellow,"{""accelerate"": true}",-11.524844901286635,pure_ml
1765467704.3580406,0.7835784947039502,0.47560052596919344,-122.92320338424149,1.4730937709592486,"[0.6756060460616522, 0.8635741670014139, 0.4210490408953102, 0.9600742159863584, 0.7665988768013953, 0.3325923591627936, 0.7564017841544218]",green,"{""brake"": true}",9.104442248814433,pure_ml
1765467705.3580406,0.321044210791113,0.4534982802345938,75.86762825539863,3.597723365580808,"[0.5320630104337034, 0.8847195928814029, 0.8557944883123885, 0.3706832540018769, 0.7164257884515812, 0.8986214295917385, 0.3463520263102504]",red,"{""turn_left"": true}",10.48012289914072,pure_ml
1765467706.3580406,0.5544288072539701,0.72205838012672,68.34887941319997,2.469503875907213,"[0.8644768447131725, 0.7837373565894896, 0.6926623895541167, 0.890429329434127, 0.6388821123262614, 0.5752020070774527, 0.49128414532000764]",red,"{""turn_right"": true}",14.951786698850961,pure_ml
1765467707.3580406,0.4803034462332114,0.47606140940063424,36.77912687082439,2.110879359213866,"[0.6764005189370932, 0.512581596426419, 0.9381238705610624, 0.5669986882467641, 0.3701073404019128, 0.6268578055785499, 0.8542837303425013]",yellow,"{""turn_right"": true}",6.426025741065937,pure_ml
1765467708.3580406,0.7227500754697115,0.5645088255139517,-134.28047165545973,2.212017036098348,"[0.7761063730255472, 0.7835685575525655, 0.5235539932386185, 0.43920268975148274, 0.6701371987109064, 0.4018260289324819, 0.7555361597578032]",green,"{""turn_left"": true}",14.927164102628732,pure_ml
1765467709.3580406,0.8327045242131662,0.8670514054704006,-121.6184168260723,3.151275149492476,"[0.5414789991169877, 0.9385921779435731, 0.8418036610861914, 0.6052046404485676, 0.7228291013026282, 0.6902822054079504, 0.409355097095787]",green,"{""brake"": true}",8.724143663182204,pure_ml
1765467710.3580406,0.4110574429128395,0.2515719252491578,-45.0,4.652346719949811,"[0.9298485927680171, 0.7640923802514739, 0.6374320502805435, 0.6457877731053568, 0.5382531160154618, 0.8900336806637241, 0.920202304646671]",yellow,"{""accelerate"": true}",-10.882009784642658,pure_ml
1765467711.3580406,0.6005268779363641,0.1286013681123337,57.55978872558987,1.8693670313859205,"[0.5572314888500413, 0.7547539862282879, 0.9511845392943514, 0.8546762561007455, 0.6744452013949083, 0.41767520633866073, 0.610964498642935]",yellow,"{""brake"": true}",10.94309193890614,pure_ml
green,0.08333333333333333,0.5,0.0,0.2,"[1.0, 1.0, 1.0, 1.0, 1.0, 1.0, 1.0]",pure_ml,"{""accelerate"": true}",61.6,hybrid
green,0.0835,0.5,0.0,0.15000000000000002,"[1.0, 1.0, 1.0, 1.0, 1.0, 0.9666666666666667, 1.0]",pure_ml,"{""turn_left"": true}",40.7,hybrid
green,0.08362431523692103,0.49998040091313734,-6.000000000000001,0.35000000000000003,"[1.0, 1.0, 1.0, 1.0, 1.0, 1.0, 1.0]",pure_ml,"{""accelerate"": true}",62.8,hybrid
green,0.0839143841230701,0.4999346697104577,-6.000000000000001,0.55,"[1.0, 1.0, 1.0, 1.0, 1.0, 1.0, 1.0]",pure_ml,"{""accelerate"": true}",64.4,hybrid
green,0.08437020665844724,0.4998628063919612,-6.000000000000001,0.25000000000000006,"[1.0, 1.0, 1.0, 1.0, 1.0, 1.0, 1.0]",pure_ml,"{""brake"": true}",47.0,hybrid
green,0.0845773987199823,0.49983014124719005,-6.000000000000001,0.45000000000000007,"[1.0, 1.0, 1.0, 1.0, 1.0, 1.0, 1.0]",pure_ml,"{""accelerate"": true}",63.6,hybrid
green,0.0849503444307454,0.499771343986602,-6.000000000000001,0.4000000000000001,"[1.0, 1.0, 1.0, 1.0, 1.0, 1.0, 1.0]",pure_ml,"{""change_lane_left"": true}",43.2,hybrid
green,0.08528185172920148,0.4972190797549681,-6.000000000000001,0.6000000000000001,"[1.0, 1.0, 1.0, 1.0, 1.0, 1.0, 1.0]",pure_ml,"{""accelerate"": true}",64.8,hybrid
green,0.08577911267688562,0.4946406834075174,-26.35969079377275,0.8,"[1.0, 1.0, 1.0, 1.0, 1.0, 1.0, 1.0]",pure_ml,"{""accelerate"": true}",51.4,hybrid
green,0.08637646224489104,0.4916966784969495,-40.373407495602024,1.0,"[1.0, 1.0, 1.0, 1.0, 1.0, 1.0, 1.0]",pure_ml,"{""accelerate"": true}",58.0,hybrid
green,0.08701132810763404,0.48838697052074564,-50.44576759581801,1.2,"[1.0, 1.0, 1.0, 1.0, 1.0, 1.0, 1.0]",pure_ml,"{""accelerate"": true}",-40.4,hybrid
green,0.08764813641177747,0.4847304372685252,-57.91990334863371,1.4,"[1.0, 1.0, 1.0, 1.0, 1.0, 1.0, 1.0]",pure_ml,"{""accelerate"": true}",-50.8,hybrid
green,0.0882677580660894,0.48074765095135324,-63.60325221030194,1.5999999999999999,"[1.0, 1.0, 1.0, 1.0, 1.0, 1.0, 1.0]",pure_ml,"{""accelerate"": true}",-69.2,hybrid
green,0.08886053718112516,0.47645617695719394,-68.01055932048142,1.5499999999999998,"[1.0, 1.0, 1.0, 1.0, 1.0, 1.0, 1.0]",pure_ml,"{""change_lane_left"": true}",-69.6,hybrid
green,0.08934418330885512,0.47215962450818316,-71.73220774558769,1.4999999999999998,"[1.0, 1.0, 1.0, 1.0, 1.0, 1.0, 1.0]",pure_ml,"{""turn_left"": true}",-74.0,hybrid
green,0.08960978471490483,0.4678274398123938,-79.83624604773975,1.4499999999999997,"[1.0, 1.0, 1.0, 1.0, 1.0, 1.0, 1.0]",pure_ml,"{""turn_left"": true}",-74.4,hybrid
green,0.08969751849772058,0.46351972370842615,-85.83624604773975,1.1499999999999997,"[1.0, 1.0, 1.0, 1.0, 1.0, 1.0, 1.0]",pure_ml,"{""turn_left"": true, ""brake"": true}",-195.2,hybrid
green,0.08966681057148011,0.45958296187974734,-91.83624604773975,0.8499999999999996,"[1.0, 1.0, 1.0, 1.0, 1.0, 1.0, 1.0]",pure_ml,"{""turn_left"": true, ""brake"": true}",-192.8,hybrid
green,0.08957023477205231,0.456030383731261,-96.18589020367055,0.5499999999999996,"[1.0, 1.0, 1.0, 1.0, 1.0, 1.0, 1.0]",pure_ml,"{""turn_left"": true, ""brake"": true}",-190.4,hybrid
green,0.08947348789780663,0.452858374545886,-99.31596457256742,0.2499999999999996,"[1.0, 1.0, 1.0, 1.0, 1.0, 1.0, 1.0]",pure_ml,"{""turn_left"": true, ""brake"": true}",-188.0,hybrid
green,0.08941845835644145,0.4500569733405988,-105.31596457256744,0.0,"[1.0, 1.0, 1.0, 1.0, 1.0, 1.0, 1.0]",pure_ml,"{""turn_left"": true, ""brake"": true}",-186.0,hybrid
green,0.08941845835644145,0.4475569733405988,-111.31596457256742,0.0,"[1.0, 1.0, 1.0, 1.0, 1.0, 1.0, 1.0]",pure_ml,"{""turn_left"": true, ""brake"": true}",-186.0,hybrid
green,0.08941845835644145,0.4450569733405988,-117.31596457256742,0.0,"[1.0, 1.0, 1.0, 1.0, 1.0, 1.0, 1.0]",pure_ml,"{""turn_left"": true, ""brake"": true}",-186.0,hybrid
green,0.08941845835644145,0.4425569733405988,-123.31596457256744,0.0,"[1.0, 1.0, 1.0, 1.0, 1.0, 1.0, 1.0]",pure_ml,"{""turn_left"": true, ""brake"": true}",-186.0,hybrid
green,0.08941845835644145,0.4400569733405988,-129.31596457256742,0.0,"[1.0, 1.0, 1.0, 1.0, 1.0, 1.0, 1.0]",pure_ml,"{""turn_left"": true, ""brake"": true}",-186.0,hybrid
green,0.08941845835644145,0.43755697334059884,-135.31596457256742,0.0,"[1.0, 1.0, 1.0, 1.0, 1.0, 1.0, 1.0]",pure_ml,"{""turn_left"": true, ""brake"": true}",-186.0,hybrid
green,0.08941845835644145,0.43505697334059884,-141.31596457256742,0.0,"[1.0, 1.0, 1.0, 1.0, 1.0, 1.0, 1.0]",pure_ml,"{""turn_left"": true, ""brake"": true}",-206.0,hybrid
green,0.08941845835644145,0.43255697334059884,-147.31596457256742,0.0,"[1.0, 1.0, 1.0, 1.0, 1.0, 1.0, 1.0]",pure_ml,"{""turn_left"": true, ""brake"": true}",-206.0,hybrid
green,0.08941845835644145,0.43005697334059884,-153.31596457256742,0.0,"[1.0, 1.0, 1.0, 1.0, 1.0, 1.0, 1.0]",pure_ml,"{""turn_left"": true, ""brake"": true}",-206.0,hybrid
green,0.08941845835644145,0.42755697334059883,-159.31596457256742,0.0,"[1.0, 1.0, 1.0, 1.0, 1.0, 1.0, 1.0]",pure_ml,"{""turn_left"": true, ""brake"": true}",-206.0,hybrid
green,0.08941845835644145,0.42505697334059883,-165.31596457256742,0.0,"[1.0, 1.0, 1.0, 1.0, 1.0, 1.0, 1.0]",pure_ml,"{""turn_left"": true, ""brake"": true}",-206.0,hybrid
green,0.08941845835644145,0.42255697334059883,-171.31596457256742,0.0,"[1.0, 1.0, 1.0, 1.0, 1.0, 1.0, 1.0]",pure_ml,"{""turn_left"": true, ""brake"": true}",-206.0,hybrid
green,0.08941845835644145,0.4200569733405988,-177.31596457256742,0.0,"[1.0, 1.0, 1.0, 1.0, 1.0, 1.0, 1.0]",pure_ml,"{""turn_left"": true, ""brake"": true}",-206.0,hybrid
green,0.08941845835644145,0.4175569733405988,176.6840354274326,0.0,"[1.0, 1.0, 1.0, 1.0, 1.0, 1.0, 1.0]",pure_ml,"{""turn_right"": true, ""brake"": true}",-206.0,hybrid
green,0.08941845835644145,0.4150569733405988,-177.31596457256742,0.0,"[1.0, 1.0, 1.0, 1.0, 1.0, 1.0, 1.0]",pure_ml,"{""turn_left"": true, ""brake"": true}",-206.0,hybrid
green,0.08941845835644145,0.4125569733405988,176.6840354274326,0.0,"[1.0, 1.0, 1.0, 1.0, 1.0, 1.0, 1.0]",pure_ml,"{""turn_right"": true, ""brake"": true}",-206.0,hybrid
green,0.08941845835644145,0.4100569733405988,-177.31596457256742,0.0,"[1.0, 1.0, 1.0, 1.0, 1.0, 1.0, 1.0]",pure_ml,"{""turn_left"": true, ""brake"": true}",-206.0,hybrid
green,0.08941845835644145,0.4075569733405988,176.6840354274326,0.0,"[1.0, 1.0, 1.0, 1.0, 1.0, 1.0, 1.0]",pure_ml,"{""turn_right"": true, ""brake"": true}",-206.0,hybrid
green,0.08941845835644145,0.4050569733405988,-177.31596457256742,0.0,"[1.0, 1.0, 1.0, 1.0, 1.0, 1.0, 1.0]",pure_ml,"{""turn_left"": true, ""brake"": true}",-206.0,hybrid
green,0.08941845835644145,0.4025569733405988,176.6840354274326,0.0,"[1.0, 1.0, 1.0, 1.0, 1.0, 1.0, 1.0]",pure_ml,"{""turn_right"": true, ""brake"": true}",-206.0,hybrid
green,0.08941845835644145,0.4000569733405988,-177.31596457256742,0.0,"[1.0, 1.0, 1.0, 1.0, 1.0, 1.0, 1.0]",pure_ml,"{""turn_left"": true, ""brake"": true}",-206.0,hybrid
green,0.08941845835644145,0.3975569733405988,176.6840354274326,0.0,"[1.0, 1.0, 1.0, 1.0, 1.0, 1.0, 1.0]",pure_ml,"{""turn_right"": true, ""brake"": true}",-206.0,hybrid
green,0.08941845835644145,0.3950569733405988,-177.31596457256742,0.0,"[1.0, 1.0, 1.0, 1.0, 1.0, 1.0, 1.0]",pure_ml,"{""turn_left"": true, ""brake"": true}",-206.0,hybrid
green,0.08941845835644145,0.3925569733405988,176.6840354274326,0.0,"[1.0, 1.0, 1.0, 1.0, 1.0, 1.0, 1.0]",pure_ml,"{""turn_right"": true, ""brake"": true}",-206.0,hybrid
green,0.08941845835644145,0.3900569733405988,-177.31596457256742,0.0,"[1.0, 1.0, 1.0, 1.0, 1.0, 1.0, 1.0]",pure_ml,"{""turn_left"": true, ""brake"": true}",-206.0,hybrid
green,0.08941845835644145,0.3875569733405988,176.6840354274326,0.0,"[1.0, 1.0, 1.0, 1.0, 1.0, 1.0, 1.0]",pure_ml,"{""turn_right"": true, ""brake"": true}",-206.0,hybrid
green,0.08941845835644145,0.3850569733405988,-177.31596457256742,0.0,"[1.0, 1.0, 1.0, 1.0, 1.0, 1.0, 1.0]",pure_ml,"{""turn_left"": true, ""brake"": true}",-206.0,hybrid
green,0.08941845835644145,0.3825569733405988,176.6840354274326,0.0,"[1.0, 1.0, 1.0, 1.0, 1.0, 1.0, 1.0]",pure_ml,"{""turn_right"": true, ""brake"": true}",-206.0,hybrid
green,0.08941845835644145,0.3800569733405988,-177.31596457256742,0.0,"[1.0, 1.0, 1.0, 1.0, 1.0, 1.0, 1.0]",pure_ml,"{""turn_left"": true, ""brake"": true}",-206.0,hybrid
green,0.08941845835644145,0.3775569733405988,176.6840354274326,0.0,"[1.0, 1.0, 1.0, 1.0, 1.0, 1.0, 1.0]",pure_ml,"{""turn_right"": true, ""brake"": true}",-206.0,hybrid
green,0.08941845835644145,0.37505697334059884,-177.31596457256742,0.0,"[1.0, 1.0, 1.0, 1.0, 1.0, 1.0, 1.0]",pure_ml,"{""turn_left"": true, ""brake"": true}",-206.0,hybrid
green,0.08941845835644145,0.37255697334059884,176.6840354274326,0.0,"[1.0, 1.0, 1.0, 1.0, 1.0, 1.0, 1.0]",pure_ml,"{""turn_right"": true, ""brake"": true}",-206.0,hybrid
green,0.08941845835644145,0.37005697334059884,-177.31596457256742,0.0,"[1.0, 1.0, 1.0, 1.0, 1.0, 1.0, 1.0]",pure_ml,"{""turn_left"": true, ""brake"": true}",-206.0,hybrid
green,0.08941845835644145,0.36755697334059884,176.6840354274326,0.0,"[1.0, 1.0, 1.0, 1.0, 1.0, 1.0, 1.0]",pure_ml,"{""turn_right"": true, ""brake"": true}",-206.0,hybrid
green,0.08941845835644145,0.36505697334059883,-177.31596457256742,0.0,"[1.0, 1.0, 1.0, 1.0, 1.0, 1.0, 1.0]",pure_ml,"{""turn_left"": true, ""brake"": true}",-206.0,hybrid
green,0.08941845835644145,0.36255697334059883,176.6840354274326,0.0,"[1.0, 1.0, 1.0, 1.0, 1.0, 1.0, 1.0]",pure_ml,"{""turn_right"": true, ""brake"": true}",-206.0,hybrid
green,0.08941845835644145,0.36005697334059883,-177.31596457256742,0.0,"[1.0, 1.0, 1.0, 1.0, 1.0, 1.0, 1.0]",pure_ml,"{""turn_left"": true, ""brake"": true}",-206.0,hybrid
green,0.08941845835644145,0.3575569733405988,176.6840354274326,0.0,"[1.0, 1.0, 1.0, 1.0, 1.0, 1.0, 1.0]",pure_ml,"{""turn_right"": true, ""brake"": true}",-206.0,hybrid
green,0.08941845835644145,0.3550569733405988,-177.31596457256742,0.0,"[1.0, 1.0, 1.0, 1.0, 1.0, 1.0, 1.0]",pure_ml,"{""turn_left"": true, ""brake"": true}",-206.0,hybrid
green,0.08941845835644145,0.3525569733405988,176.6840354274326,0.0,"[1.0, 1.0, 1.0, 1.0, 1.0, 1.0, 1.0]",pure_ml,"{""turn_right"": true, ""brake"": true}",-206.0,hybrid
green,0.08941845835644145,0.3500569733405988,-177.31596457256742,0.0,"[1.0, 1.0, 1.0, 1.0, 1.0, 1.0, 1.0]",pure_ml,"{""turn_left"": true, ""brake"": true}",-206.0,hybrid
green,0.08941845835644145,0.3475569733405988,176.6840354274326,0.0,"[1.0, 1.0, 1.0, 1.0, 1.0, 1.0, 1.0]",pure_ml,"{""turn_right"": true, ""brake"": true}",-206.0,hybrid
green,0.08941845835644145,0.3450569733405988,-177.31596457256742,0.0,"[1.0, 1.0, 1.0, 1.0, 1.0, 1.0, 1.0]",pure_ml,"{""turn_left"": true, ""brake"": true}",-206.0,hybrid
green,0.08941845835644145,0.3425569733405988,176.6840354274326,0.0,"[1.0, 1.0, 1.0, 1.0, 1.0, 1.0, 1.0]",pure_ml,"{""turn_right"": true, ""brake"": true}",-206.0,hybrid
green,0.08941845835644145,0.3400569733405988,-177.31596457256742,0.0,"[1.0, 1.0, 1.0, 1.0, 1.0, 1.0, 1.0]",pure_ml,"{""turn_left"": true, ""brake"": true}",-206.0,hybrid
green,0.08941845835644145,0.3375569733405988,176.6840354274326,0.0,"[1.0, 1.0, 1.0, 1.0, 1.0, 1.0, 1.0]",pure_ml,"{""turn_right"": true, ""brake"": true}",-206.0,hybrid
green,0.08941845835644145,0.3350569733405988,-177.31596457256742,0.0,"[1.0, 1.0, 1.0, 1.0, 1.0, 1.0, 1.0]",pure_ml,"{""turn_left"": true, ""brake"": true}",-206.0,hybrid
green,0.08941845835644145,0.3325569733405988,176.6840354274326,0.0,"[1.0, 1.0, 1.0, 1.0, 1.0, 1.0, 1.0]",pure_ml,"{""turn_right"": true, ""brake"": true}",-206.0,hybrid
green,0.08941845835644145,0.3300569733405988,-177.31596457256742,0.0,"[1.0, 1.0, 1.0, 1.0, 1.0, 1.0, 1.0]",pure_ml,"{""turn_left"": true, ""brake"": true}",-206.0,hybrid
green,0.08941845835644145,0.3275569733405988,176.6840354274326,0.0,"[1.0, 1.0, 1.0, 1.0, 1.0, 1.0, 1.0]",pure_ml,"{""turn_right"": true, ""brake"": true}",-206.0,hybrid
green,0.08941845835644145,0.3250569733405988,-177.31596457256742,0.0,"[1.0, 1.0, 1.0, 1.0, 1.0, 1.0, 1.0]",pure_ml,"{""turn_left"": true, ""brake"": true}",-206.0,hybrid
green,0.08941845835644145,0.3225569733405988,176.6840354274326,0.0,"[1.0, 1.0, 1.0, 1.0, 1.0, 1.0, 1.0]",pure_ml,"{""turn_right"": true, ""brake"": true}",-206.0,hybrid
green,0.08941845835644145,0.3200569733405988,-177.31596457256742,0.0,"[1.0, 1.0, 1.0, 1.0, 1.0, 1.0, 1.0]",pure_ml,"{""turn_left"": true, ""brake"": true}",-206.0,hybrid
green,0.08941845835644145,0.3175569733405988,176.6840354274326,0.0,"[1.0, 1.0, 1.0, 1.0, 1.0, 1.0, 1.0]",pure_ml,"{""turn_right"": true, ""brake"": true}",-206.0,hybrid
green,0.08941845835644145,0.3150569733405988,-177.31596457256742,0.0,"[1.0, 1.0, 1.0, 1.0, 1.0, 1.0, 1.0]",pure_ml,"{""turn_left"": true, ""brake"": true}",-206.0,hybrid
green,0.08941845835644145,0.31255697334059884,176.6840354274326,0.0,"[1.0, 1.0, 1.0, 1.0, 1.0, 1.0, 1.0]",pure_ml,"{""turn_right"": true, ""brake"": true}",-206.0,hybrid
green,0.08941845835644145,0.31005697334059884,-177.31596457256742,0.0,"[1.0, 1.0, 1.0, 1.0, 1.0, 1.0, 1.0]",pure_ml,"{""turn_left"": true, ""brake"": true}",-206.0,hybrid
green,0.08941845835644145,0.30755697334059884,176.6840354274326,0.0,"[1.0, 1.0, 1.0, 1.0, 1.0, 1.0, 1.0]",pure_ml,"{""turn_right"": true, ""brake"": true}",-206.0,hybrid
green,0.08941845835644145,0.30505697334059884,-177.31596457256742,0.0,"[1.0, 1.0, 1.0, 1.0, 1.0, 1.0, 1.0]",pure_ml,"{""turn_left"": true, ""brake"": true}",-206.0,hybrid
green,0.08941845835644145,0.30255697334059883,176.6840354274326,0.0,"[1.0, 1.0, 1.0, 1.0, 1.0, 1.0, 1.0]",pure_ml,"{""turn_right"": true, ""brake"": true}",-206.0,hybrid
green,0.08941845835644145,0.30005697334059883,-177.31596457256742,0.0,"[1.0, 1.0, 1.0, 1.0, 1.0, 1.0, 1.0]",pure_ml,"{""turn_left"": true, ""brake"": true}",-206.0,hybrid
green,0.08941845835644145,0.29755697334059883,176.6840354274326,0.0,"[1.0, 1.0, 1.0, 1.0, 1.0, 1.0, 1.0]",pure_ml,"{""turn_right"": true, ""brake"": true}",-206.0,hybrid
green,0.08941845835644145,0.2950569733405988,-177.31596457256742,0.0,"[1.0, 1.0, 1.0, 1.0, 1.0, 1.0, 1.0]",pure_ml,"{""turn_left"": true, ""brake"": true}",-206.0,hybrid
green,0.08941845835644145,0.2925569733405988,176.6840354274326,0.0,"[1.0, 1.0, 1.0, 1.0, 1.0, 1.0, 1.0]",pure_ml,"{""turn_right"": true, ""brake"": true}",-206.0,hybrid
green,0.08941845835644145,0.2900569733405988,-177.31596457256742,0.0,"[1.0, 1.0, 1.0, 1.0, 1.0, 1.0, 1.0]",pure_ml,"{""turn_left"": true, ""brake"": true}",-206.0,hybrid
green,0.08941845835644145,0.2875569733405988,176.6840354274326,0.0,"[1.0, 1.0, 1.0, 1.0, 1.0, 1.0, 1.0]",pure_ml,"{""turn_right"": true, ""brake"": true}",-206.0,hybrid
green,0.08941845835644145,0.2850569733405988,-177.31596457256742,0.0,"[1.0, 1.0, 1.0, 1.0, 1.0, 1.0, 1.0]",pure_ml,"{""turn_left"": true, ""brake"": true}",-206.0,hybrid
green,0.08941845835644145,0.2825569733405988,176.6840354274326,0.0,"[1.0, 1.0, 1.0, 1.0, 1.0, 1.0, 1.0]",pure_ml,"{""turn_right"": true, ""brake"": true}",-206.0,hybrid
green,0.08941845835644145,0.2800569733405988,-177.31596457256742,0.0,"[1.0, 1.0, 1.0, 1.0, 1.0, 1.0, 1.0]",pure_ml,"{""turn_left"": true, ""brake"": true}",-206.0,hybrid
green,0.08941845835644145,0.2775569733405988,176.6840354274326,0.0,"[1.0, 1.0, 1.0, 1.0, 1.0, 1.0, 1.0]",pure_ml,"{""turn_right"": true, ""brake"": true}",-206.0,hybrid
green,0.08941845835644145,0.2750569733405988,-177.31596457256742,0.0,"[1.0, 1.0, 1.0, 1.0, 1.0, 1.0, 1.0]",pure_ml,"{""turn_left"": true, ""brake"": true}",-206.0,hybrid
green,0.08941845835644145,0.2725569733405988,176.6840354274326,0.0,"[1.0, 1.0, 1.0, 1.0, 1.0, 1.0, 1.0]",pure_ml,"{""turn_right"": true, ""brake"": true}",-186.0,hybrid
green,0.08941845835644145,0.2700569733405988,-177.31596457256742,0.0,"[1.0, 1.0, 1.0, 1.0, 1.0, 1.0, 1.0]",pure_ml,"{""turn_left"": true, ""brake"": true}",-236.0,hybrid
green,0.08941845835644145,0.2675569733405988,176.6840354274326,0.0,"[1.0, 1.0, 1.0, 1.0, 1.0, 1.0, 1.0]",pure_ml,"{""turn_right"": true, ""brake"": true}",-186.0,hybrid
green,0.08941845835644145,0.2650569733405988,-177.31596457256742,0.0,"[1.0, 1.0, 1.0, 1.0, 1.0, 1.0, 1.0]",pure_ml,"{""turn_left"": true, ""brake"": true}",-236.0,hybrid
green,0.08941845835644145,0.2625569733405988,176.6840354274326,0.0,"[1.0, 1.0, 1.0, 1.0, 1.0, 1.0, 1.0]",pure_ml,"{""turn_right"": true, ""brake"": true}",-186.0,hybrid
green,0.08941845835644145,0.2600569733405988,-177.31596457256742,0.0,"[1.0, 1.0, 1.0, 1.0, 1.0, 1.0, 1.0]",pure_ml,"{""turn_left"": true, ""brake"": true}",-236.0,hybrid
green,0.08941845835644145,0.2575569733405988,176.6840354274326,0.0,"[1.0, 1.0, 1.0, 1.0, 1.0, 1.0, 1.0]",pure_ml,"{""turn_right"": true, ""brake"": true}",-186.0,hybrid
green,0.08941845835644145,0.2550569733405988,-177.31596457256742,0.0,"[1.0, 1.0, 1.0, 1.0, 1.0, 1.0, 1.0]",pure_ml,"{""turn_left"": true, ""brake"": true}",-236.0,hybrid
green,0.08941845835644145,0.2550569733405988,176.6840354274326,0.0,"[1.0, 1.0, 1.0, 1.0, 1.0, 1.0, 1.0]",pure_ml,"{""turn_right"": true, ""brake"": true}",-154.0,hybrid
green,0.08941845835644145,0.2550569733405988,-177.31596457256742,0.0,"[1.0, 1.0, 1.0, 1.0, 1.0, 1.0, 1.0]",pure_ml,"{""turn_left"": true, ""brake"": true}",-204.0,hybrid
green,0.08941845835644145,0.2550569733405988,176.6840354274326,0.0,"[1.0, 1.0, 1.0, 1.0, 1.0, 1.0, 1.0]",pure_ml,"{""turn_right"": true, ""brake"": true}",-154.0,hybrid
green,0.08941845835644145,0.2550569733405988,-177.31596457256742,0.0,"[1.0, 1.0, 1.0, 1.0, 1.0, 1.0, 1.0]",pure_ml,"{""turn_left"": true, ""brake"": true}",-204.0,hybrid
green,0.08941845835644145,0.2550569733405988,176.6840354274326,0.0,"[1.0, 1.0, 1.0, 1.0, 1.0, 1.0, 1.0]",pure_ml,"{""turn_right"": true, ""brake"": true}",-154.0,hybrid
green,0.08941845835644145,0.2550569733405988,-177.31596457256742,0.0,"[1.0, 1.0, 1.0, 1.0, 1.0, 1.0, 1.0]",pure_ml,"{""turn_left"": true, ""brake"": true}",-204.0,hybrid
green,0.08941845835644145,0.2550569733405988,176.6840354274326,0.0,"[1.0, 1.0, 1.0, 1.0, 1.0, 1.0, 1.0]",pure_ml,"{""turn_right"": true, ""brake"": true}",-154.0,hybrid
green,0.08941845835644145,0.2550569733405988,-177.31596457256742,0.0,"[1.0, 1.0, 1.0, 1.0, 1.0, 1.0, 1.0]",pure_ml,"{""turn_left"": true, ""brake"": true}",-204.0,hybrid
green,0.08941845835644145,0.2550569733405988,176.6840354274326,0.0,"[1.0, 1.0, 1.0, 1.0, 1.0, 1.0, 1.0]",pure_ml,"{""turn_right"": true, ""brake"": true}",-154.0,hybrid
green,0.08941845835644145,0.2550569733405988,-177.31596457256742,0.0,"[1.0, 1.0, 1.0, 1.0, 1.0, 1.0, 1.0]",pure_ml,"{""turn_left"": true, ""brake"": true}",-204.0,hybrid
green,0.08941845835644145,0.2550569733405988,176.6840354274326,0.0,"[1.0, 1.0, 1.0, 1.0, 1.0, 1.0, 1.0]",pure_ml,"{""turn_right"": true, ""brake"": true}",-154.0,hybrid
green,0.08941845835644145,0.2550569733405988,-177.31596457256742,0.0,"[1.0, 1.0, 1.0, 1.0, 1.0, 1.0, 1.0]",pure_ml,"{""turn_left"": true, ""brake"": true}",-204.0,hybrid
green,0.08941845835644145,0.2550569733405988,176.6840354274326,0.0,"[1.0, 1.0, 1.0, 1.0, 1.0, 1.0, 1.0]",pure_ml,"{""turn_right"": true, ""brake"": true}",-154.0,hybrid
green,0.08941845835644145,0.2550569733405988,-177.31596457256742,0.0,"[1.0, 1.0, 1.0, 1.0, 1.0, 1.0, 1.0]",pure_ml,"{""turn_left"": true, ""brake"": true}",-204.0,hybrid
green,0.08941845835644145,0.2550569733405988,176.6840354274326,0.0,"[1.0, 1.0, 1.0, 1.0, 1.0, 1.0, 1.0]",pure_ml,"{""turn_right"": true, ""brake"": true}",-154.0,hybrid
green,0.08941845835644145,0.2550569733405988,-177.31596457256742,0.0,"[1.0, 1.0, 1.0, 1.0, 1.0, 1.0, 1.0]",pure_ml,"{""turn_left"": true, ""brake"": true}",-204.0,hybrid
green,0.08941845835644145,0.2550569733405988,176.6840354274326,0.0,"[1.0, 1.0, 1.0, 1.0, 1.0, 1.0, 1.0]",pure_ml,"{""turn_right"": true, ""brake"": true}",-154.0,hybrid
green,0.08941845835644145,0.2550569733405988,-177.31596457256742,0.0,"[1.0, 1.0, 1.0, 1.0, 1.0, 1.0, 1.0]",pure_ml,"{""turn_left"": true, ""brake"": true}",-204.0,hybrid
green,0.08941845835644145,0.2550569733405988,176.6840354274326,0.0,"[1.0, 1.0, 1.0, 1.0, 1.0, 1.0, 1.0]",pure_ml,"{""turn_right"": true, ""brake"": true}",-154.0,hybrid
green,0.08941845835644145,0.2550569733405988,-177.31596457256742,0.0,"[1.0, 1.0, 1.0, 1.0, 1.0, 1.0, 1.0]",pure_ml,"{""turn_left"": true, ""brake"": true}",-204.0,hybrid
green,0.08941845835644145,0.2550569733405988,176.6840354274326,0.0,"[1.0, 1.0, 1.0, 1.0, 1.0, 1.0, 1.0]",pure_ml,"{""turn_right"": true, ""brake"": true}",-154.0,hybrid
green,0.08333333333333333,0.5,0.0,0.0,"[1.0, 1.0, 1.0, 1.0, 1.0, 1.0, 1.0]",pure_ml,"{""turn_left"": true}",39.5,hybrid
green,0.08333333333333333,0.5,-6.000000000000001,0.2,"[1.0, 1.0, 1.0, 1.0, 1.0, 1.0, 1.0]",pure_ml,"{""accelerate"": true}",61.6,hybrid
green,0.08349908698256138,0.49997386788418313,-6.000000000000001,0.4,"[1.0, 1.0, 1.0, 1.0, 1.0, 1.0, 1.0]",pure_ml,"{""accelerate"": true}",63.2,hybrid
green,0.08383059428101747,0.49992160365254923,-6.000000000000001,0.6000000000000001,"[1.0, 1.0, 1.0, 1.0, 1.0, 1.0, 1.0]",pure_ml,"{""accelerate"": true}",64.8,hybrid
green,0.08432785522870159,0.4998432073050985,-6.000000000000001,0.8,"[1.0, 1.0, 1.0, 1.0, 1.0, 1.0, 1.0]",pure_ml,"{""accelerate"": true}",66.4,hybrid
green,0.08499086982561378,0.4997386788418309,-6.000000000000001,1.0,"[1.0, 1.0, 1.0, 1.0, 1.0, 1.0, 1.0]",pure_ml,"{""accelerate"": true}",73.0,hybrid
green,0.08581963807175401,0.4996080182627463,-6.000000000000001,1.2,"[1.0, 1.0, 1.0, 1.0, 1.0, 1.0, 1.0]",pure_ml,"{""accelerate"": true}",74.6,hybrid
green,0.08681415996712229,0.4994512255678448,-6.000000000000001,1.4,"[1.0, 1.0, 1.0, 1.0, 1.0, 1.0, 1.0]",pure_ml,"{""accelerate"": true}",76.2,hybrid
green,0.0879744355117186,0.4992683007571264,-6.000000000000001,1.5999999999999999,"[1.0, 1.0, 1.0, 1.0, 1.0, 1.0, 1.0]",pure_ml,"{""accelerate"": true}",77.8,hybrid
green,0.08930046470554297,0.49905924383059114,-6.000000000000001,1.7999999999999998,"[1.0, 1.0, 1.0, 1.0, 1.0, 1.0, 1.0]",pure_ml,"{""accelerate"": true}",79.4,hybrid
green,0.09079224754859538,0.49882405478823894,-6.000000000000001,1.9999999999999998,"[1.0, 1.0, 1.0, 1.0, 1.0, 1.0, 1.0]",pure_ml,"{""accelerate"": true}",81.0,hybrid
green,0.09244978404087584,0.49856273363006975,-6.000000000000001,2.1999999999999997,"[1.0, 1.0, 1.0, 1.0, 1.0, 1.0, 1.0]",pure_ml,"{""accelerate"": true}",112.6,hybrid
green,0.09427307418238434,0.49827528035608376,-6.000000000000001,2.4,"[1.0, 1.0, 1.0, 1.0, 1.0, 1.0, 1.0]",pure_ml,"{""accelerate"": true}",114.2,hybrid
green,0.09626211797312088,0.49796169496628073,-6.000000000000001,2.6,"[1.0, 1.0, 1.0, 1.0, 1.0, 1.0, 1.0]",pure_ml,"{""accelerate"": true}",115.8,hybrid
green,0.09841691541308546,0.49762197746066084,-6.000000000000001,2.8000000000000003,"[1.0, 1.0, 1.0, 1.0, 1.0, 1.0, 1.0]",pure_ml,"{""accelerate"": true}",117.4,hybrid
green,0.1007374665022781,0.49725612783922407,-6.000000000000001,3.0000000000000004,"[1.0, 1.0, 1.0, 1.0, 1.0, 1.0, 1.0]",pure_ml,"{""accelerate"": true}",119.0,hybrid
green,0.1032237712406988,0.4968641461019704,-6.000000000000001,3.2000000000000006,"[1.0, 1.0, 1.0, 1.0, 1.0, 1.0, 1.0]",pure_ml,"{""accelerate"": true}",120.60000000000001,hybrid
green,0.10587582962834753,0.49644603224889977,-6.000000000000001,3.400000000000001,"[1.0, 1.0, 1.0, 1.0, 1.0, 1.0, 1.0]",pure_ml,"{""accelerate"": true}",122.2,hybrid
green,0.1086936416652243,0.49600178628001224,-6.000000000000001,3.600000000000001,"[1.0, 1.0, 1.0, 1.0, 1.0, 1.0, 1.0]",pure_ml,"{""accelerate"": true}",123.80000000000001,hybrid
green,0.11167720735132912,0.49553140819530783,-6.000000000000001,3.800000000000001,"[1.0, 1.0, 1.0, 1.0, 1.0, 1.0, 1.0]",pure_ml,"{""accelerate"": true}",125.4,hybrid
green,0.114826526686662,0.49503489799478645,-6.000000000000001,4.000000000000001,"[1.0, 1.0, 1.0, 1.0, 1.0, 1.0, 1.0]",pure_ml,"{""accelerate"": true}",97.0,hybrid
green,0.11814159967122291,0.49451225567844814,-6.000000000000001,4.200000000000001,"[1.0, 1.0, 1.0, 1.0, 1.0, 1.0, 1.0]",pure_ml,"{""accelerate"": true}",98.60000000000001,hybrid
green,0.12162242630501187,0.49396348124629297,-6.000000000000001,4.400000000000001,"[1.0, 1.0, 1.0, 1.0, 1.0, 1.0, 1.0]",pure_ml,"{""accelerate"": true}",100.20000000000002,hybrid
green,0.12526900658802886,0.4958885746983209,1.6167791168515022,4.600000000000001,"[1.0, 1.0, 1.0, 1.0, 1.0, 1.0, 1.0]",pure_ml,"{""accelerate"": true}",96.80000000000001,hybrid
green,0.12910081385335007,0.49605080734984774,1.6167791168515022,4.800000000000002,"[1.0, 1.0, 1.0, 1.0, 1.0, 1.0, 1.0]",pure_ml,"{""accelerate"": true}",98.4,hybrid
green,0.13309922143455477,0.49622009359491925,1.6167791168515022,5.0,"[1.0, 1.0, 1.0, 1.0, 1.0, 1.0, 1.0]",pure_ml,"{""accelerate"": true}",100.0,hybrid
green,0.13726422933164303,0.4963964334335354,1.6167791168515022,4.95,"[1.0, 1.0, 1.0, 1.0, 1.0, 1.0, 1.0]",pure_ml,"{""turn_left"": true}",79.1,hybrid
green,0.14137716443554535,0.49592354114141385,-4.383220883148498,5.0,"[1.0, 1.0, 1.0, 1.0, 1.0, 1.0, 1.0]",pure_ml,"{""accelerate"": true}",100.0,hybrid
green,0.145531644338477,0.4954458721594729,-4.383220883148498,5.0,"[1.0, 1.0, 1.0, 1.0, 1.0, 1.0, 1.0]",pure_ml,"{""accelerate"": true}",100.0,hybrid
green,0.14968612424140865,0.49496820317753193,-4.383220883148498,5.0,"[1.0, 1.0, 1.0, 1.0, 1.0, 1.0, 1.0]",pure_ml,"{""accelerate"": true}",100.0,hybrid
green,0.15384060414434028,0.4944905341955909,-4.383220883148498,5.0,"[1.0, 1.0, 1.0, 1.0, 1.0, 1.0, 1.0]",pure_ml,"{""accelerate"": true}",100.0,hybrid
green,0.15799508404727194,0.49401286521364995,-4.383220883148498,5.0,"[1.0, 1.0, 1.0, 1.0, 1.0, 1.0, 1.0]",pure_ml,"{""accelerate"": true}",100.0,hybrid
green,0.16214956395020358,0.49603519623170894,2.325563599367149,4.95,"[1.0, 1.0, 1.0, 1.0, 1.0, 1.0, 1.0]",pure_ml,"{""turn_left"": true}",79.1,hybrid
green,0.16626608423414824,0.49563865753030323,-3.674436400632851,5.0,"[1.0, 1.0, 1.0, 1.0, 1.0, 1.0, 1.0]",pure_ml,"{""accelerate"": true}",100.0,hybrid
green,0.17042418553106203,0.4952381133874691,-3.674436400632851,5.0,"[1.0, 1.0, 1.0, 1.0, 1.0, 1.0, 1.0]",pure_ml,"{""accelerate"": true}",100.0,hybrid
green,0.17458228682797586,0.494837569244635,-3.674436400632851,5.0,"[1.0, 1.0, 1.0, 1.0, 1.0, 1.0, 1.0]",pure_ml,"{""accelerate"": true}",100.0,hybrid
green,0.17874038812488965,0.4944370251018009,-3.674436400632851,5.0,"[1.0, 1.0, 1.0, 1.0, 1.0, 1.0, 1.0]",pure_ml,"{""accelerate"": true}",100.0,hybrid
green,0.18289848942180345,0.4940364809589668,-3.674436400632851,5.0,"[1.0, 1.0, 1.0, 1.0, 1.0, 1.0, 1.0]",pure_ml,"{""accelerate"": true}",100.0,hybrid
green,0.18705659071871725,0.49613593681613266,3.008939953291061,4.95,"[1.0, 1.0, 1.0, 0.9666666666666667, 1.0, 1.0, 0.7666666666666667]",pure_ml,"{""turn_left"": true}",76.1,hybrid
green,0.19117597118444932,0.4958130722133559,-2.991060046708939,5.0,"[1.0, 1.0, 1.0, 0.9266666666666666, 1.0, 1.0, 0.74]",pure_ml,"{""accelerate"": true}",97.0,hybrid
green,0.19533696155387564,0.4954869463519653,-2.991060046708939,5.0,"[1.0, 1.0, 1.0, 0.8866666666666667, 1.0, 1.0, 0.7333333333333333]",pure_ml,"{""accelerate"": true}",97.0,hybrid
green,0.199497951923302,0.4951608204905746,-2.991060046708939,5.0,"[1.0, 1.0, 1.0, 0.8466666666666667, 1.0, 1.0, 0.72]",pure_ml,"{""accelerate"": true}",97.0,hybrid
green,0.20365894229272835,0.49483469462918395,-2.991060046708939,5.0,"[1.0, 1.0, 1.0, 0.8066666666666666, 1.0, 1.0, 0.72]",pure_ml,"{""accelerate"": true}",97.0,hybrid
green,0.2078199326621547,0.49450856876779326,-2.991060046708939,5.0,"[1.0, 1.0, 1.0, 0.7666666666666667, 1.0, 1.0, 0.7133333333333334]",pure_ml,"{""accelerate"": true}",97.0,hybrid
green,0.21198092303158106,0.4941824429064026,-2.991060046708939,5.0,"[1.0, 1.0, 1.0, 0.7333333333333333, 0.78, 1.0, 1.0]",pure_ml,"{""accelerate"": true}",97.0,hybrid
green,0.2161419134010074,0.4938563170450119,-2.991060046708939,5.0,"[1.0, 1.0, 1.0, 0.6933333333333334, 0.7333333333333333, 1.0, 1.0]",pure_ml,"{""accelerate"": true}",97.0,hybrid
green,0.22030290377043377,0.4960301911836213,3.6671394638253503,5.0,"[1.0, 1.0, 1.0, 0.6533333333333333, 0.6933333333333334, 1.0, 1.0]",pure_ml,"{""accelerate"": true}",92.0,hybrid
green,0.2244610390413122,0.4964299409871519,3.6671394638253503,5.0,"[1.0, 1.0, 1.0, 0.6133333333333333, 0.98, 1.0, 1.0]",pure_ml,"{""accelerate"": true}",92.0,hybrid
green,0.22861917431219064,0.49682969079068245,3.6671394638253503,5.0,"[1.0, 1.0, 1.0, 0.5733333333333334, 0.64, 1.0, 1.0]",pure_ml,"{""accelerate"": true}",92.0,hybrid
green,0.23277730958306908,0.49722944059421303,3.6671394638253503,5.0,"[1.0, 1.0, 1.0, 0.5333333333333333, 0.5933333333333334, 1.0, 1.0]",pure_ml,"{""accelerate"": true}",92.0,hybrid
green,0.23693544485394752,0.4976291903977436,3.6671394638253503,5.0,"[1.0, 1.0, 1.0, 0.49333333333333335, 0.5533333333333333, 1.0, 1.0]",pure_ml,"{""accelerate"": true}",42.0,hybrid
green,0.24109358012482598,0.4980289402012742,3.6671394638253503,5.0,"[1.0, 1.0, 1.0, 0.4533333333333333, 0.5066666666666667, 1.0, 1.0]",pure_ml,"{""accelerate"": true}",42.0,hybrid
green,0.24525171539570442,0.4984286900048048,3.6671394638253503,5.0,"[1.0, 1.0, 1.0, 0.41333333333333333, 0.46, 1.0, 1.0]",pure_ml,"{""accelerate"": true}",42.0,hybrid
green,0.24940985066658286,0.49882843980833536,3.6671394638253503,5.0,"[1.0, 1.0, 1.0, 0.37333333333333335, 0.42, 1.0, 1.0]",pure_ml,"{""accelerate"": true}",-58.0,hybrid
green,0.25356798593746127,0.49922818961186594,3.6671394638253503,5.0,"[1.0, 1.0, 1.0, 0.34, 0.38, 1.0, 1.0]",pure_ml,"{""accelerate"": true}",-58.0,hybrid
green,0.25772612120833976,0.4996279394153965,3.6671394638253503,5.0,"[1.0, 1.0, 1.0, 0.3, 0.3333333333333333, 1.0, 1.0]",pure_ml,"{""accelerate"": true}",-58.0,hybrid
green,0.2618842564792182,0.500027689218927,3.6671394638253503,5.0,"[1.0, 1.0, 1.0, 0.26, 0.29333333333333333, 0.3933333333333333, 1.0]",pure_ml,"{""accelerate"": true}",-208.0,hybrid
green,0.26604239175009664,0.5004274390224577,3.6671394638253503,5.0,"[1.0, 1.0, 1.0, 0.22, 0.24666666666666667, 0.3333333333333333, 1.0]",pure_ml,"{""accelerate"": true}",-208.0,hybrid
green,0.2702005270209751,0.5008271888259883,3.6671394638253503,5.0,"[1.0, 1.0, 1.0, 0.18, 0.2, 0.2733333333333333, 1.0]",pure_ml,"{""accelerate"": true}",-208.0,hybrid
green,0.2743586622918535,0.5012269386295188,3.6671394638253503,5.0,"[1.0, 1.0, 1.0, 0.14, 0.16, 0.21333333333333335, 1.0]",pure_ml,"{""accelerate"": true}",-208.0,hybrid
green,0.27851679756273195,0.5016266884330495,3.6671394638253503,4.95,"[1.0, 1.0, 1.0, 0.1, 0.11333333333333333, 0.15333333333333332, 1.0]",pure_ml,"{""turn_left"": true}",-1383.4,hybrid
green,0.2826383788213677,0.5013748271834699,-2.3328605361746497,5.0,"[1.0, 1.0, 1.0, 0.06, 0.06666666666666667, 0.08, 1.0]",pure_ml,"{""accelerate"": true}",-1408.0,hybrid
green,0.28680159221392915,0.5011204218808643,-2.3328605361746497,5.0,"[1.0, 1.0, 1.0, 1.0, 0.02666666666666667, 0.02666666666666667, 1.0]",pure_ml,"{""accelerate"": true}",-1408.0,hybrid
green,0.29096480560649063,0.5008660165782587,-2.3328605361746497,5.0,"[1.0, 1.0, 1.0, 1.0, 0.02666666666666667, 0.013333333333333334, 0.013333333333333334]",pure_ml,"{""accelerate"": true}",-1408.0,hybrid
green,0.29512801899905206,0.500611611275653,-2.3328605361746497,5.0,"[1.0, 1.0, 1.0, 1.0, 0.04666666666666667, 0.02666666666666667, 0.02]",pure_ml,"{""accelerate"": true}",-1408.0,hybrid
green,0.2992912323916135,0.5003572059730474,-2.3328605361746497,4.95,"[1.0, 1.0, 1.0, 1.0, 0.05333333333333334, 0.02666666666666667, 0.02]",pure_ml,"{""turn_left"": true}",-1383.4,hybrid
green,0.30337268408394946,0.49946049061294884,-8.33286053617465,5.0,"[1.0, 1.0, 1.0, 1.0, 1.0, 0.04666666666666667, 0.02666666666666667]",pure_ml,"{""accelerate"": true}",-1408.0,hybrid
green,0.3074953625610566,0.49855471752194014,-8.33286053617465,5.0,"[1.0, 1.0, 1.0, 1.0, 1.0, 0.6133333333333333, 0.04]",pure_ml,"{""accelerate"": true}",-1408.0,hybrid
green,0.31161804103816365,0.4976489444309314,-8.33286053617465,5.0,"[1.0, 1.0, 1.0, 1.0, 1.0, 0.62, 1.0]",pure_ml,"{""accelerate"": true}",92.0,hybrid
green,0.3157407195152707,0.4967431713399227,-8.33286053617465,5.0,"[1.0, 1.0, 1.0, 1.0, 1.0, 1.0, 1.0]",pure_ml,"{""accelerate"": true}",100.0,hybrid
green,0.31986339799237784,0.49583739824891393,-8.33286053617465,5.0,"[1.0, 1.0, 1.0, 1.0, 1.0, 1.0, 1.0]",pure_ml,"{""accelerate"": true}",100.0,hybrid
green,0.3239860764694849,0.49493162515790523,-8.33286053617465,5.0,"[1.0, 1.0, 1.0, 1.0, 1.0, 1.0, 1.0]",pure_ml,"{""accelerate"": true}",100.0,hybrid
green,0.328108754946592,0.49402585206689653,-8.33286053617465,5.0,"[1.0, 1.0, 1.0, 1.0, 1.0, 1.0, 1.0]",pure_ml,"{""accelerate"": true}",100.0,hybrid
green,0.3322314334236991,0.4956200789758878,-1.4962107364432082,5.0,"[1.0, 1.0, 1.0, 1.0, 1.0, 1.0, 1.0]",pure_ml,"{""accelerate"": true}",100.0,hybrid
green,0.3363966794820538,0.4954568862522113,-1.4962107364432082,5.0,"[1.0, 1.0, 1.0, 1.0, 1.0, 1.0, 1.0]",pure_ml,"{""accelerate"": true}",100.0,hybrid
green,0.34056192554040854,0.49529369352853486,-1.4962107364432082,5.0,"[1.0, 1.0, 1.0, 1.0, 1.0, 1.0, 1.0]",pure_ml,"{""accelerate"": true}",100.0,hybrid
green,0.34472717159876326,0.4951305008048584,-1.4962107364432082,5.0,"[1.0, 1.0, 1.0, 1.0, 1.0, 1.0, 1.0]",pure_ml,"{""accelerate"": true}",100.0,hybrid
green,0.348892417657118,0.49496730808118194,-1.4962107364432082,5.0,"[1.0, 1.0, 1.0, 1.0, 1.0, 1.0, 0.42]",pure_ml,"{""accelerate"": true}",42.0,hybrid
green,0.3530576637154727,0.49480411535750546,-1.4962107364432082,5.0,"[1.0, 1.0, 1.0, 1.0, 1.0, 1.0, 0.43333333333333335]",pure_ml,"{""accelerate"": true}",42.0,hybrid
green,0.3572229097738274,0.494640922633829,-1.4962107364432082,5.0,"[1.0, 1.0, 1.0, 1.0, 1.0, 1.0, 0.43333333333333335]",pure_ml,"{""accelerate"": true}",42.0,hybrid
green,0.36138815583218215,0.49447772991015254,-1.4962107364432082,5.0,"[1.0, 1.0, 1.0, 1.0, 1.0, 1.0, 0.44]",pure_ml,"{""accelerate"": true}",42.0,hybrid
green,0.36555340189053687,0.4943145371864761,-1.4962107364432082,5.0,"[1.0, 1.0, 1.0, 1.0, 1.0, 1.0, 0.44]",pure_ml,"{""accelerate"": true}",42.0,hybrid
green,0.3697186479488916,0.4941513444627996,-1.4962107364432082,5.0,"[1.0, 1.0, 1.0, 1.0, 1.0, 1.0, 0.44666666666666666]",pure_ml,"{""accelerate"": true}",42.0,hybrid
green,0.3738838940072463,0.4939881517391232,-1.4962107364432082,5.0,"[1.0, 1.0, 1.0, 1.0, 1.0, 1.0, 0.44666666666666666]",pure_ml,"{""accelerate"": true}",42.0,hybrid
green,0.37804914006560103,0.4938249590154467,-1.4962107364432082,5.0,"[1.0, 1.0, 1.0, 1.0, 1.0, 1.0, 0.4533333333333333]",pure_ml,"{""accelerate"": true}",42.0,hybrid
green,0.38221438612395575,0.4961617662917703,5.104643103457462,4.7,"[1.0, 1.0, 1.0, 1.0, 1.0, 1.0, 0.4533333333333333]",pure_ml,"{""brake"": true}",19.6,hybrid
green,0.38611551873591954,0.4966844944942931,5.104643103457462,4.9,"[1.0, 1.0, 1.0, 1.0, 1.0, 1.0, 0.4533333333333333]",pure_ml,"{""accelerate"": true}",41.2,hybrid
green,0.3901826569909457,0.49722946645011473,5.104643103457462,5.0,"[1.0, 1.0, 1.0, 1.0, 1.0, 1.0, 0.44666666666666666]",pure_ml,"{""accelerate"": true}",42.0,hybrid
green,0.39433279806750293,0.49778556028258586,5.104643103457462,4.7,"[1.0, 1.0, 1.0, 1.0, 1.0, 1.0, 0.62]",pure_ml,"{""brake"": true}",69.6,hybrid
green,0.3982339306794667,0.49830828848510866,5.104643103457462,4.9,"[1.0, 1.0, 1.0, 1.0, 1.0, 1.0, 1.0]",pure_ml,"{""accelerate"": true}",99.2,hybrid
green,0.40230106893449286,0.49885326044093037,5.104643103457462,5.0,"[1.0, 1.0, 1.0, 1.0, 1.0, 1.0, 1.0]",pure_ml,"{""accelerate"": true}",100.0,hybrid
green,0.4064512100110501,0.49940935427340144,5.104643103457462,5.0,"[1.0, 1.0, 1.0, 1.0, 1.0, 1.0, 1.0]",pure_ml,"{""accelerate"": true}",100.0,hybrid
green,0.41060135108760737,0.4999654481058725,5.104643103457462,5.0,"[1.0, 1.0, 1.0, 1.0, 1.0, 1.0, 1.0]",pure_ml,"{""accelerate"": true}",100.0,hybrid
green,0.4147514921641646,0.5005215419383436,5.104643103457462,5.0,"[1.0, 1.0, 1.0, 1.0, 1.0, 1.0, 1.0]",pure_ml,"{""accelerate"": true}",100.0,hybrid
green,0.4189016332407219,0.5010776357708147,5.104643103457462,5.0,"[1.0, 1.0, 1.0, 1.0, 1.0, 1.0, 1.0]",pure_ml,"{""accelerate"": true}",100.0,hybrid
green,0.4230517743172792,0.5016337296032858,5.104643103457462,5.0,"[1.0, 1.0, 1.0, 1.0, 1.0, 1.0, 1.0]",pure_ml,"{""accelerate"": true}",100.0,hybrid
green,0.4272019153938364,0.5021898234357569,5.104643103457462,5.0,"[1.0, 1.0, 1.0, 1.0, 1.0, 1.0, 1.0]",pure_ml,"{""accelerate"": true}",100.0,hybrid
green,0.43135205647039365,0.502745917268228,5.104643103457462,5.0,"[1.0, 1.0, 1.0, 1.0, 1.0, 1.0, 1.0]",pure_ml,"{""accelerate"": true}",100.0,hybrid
green,0.4355021975469509,0.503302011100699,5.104643103457462,5.0,"[1.0, 1.0, 1.0, 1.0, 1.0, 1.0, 1.0]",pure_ml,"{""accelerate"": true}",100.0,hybrid
green,0.43965233862350817,0.5038581049331702,5.104643103457462,5.0,"[1.0, 1.0, 1.0, 1.0, 1.0, 1.0, 1.0]",pure_ml,"{""accelerate"": true}",100.0,hybrid
green,0.4438024797000655,0.5044141987656413,5.104643103457462,5.0,"[1.0, 1.0, 1.0, 1.0, 1.0, 1.0, 1.0]",pure_ml,"{""accelerate"": true}",100.0,hybrid
green,0.44795262077662273,0.5049702925981123,5.104643103457462,5.0,"[1.0, 1.0, 1.0, 1.0, 1.0, 1.0, 1.0]",pure_ml,"{""accelerate"": true}",100.0,hybrid
green,0.45210276185318,0.5055263864305835,5.104643103457462,5.0,"[1.0, 1.0, 1.0, 1.0, 1.0, 1.0, 1.0]",pure_ml,"{""accelerate"": true}",100.0,hybrid
green,0.45625290292973725,0.5060824802630546,5.104643103457462,5.0,"[1.0, 1.0, 1.0, 1.0, 1.0, 1.0, 1.0]",pure_ml,"{""accelerate"": true}",100.0,hybrid
green,0.4604030440062945,0.5041385740955256,-1.6292529983878685,5.0,"[1.0, 1.0, 1.0, 1.0, 1.0, 1.0, 1.0]",pure_ml,"{""accelerate"": true}",100.0,hybrid
green,0.4645680262106771,0.5039608741134004,-1.6292529983878685,5.0,"[1.0, 1.0, 1.0, 1.0, 1.0, 1.0, 1.0]",pure_ml,"{""accelerate"": true}",100.0,hybrid
green,0.46873300841505966,0.5037831741312752,-1.6292529983878685,5.0,"[1.0, 1.0, 1.0, 1.0, 1.0, 1.0, 1.0]",pure_ml,"{""accelerate"": true}",100.0,hybrid
green,0.4728979906194422,0.50360547414915,-1.6292529983878685,5.0,"[1.0, 1.0, 1.0, 1.0, 1.0, 1.0, 1.0]",pure_ml,"{""accelerate"": true}",100.0,hybrid
green,0.4770629728238248,0.5034277741670248,-1.6292529983878685,5.0,"[1.0, 1.0, 0.9933333333333333, 1.0, 1.0, 1.0, 1.0]",pure_ml,"{""accelerate"": true}",100.0,hybrid
green,0.48122795502820737,0.5032500741848995,-1.6292529983878685,5.0,"[1.0, 1.0, 0.98, 1.0, 1.0, 1.0, 1.0]",pure_ml,"{""accelerate"": true}",100.0,hybrid
green,0.4853929372325899,0.5030723742027743,-1.6292529983878685,5.0,"[1.0, 0.96, 0.9466666666666667, 1.0, 1.0, 1.0, 1.0]",pure_ml,"{""accelerate"": true}",100.0,hybrid
green,0.4895579194369725,0.502894674220649,-1.6292529983878685,5.0,"[1.0, 0.96, 0.9133333333333333, 1.0, 1.0, 1.0, 1.0]",pure_ml,"{""accelerate"": true}",100.0,hybrid
green,0.49372290164135507,0.5027169742385239,-1.6292529983878685,5.0,"[1.0, 0.9666666666666667, 0.8866666666666667, 1.0, 1.0, 1.0, 1.0]",pure_ml,"{""accelerate"": true}",100.0,hybrid
green,0.4978878838457376,0.5025392742563987,-1.6292529983878685,5.0,"[1.0, 0.9666666666666667, 0.8466666666666667, 1.0, 1.0, 1.0, 1.0]",pure_ml,"{""accelerate"": true}",100.0,hybrid
green,0.5020528660501202,0.5023615742742734,-1.6292529983878685,5.0,"[1.0, 0.9666666666666667, 0.8133333333333334, 1.0, 1.0, 1.0, 1.0]",pure_ml,"{""accelerate"": true}",100.0,hybrid
green,0.5062178482545028,0.5021838742921482,-1.6292529983878685,5.0,"[1.0, 0.9733333333333334, 0.7733333333333333, 1.0, 1.0, 1.0, 1.0]",pure_ml,"{""accelerate"": true}",97.0,hybrid
green,0.5103828304588853,0.502006174310023,-1.6292529983878685,5.0,"[1.0, 1.0, 0.7466666666666667, 1.0, 1.0, 1.0, 1.0]",pure_ml,"{""accelerate"": true}",97.0,hybrid
green,0.5145478126632679,0.5018284743278978,-1.6292529983878685,5.0,"[1.0, 1.0, 0.7066666666666667, 1.0, 1.0, 1.0, 1.0]",pure_ml,"{""accelerate"": true}",97.0,hybrid
green,0.5187127948676504,0.5016507743457725,-1.6292529983878685,5.0,"[1.0, 0.8333333333333334, 0.6733333333333333, 1.0, 1.0, 1.0, 1.0]",pure_ml,"{""accelerate"": true}",97.0,hybrid
green,0.5228777770720331,0.5014730743636473,-1.6292529983878685,5.0,"[1.0, 0.7866666666666666, 0.6333333333333333, 1.0, 1.0, 1.0, 1.0]",pure_ml,"{""accelerate"": true}",92.0,hybrid
green,0.5270427592764156,0.5012953743815222,-1.6292529983878685,5.0,"[1.0, 0.74, 0.6066666666666667, 1.0, 1.0, 1.0, 1.0]",pure_ml,"{""accelerate"": true}",92.0,hybrid
green,0.5312077414807982,0.5011176743993969,-1.6292529983878685,5.0,"[1.0, 0.6866666666666666, 0.5666666666666667, 1.0, 1.0, 1.0, 1.0]",pure_ml,"{""accelerate"": true}",92.0,hybrid
green,0.5353727236851807,0.5009399744172717,-1.6292529983878685,5.0,"[1.0, 0.64, 0.54, 1.0, 1.0, 1.0, 1.0]",pure_ml,"{""accelerate"": true}",92.0,hybrid
green,0.5395377058895633,0.5007622744351464,-1.6292529983878685,5.0,"[1.0, 0.6133333333333333, 0.5066666666666667, 1.0, 1.0, 1.0, 1.0]",pure_ml,"{""accelerate"": true}",42.0,hybrid
green,0.5437026880939458,0.5005845744530213,-1.6292529983878685,5.0,"[1.0, 0.6133333333333333, 0.4666666666666667, 1.0, 1.0, 1.0, 1.0]",pure_ml,"{""accelerate"": true}",42.0,hybrid
green,0.5478676702983285,0.500406874470896,-1.6292529983878685,5.0,"[1.0, 0.62, 0.44, 1.0, 1.0, 1.0, 1.0]",pure_ml,"{""accelerate"": true}",42.0,hybrid
green,0.552032652502711,0.5002291744887708,-1.6292529983878685,5.0,"[1.0, 0.62, 0.4, 1.0, 1.0, 1.0, 1.0]",pure_ml,"{""accelerate"": true}",42.0,hybrid
green,0.5561976347070936,0.5000514745066456,-1.6292529983878685,5.0,"[1.0, 0.49333333333333335, 0.37333333333333335, 1.0, 1.0, 1.0, 1.0]",pure_ml,"{""accelerate"": true}",-58.0,hybrid
green,0.5603626169114762,0.49987377452452036,-1.6292529983878685,5.0,"[0.7466666666666667, 0.44666666666666666, 0.3333333333333333, 1.0, 1.0, 1.0, 1.0]",pure_ml,"{""accelerate"": true}",-58.0,hybrid
green,0.5645275991158587,0.4996960745423952,-1.6292529983878685,5.0,"[0.7466666666666667, 0.4066666666666667, 0.31333333333333335, 1.0, 1.0, 1.0, 1.0]",pure_ml,"{""accelerate"": true}",-58.0,hybrid
green,0.5686925813202413,0.49951837456026993,-1.6292529983878685,5.0,"[0.7466666666666667, 0.36, 0.29333333333333333, 1.0, 1.0, 1.0, 1.0]",pure_ml,"{""accelerate"": true}",-58.0,hybrid
green,0.5728575635246238,0.49934067457814474,-1.6292529983878685,5.0,"[0.7533333333333333, 0.30666666666666664, 0.29333333333333333, 1.0, 1.0, 1.0, 1.0]",pure_ml,"{""accelerate"": true}",-58.0,hybrid
green,0.5770225457290065,0.4991629745960195,-1.6292529983878685,5.0,"[0.76, 0.2733333333333333, 0.2733333333333333, 1.0, 1.0, 1.0, 1.0]",pure_ml,"{""accelerate"": true}",-58.0,hybrid
green,0.581187527933389,0.4989852746138943,-1.6292529983878685,5.0,"[0.7666666666666667, 0.22, 0.25333333333333335, 1.0, 1.0, 1.0, 1.0]",pure_ml,"{""accelerate"": true}",-208.0,hybrid
green,0.5853525101377716,0.49880757463176906,-1.6292529983878685,4.95,"[1.0, 0.18666666666666668, 0.23333333333333334, 1.0, 1.0, 1.0, 1.0]",pure_ml,"{""turn_left"": true}",-183.4,hybrid
green,0.5894409951678926,0.49798610697776785,-7.629252998387868,5.0,"[0.78, 0.15333333333333332, 0.17333333333333334, 1.0, 1.0, 1.0, 1.0]",pure_ml,"{""accelerate"": true}",-208.0,hybrid
green,0.5935707780266009,0.49715634167069594,-7.629252998387868,4.95,"[0.82, 0.10666666666666667, 0.16666666666666666, 1.0, 1.0, 1.0, 1.0]",pure_ml,"{""turn_right"": true}",-383.4,hybrid
green,0.5976941104089396,0.496980418688392,-1.6292529983878685,5.0,"[0.47333333333333333, 0.1, 0.18, 1.0, 1.0, 1.0, 1.0]",pure_ml,"{""accelerate"": true}",-408.0,hybrid
green,0.6018590926133222,0.49680271870626674,-1.6292529983878685,5.0,"[0.48, 0.09333333333333334, 0.16, 1.0, 1.0, 1.0, 1.0]",pure_ml,"{""accelerate"": true}",-408.0,hybrid
green,0.6060240748177047,0.49662501872414155,-1.6292529983878685,5.0,"[0.06, 0.08, 0.14, 1.0, 1.0, 1.0, 1.0]",pure_ml,"{""accelerate"": true}",-408.0,hybrid
green,0.6101890570220874,0.4964473187420163,-1.6292529983878685,5.0,"[0.05333333333333334, 0.07333333333333333, 0.12, 1.0, 1.0, 1.0, 1.0]",pure_ml,"{""accelerate"": true}",-408.0,hybrid
green,0.6143540392264699,0.4962696187598911,-1.6292529983878685,4.95,"[0.05333333333333334, 0.06666666666666667, 0.12, 1.0, 1.0, 1.0, 1.0]",pure_ml,"{""turn_left"": true}",-383.4,hybrid
green,0.618442524256591,0.4954481511058899,-7.629252998387868,5.0,"[0.04666666666666667, 0.05333333333333334, 0.08, 1.0, 1.0, 1.0, 1.0]",pure_ml,"{""accelerate"": true}",-1408.0,hybrid
green,0.6225723071152992,0.494618385798818,-7.629252998387868,4.95,"[0.03333333333333333, 0.04, 0.06, 1.0, 1.0, 1.0, 1.0]",pure_ml,"{""turn_right"": true}",-1383.4,hybrid
green,0.626695639497638,0.49444246281651405,-1.6292529983878685,4.9,"[0.02, 0.02666666666666667, 0.04666666666666667, 1.0, 1.0, 1.0, 1.0]",pure_ml,"{""turn_left"": true}",-1383.8,hybrid
green,0.630742826699172,0.4961292928155836,-0.6819242918814378,5.0,"[0.013333333333333334, 0.013333333333333334, 0.02666666666666667, 0.08, 1.0, 1.0, 1.0]",pure_ml,"{""accelerate"": true}",-1408.0,hybrid
green,0.6349091982580349,0.49605490817086084,-0.6819242918814378,4.7,"[0.02, 0.03333333333333333, 0.05333333333333334, 1.0, 1.0, 1.0, 1.0]",pure_ml,"{""brake"": true}",-1408.4,hybrid
green,0.6388255875233662,0.4959849866048215,-0.6819242918814378,4.65,"[0.013333333333333334, 0.02, 1.0, 1.0, 1.0, 1.0, 1.0]",pure_ml,"{""turn_left"": true}",-1431.3,hybrid
green,0.6426742662273137,0.49530865918706773,-6.681924291881438,4.8500000000000005,"[0.006666666666666667, 1.0, 1.0, 1.0, 1.0, 1.0, 1.0]",pure_ml,"{""accelerate"": true}",-1409.2,hybrid
green,0.6466884794991731,0.4946032424180127,-6.681924291881438,5.0,"[1.0, 1.0, 1.0, 1.0, 1.0, 1.0, 1.0]",pure_ml,"{""accelerate"": true}",-900.0,hybrid
green,0.6508268436969662,0.4938760086354817,-6.681924291881438,5.0,"[1.0, 1.0, 1.0, 1.0, 1.0, 1.0, 1.0]",pure_ml,"{""accelerate"": true}",-900.0,hybrid
green,0.6549652078947593,0.4956487748529508,0.10417646975974382,5.0,"[1.0, 1.0, 1.0, 1.0, 1.0, 1.0, 1.0]",pure_ml,"{""accelerate"": true}",100.0,hybrid
green,0.6591318676740681,0.495660138736692,0.10417646975974382,5.0,"[1.0, 1.0, 1.0, 1.0, 1.0, 1.0, 1.0]",pure_ml,"{""accelerate"": true}",100.0,hybrid
green,0.6632985274533768,0.4956715026204332,0.10417646975974382,5.0,"[1.0, 1.0, 1.0, 1.0, 1.0, 1.0, 1.0]",pure_ml,"{""accelerate"": true}",100.0,hybrid
green,0.6674651872326856,0.4956828665041744,0.10417646975974382,5.0,"[1.0, 1.0, 1.0, 1.0, 1.0, 1.0, 1.0]",pure_ml,"{""accelerate"": true}",100.0,hybrid
green,0.6716318470119943,0.4956942303879156,0.10417646975974382,5.0,"[1.0, 1.0, 1.0, 1.0, 1.0, 1.0, 1.0]",pure_ml,"{""accelerate"": true}",100.0,hybrid
green,0.675798506791303,0.49570559427165684,0.10417646975974382,5.0,"[1.0, 1.0, 1.0, 1.0, 1.0, 1.0, 1.0]",pure_ml,"{""accelerate"": true}",100.0,hybrid
green,0.6799651665706118,0.49571695815539807,0.10417646975974382,5.0,"[1.0, 1.0, 1.0, 1.0, 1.0, 1.0, 1.0]",pure_ml,"{""accelerate"": true}",100.0,hybrid
green,0.6841318263499206,0.49572832203913925,0.10417646975974382,5.0,"[1.0, 1.0, 1.0, 1.0, 1.0, 1.0, 1.0]",pure_ml,"{""accelerate"": true}",100.0,hybrid
green,0.6882984861292294,0.4957396859228805,0.10417646975974382,5.0,"[1.0, 1.0, 1.0, 1.0, 1.0, 1.0, 1.0]",pure_ml,"{""accelerate"": true}",100.0,hybrid
green,0.6924651459085381,0.49575104980662166,0.10417646975974382,5.0,"[1.0, 1.0, 1.0, 1.0, 1.0, 1.0, 1.0]",pure_ml,"{""accelerate"": true}",100.0,hybrid
green,0.6966318056878469,0.4957624136903629,0.10417646975974382,5.0,"[1.0, 1.0, 1.0, 1.0, 1.0, 1.0, 1.0]",pure_ml,"{""accelerate"": true}",100.0,hybrid
green,0.7007984654671556,0.4957737775741041,0.10417646975974382,5.0,"[1.0, 1.0, 1.0, 1.0, 1.0, 1.0, 1.0]",pure_ml,"{""accelerate"": true}",100.0,hybrid
green,0.7049651252464644,0.4957851414578453,0.10417646975974382,5.0,"[1.0, 1.0, 1.0, 1.0, 1.0, 1.0, 1.0]",pure_ml,"{""accelerate"": true}",100.0,hybrid
green,0.7091317850257731,0.49579650534158654,0.10417646975974382,5.0,"[1.0, 1.0, 1.0, 1.0, 1.0, 1.0, 1.0]",pure_ml,"{""accelerate"": true}",100.0,hybrid
green,0.7132984448050819,0.4958078692253277,0.10417646975974382,5.0,"[1.0, 1.0, 1.0, 1.0, 1.0, 1.0, 1.0]",pure_ml,"{""accelerate"": true}",100.0,hybrid
green,0.7174651045843906,0.49581923310906895,0.10417646975974382,5.0,"[1.0, 1.0, 1.0, 1.0, 1.0, 1.0, 1.0]",pure_ml,"{""accelerate"": true}",100.0,hybrid
green,0.7216317643636995,0.4958305969928102,0.10417646975974382,5.0,"[1.0, 1.0, 1.0, 1.0, 1.0, 1.0, 1.0]",pure_ml,"{""accelerate"": true}",100.0,hybrid
green,0.7257984241430082,0.49584196087655136,0.10417646975974382,5.0,"[1.0, 1.0, 1.0, 1.0, 1.0, 1.0, 1.0]",pure_ml,"{""accelerate"": true}",100.0,hybrid
green,0.729965083922317,0.4958533247602926,0.10417646975974382,5.0,"[1.0, 1.0, 1.0, 1.0, 1.0, 1.0, 1.0]",pure_ml,"{""accelerate"": true}",100.0,hybrid
green,0.7341317437016257,0.49586468864403377,0.10417646975974382,5.0,"[1.0, 1.0, 1.0, 1.0, 1.0, 1.0, 1.0]",pure_ml,"{""accelerate"": true}",100.0,hybrid
green,0.7382984034809345,0.495876052527775,0.10417646975974382,5.0,"[1.0, 1.0, 1.0, 1.0, 1.0, 1.0, 1.0]",pure_ml,"{""accelerate"": true}",100.0,hybrid
green,0.7424650632602432,0.49588741641151624,0.10417646975974382,5.0,"[1.0, 1.0, 1.0, 1.0, 1.0, 1.0, 1.0]",pure_ml,"{""accelerate"": true}",100.0,hybrid
green,0.7466317230395519,0.4958987802952574,0.10417646975974382,5.0,"[1.0, 1.0, 1.0, 1.0, 1.0, 1.0, 1.0]",pure_ml,"{""accelerate"": true}",100.0,hybrid
green,0.7507983828188607,0.49591014417899865,0.10417646975974382,5.0,"[1.0, 1.0, 1.0, 1.0, 1.0, 1.0, 1.0]",pure_ml,"{""accelerate"": true}",100.0,hybrid
green,0.7549650425981695,0.4959215080627398,0.10417646975974382,5.0,"[1.0, 1.0, 1.0, 1.0, 1.0, 1.0, 1.0]",pure_ml,"{""accelerate"": true}",100.0,hybrid
green,0.7591317023774783,0.49593287194648106,0.10417646975974382,5.0,"[1.0, 1.0, 1.0, 1.0, 1.0, 1.0, 1.0]",pure_ml,"{""accelerate"": true}",100.0,hybrid
green,0.763298362156787,0.4959442358302223,0.10417646975974382,5.0,"[1.0, 1.0, 1.0, 1.0, 1.0, 1.0, 1.0]",pure_ml,"{""accelerate"": true}",100.0,hybrid
green,0.7674650219360958,0.49595559971396347,0.10417646975974382,5.0,"[1.0, 1.0, 1.0, 1.0, 1.0, 1.0, 1.0]",pure_ml,"{""accelerate"": true}",100.0,hybrid
green,0.7716316817154045,0.4959669635977047,0.10417646975974382,5.0,"[1.0, 1.0, 1.0, 1.0, 1.0, 1.0, 1.0]",pure_ml,"{""accelerate"": true}",100.0,hybrid
yellow,0.7757983414947133,0.4959783274814459,0.10417646975974382,5.0,"[1.0, 1.0, 1.0, 1.0, 1.0, 1.0, 1.0]",pure_ml,"{""accelerate"": true}",100.0,hybrid
yellow,0.779965001274022,0.4959896913651871,0.10417646975974382,5.0,"[1.0, 1.0, 1.0, 1.0, 1.0, 1.0, 1.0]",pure_ml,"{""accelerate"": true}",100.0,hybrid
yellow,0.7841316610533308,0.49600105524892835,0.10417646975974382,5.0,"[1.0, 1.0, 1.0, 1.0, 1.0, 1.0, 1.0]",pure_ml,"{""accelerate"": true}",100.0,hybrid
yellow,0.7882983208326396,0.4960124191326695,0.10417646975974382,5.0,"[1.0, 1.0, 1.0, 1.0, 1.0, 1.0, 1.0]",pure_ml,"{""accelerate"": true}",100.0,hybrid
yellow,0.7924649806119484,0.49602378301641076,0.10417646975974382,5.0,"[1.0, 1.0, 1.0, 1.0, 1.0, 1.0, 1.0]",pure_ml,"{""accelerate"": true}",100.0,hybrid
yellow,0.7966316403912571,0.49603514690015194,0.10417646975974382,5.0,"[1.0, 1.0, 1.0, 1.0, 1.0, 1.0, 1.0]",pure_ml,"{""accelerate"": true}",100.0,hybrid
yellow,0.8007983001705659,0.49604651078389317,0.10417646975974382,5.0,"[1.0, 1.0, 1.0, 1.0, 1.0, 1.0, 1.0]",pure_ml,"{""accelerate"": true}",100.0,hybrid
yellow,0.8049649599498746,0.4960578746676344,0.10417646975974382,5.0,"[1.0, 1.0, 1.0, 1.0, 1.0, 1.0, 1.0]",pure_ml,"{""accelerate"": true}",100.0,hybrid
yellow,0.8091316197291833,0.4960692385513756,0.10417646975974382,5.0,"[1.0, 1.0, 1.0, 1.0, 1.0, 1.0, 1.0]",pure_ml,"{""accelerate"": true}",100.0,hybrid
yellow,0.8132982795084921,0.4960806024351168,0.10417646975974382,5.0,"[1.0, 1.0, 1.0, 1.0, 1.0, 1.0, 1.0]",pure_ml,"{""accelerate"": true}",100.0,hybrid
yellow,0.8174649392878008,0.496091966318858,0.10417646975974382,5.0,"[1.0, 1.0, 1.0, 1.0, 1.0, 1.0, 1.0]",pure_ml,"{""accelerate"": true}",100.0,hybrid
yellow,0.8216315990671096,0.4961033302025992,0.10417646975974382,5.0,"[1.0, 1.0, 1.0, 1.0, 1.0, 1.0, 1.0]",pure_ml,"{""accelerate"": true}",100.0,hybrid
yellow,0.8257982588464184,0.49611469408634046,0.10417646975974382,5.0,"[1.0, 1.0, 1.0, 1.0, 1.0, 1.0, 1.0]",pure_ml,"{""accelerate"": true}",100.0,hybrid
yellow,0.8299649186257272,0.49612605797008164,0.10417646975974382,5.0,"[1.0, 1.0, 1.0, 1.0, 1.0, 1.0, 1.0]",pure_ml,"{""accelerate"": true}",100.0,hybrid
yellow,0.8341315784050359,0.49613742185382287,0.10417646975974382,5.0,"[1.0, 1.0, 1.0, 1.0, 1.0, 1.0, 1.0]",pure_ml,"{""accelerate"": true}",100.0,hybrid
yellow,0.8382982381843447,0.49614878573756405,0.10417646975974382,5.0,"[1.0, 1.0, 1.0, 1.0, 1.0, 1.0, 1.0]",pure_ml,"{""accelerate"": true}",100.0,hybrid
yellow,0.8424648979636534,0.4961601496213053,0.10417646975974382,4.95,"[1.0, 1.0, 1.0, 1.0, 1.0, 1.0, 1.0]",pure_ml,"{""change_lane_left"": true}",79.6,hybrid
yellow,0.8465898911451691,0.49367139986620906,-6.500411923574352,5.0,"[1.0, 1.0, 1.0, 1.0, 1.0, 1.0, 1.0]",pure_ml,"{""accelerate"": true}",100.0,hybrid
yellow,0.8507297704859407,0.4904638351351279,-12.745616580599323,5.0,"[1.0, 1.0, 1.0, 1.0, 1.0, 1.0, 1.0]",pure_ml,"{""accelerate"": true}",100.0,hybrid
yellow,0.8547937671614977,0.4865849425369222,-18.662532742600433,5.0,"[1.0, 1.0, 1.0, 1.0, 1.0, 1.0, 1.0]",pure_ml,"{""accelerate"": true}",73.0,hybrid
yellow,0.8587413493810809,0.4820849830637907,-24.233700060863654,5.0,"[1.0, 1.0, 1.0, 1.0, 1.0, 1.0, 1.0]",pure_ml,"{""accelerate"": true}",73.0,hybrid
yellow,0.8625408445940085,0.4770196114950673,-29.45260377056624,5.0,"[1.0, 1.0, 1.0, 1.0, 1.0, 1.0, 1.0]",pure_ml,"{""accelerate"": true}",73.0,hybrid
yellow,0.8661690226808749,0.4714464651460527,-34.32104032131957,5.0,"[1.0, 1.0, 1.0, 1.0, 1.0, 1.0, 1.0]",pure_ml,"{""accelerate"": true}",73.0,hybrid
yellow,0.8696102364272895,0.46542253156398167,-38.84689144039357,5.0,"[1.0, 1.0, 1.0, 1.0, 1.0, 1.0, 1.0]",pure_ml,"{""accelerate"": true}",73.0,hybrid
yellow,0.87285534011541,0.4590022726924237,-43.04231678680836,5.0,"[1.0, 1.0, 1.0, 1.0, 1.0, 1.0, 1.0]",pure_ml,"{""accelerate"": true}",73.0,hybrid
yellow,0.8759005476176424,0.452236408143029,-46.92232865060395,5.0,"[1.0, 1.0, 1.0, 1.0, 1.0, 1.0, 1.0]",pure_ml,"{""accelerate"": true}",-27.0,hybrid
yellow,0.8787463358317198,0.4451712300258698,-50.50369377841829,5.0,"[1.0, 1.0, 1.0, 1.0, 1.0, 1.0, 1.0]",pure_ml,"{""accelerate"": true}",-27.0,hybrid
yellow,0.8813964544708991,0.4378483200955354,-53.804104372725384,5.0,"[1.0, 1.0, 1.0, 1.0, 1.0, 1.0, 1.0]",pure_ml,"{""accelerate"": true}",-27.0,hybrid
yellow,0.8838570705527727,0.4303045537330187,-56.84156469137631,5.0,"[1.0, 1.0, 1.0, 1.0, 1.0, 1.0, 1.0]",pure_ml,"{""accelerate"": true}",-47.0,hybrid
yellow,0.8861360541217759,0.4225722954961308,-59.633946992045054,5.0,"[1.0, 1.0, 1.0, 1.0, 1.0, 1.0, 1.0]",pure_ml,"{""accelerate"": true}",-47.0,hybrid
yellow,0.8882423984858729,0.414679712145395,-62.19867847736307,5.0,"[1.0, 1.0, 1.0, 1.0, 1.0, 1.0, 1.0]",pure_ml,"{""accelerate"": true}",-67.0,hybrid
yellow,0.8901857611650659,0.4066511482840906,-64.55252828374515,5.0,"[1.0, 1.0, 1.0, 1.0, 1.0, 1.0, 1.0]",pure_ml,"{""accelerate"": true}",-67.0,hybrid
yellow,0.8919761088045751,0.39850752582224624,-66.7114699738745,5.0,"[1.0, 1.0, 1.0, 1.0, 1.0, 1.0, 1.0]",pure_ml,"{""accelerate"": true}",-67.0,hybrid
yellow,0.893623448937704,0.3902667411552332,-68.69060033831848,5.0,"[1.0, 1.0, 1.0, 1.0, 1.0, 1.0, 1.0]",pure_ml,"{""accelerate"": true}",-67.0,hybrid
yellow,0.8951376325803299,0.3819440435186639,-70.50409964798175,4.95,"[1.0, 1.0, 1.0, 1.0, 1.0, 1.0, 1.0]",pure_ml,"{""turn_left"": true}",-71.4,hybrid
yellow,0.8961003077054183,0.37342740129829244,-76.50409964798175,4.9,"[1.0, 1.0, 1.0, 1.0, 1.0, 1.0, 1.0]",pure_ml,"{""turn_left"": true}",-71.8,hybrid
yellow,0.8966329999830742,0.36485474433375187,-82.50409964798175,4.8500000000000005,"[1.0, 1.0, 1.0, 1.0, 1.0, 1.0, 1.0]",pure_ml,"{""turn_left"": true}",-72.19999999999999,hybrid
yellow,0.8967385093905432,0.3562943104614037,-88.50409964798175,4.550000000000001,"[1.0, 1.0, 1.0, 1.0, 1.0, 1.0, 1.0]",pure_ml,"{""turn_left"": true, ""brake"": true}",-247.4,hybrid
yellow,0.8964407481869914,0.3481243750695554,-94.50409964798175,4.250000000000001,"[1.0, 1.0, 1.0, 1.0, 1.0, 1.0, 1.0]",pure_ml,"{""turn_left"": true, ""brake"": true}",-240.0,hybrid
yellow,0.8957950815313842,0.34040090265820555,-100.50409964798175,3.950000000000001,"[1.0, 1.0, 1.0, 1.0, 1.0, 1.0, 1.0]",pure_ml,"{""turn_left"": true, ""brake"": true}",-237.60000000000002,hybrid
yellow,0.8948599718633342,0.33316683056912416,-104.8448631604011,3.6500000000000012,"[1.0, 1.0, 1.0, 1.0, 1.0, 1.0, 1.0]",pure_ml,"{""turn_left"": true, ""brake"": true}",-235.20000000000002,hybrid
yellow,0.8937776287517729,0.3264029583413334,-108.64056952076147,3.3500000000000014,"[1.0, 1.0, 1.0, 1.0, 1.0, 1.0, 1.0]",pure_ml,"{""turn_left"": true, ""brake"": true}",-232.8,hybrid
yellow,0.8926137145443207,0.32009676738253945,-111.8908293922482,3.0500000000000016,"[1.0, 1.0, 1.0, 1.0, 1.0, 1.0, 1.0]",pure_ml,"{""turn_left"": true, ""brake"": true}",-230.4,hybrid
yellow,0.8914247524750395,0.3142271254215779,-114.59387420158463,2.7500000000000018,"[1.0, 1.0, 1.0, 1.0, 1.0, 1.0, 1.0]",pure_ml,"{""turn_left"": true, ""brake"": true}",-228.0,hybrid
yellow,0.8902584101314246,0.3087681376369875,-116.74664545170724,2.450000000000002,"[1.0, 1.0, 1.0, 1.0, 1.0, 1.0, 1.0]",pure_ml,"{""turn_left"": true, ""brake"": true}",-225.60000000000002,hybrid
yellow,0.8891540211214768,0.3036923586658625,-118.34519527415318,2.150000000000002,"[1.0, 1.0, 1.0, 1.0, 1.0, 1.0, 1.0]",pure_ml,"{""turn_left"": true, ""brake"": true}",-223.20000000000002,hybrid
yellow,0.8881432030914609,0.2989734148184571,-119.3854005839724,1.850000000000002,"[1.0, 1.0, 1.0, 1.0, 1.0, 1.0, 1.0]",pure_ml,"{""turn_left"": true, ""brake"": true}",-220.8,hybrid
yellow,0.8872504648521051,0.2945880905145289,-119.8639698644432,1.550000000000002,"[1.0, 1.0, 1.0, 1.0, 1.0, 1.0, 1.0]",pure_ml,"{""turn_left"": true, ""brake"": true}",-218.4,hybrid
yellow,0.8864937253367422,0.290517920718536,-119.77967547729205,1.250000000000002,"[1.0, 1.0, 1.0, 1.0, 1.0, 1.0, 1.0]",pure_ml,"{""turn_left"": true, ""brake"": true}",-216.00000000000003,hybrid
yellow,0.8858846941600227,0.28675030935932017,-119.13467463360669,0.950000000000002,"[1.0, 1.0, 1.0, 1.0, 1.0, 1.0, 1.0]",pure_ml,"{""turn_left"": true, ""brake"": true}",-213.60000000000002,hybrid
yellow,0.8854290897717699,0.2832791699804661,-117.93569627107969,0.6500000000000019,"[1.0, 1.0, 1.0, 1.0, 1.0, 1.0, 1.0]",pure_ml,"{""turn_left"": true, ""brake"": true}",-211.20000000000002,hybrid
yellow,0.8851266977939771,0.2801050674612045,-116.19478627736802,0.3500000000000019,"[1.0, 1.0, 1.0, 1.0, 1.0, 1.0, 1.0]",pure_ml,"{""turn_left"": true, ""brake"": true}",-208.8,hybrid
yellow,0.8849712980059776,0.27723483673820626,-122.19478627736804,0.05000000000000193,"[1.0, 1.0, 1.0, 1.0, 1.0, 1.0, 1.0]",pure_ml,"{""turn_left"": true, ""brake"": true}",-206.4,hybrid
yellow,0.884945533969208,0.27468571716551876,-128.19478627736802,0.0,"[1.0, 1.0, 1.0, 1.0, 1.0, 1.0, 1.0]",pure_ml,"{""turn_left"": true, ""brake"": true}",-236.0,hybrid
yellow,0.884945533969208,0.27218571716551876,-134.19478627736802,0.0,"[1.0, 1.0, 1.0, 1.0, 1.0, 1.0, 1.0]",pure_ml,"{""turn_left"": true, ""brake"": true}",-236.0,hybrid
yellow,0.884945533969208,0.26968571716551876,-140.19478627736802,0.0,"[1.0, 1.0, 1.0, 1.0, 1.0, 1.0, 1.0]",pure_ml,"{""turn_left"": true, ""brake"": true}",-236.0,hybrid
yellow,0.884945533969208,0.26718571716551875,-146.19478627736802,0.0,"[1.0, 1.0, 1.0, 1.0, 1.0, 1.0, 1.0]",pure_ml,"{""turn_left"": true, ""brake"": true}",-236.0,hybrid
yellow,0.884945533969208,0.2646857171655188,-152.19478627736802,0.0,"[1.0, 1.0, 1.0, 1.0, 1.0, 1.0, 1.0]",pure_ml,"{""turn_left"": true, ""brake"": true}",-236.0,hybrid
yellow,0.08333333333333333,0.5,0.0,0.0,"[1.0, 1.0, 1.0, 1.0, 1.0, 1.0, 1.0]",pure_ml,"{""turn_left"": true}",39.5,hybrid
yellow,0.08333333333333333,0.5,-6.000000000000001,0.2,"[1.0, 1.0, 1.0, 1.0, 1.0, 1.0, 1.0]",pure_ml,"{""accelerate"": true}",61.6,hybrid
red,0.08349908698256138,0.49997386788418313,-6.000000000000001,0.4,"[1.0, 1.0, 1.0, 1.0, 1.0, 1.0, 1.0]",pure_ml,"{""accelerate"": true}",63.2,hybrid
red,0.08383059428101747,0.49992160365254923,-6.000000000000001,0.6000000000000001,"[1.0, 1.0, 1.0, 1.0, 1.0, 1.0, 1.0]",pure_ml,"{""accelerate"": true}",64.8,hybrid
red,0.08432785522870159,0.4998432073050985,-6.000000000000001,0.8,"[1.0, 1.0, 1.0, 1.0, 1.0, 1.0, 1.0]",pure_ml,"{""accelerate"": true}",66.4,hybrid
red,0.08499086982561378,0.4997386788418309,-6.000000000000001,1.0,"[1.0, 1.0, 1.0, 1.0, 1.0, 1.0, 1.0]",pure_ml,"{""accelerate"": true}",73.0,hybrid
red,0.08581963807175401,0.4996080182627463,-6.000000000000001,1.2,"[1.0, 1.0, 1.0, 1.0, 1.0, 1.0, 1.0]",pure_ml,"{""accelerate"": true}",74.6,hybrid
red,0.08681415996712229,0.4994512255678448,-6.000000000000001,1.4,"[1.0, 1.0, 1.0, 1.0, 1.0, 1.0, 1.0]",pure_ml,"{""accelerate"": true}",76.2,hybrid
red,0.0879744355117186,0.4992683007571264,-6.000000000000001,1.5999999999999999,"[1.0, 1.0, 1.0, 1.0, 1.0, 1.0, 1.0]",pure_ml,"{""accelerate"": true}",77.8,hybrid
red,0.08930046470554297,0.49905924383059114,-6.000000000000001,1.7999999999999998,"[1.0, 1.0, 1.0, 1.0, 1.0, 1.0, 1.0]",pure_ml,"{""accelerate"": true}",79.4,hybrid
red,0.09079224754859538,0.49882405478823894,-6.000000000000001,1.9999999999999998,"[1.0, 1.0, 1.0, 1.0, 1.0, 1.0, 1.0]",pure_ml,"{""accelerate"": true}",81.0,hybrid
red,0.09244978404087584,0.49856273363006975,-6.000000000000001,2.1999999999999997,"[1.0, 1.0, 1.0, 1.0, 1.0, 1.0, 1.0]",pure_ml,"{""accelerate"": true}",112.6,hybrid
red,0.09427307418238434,0.49827528035608376,-6.000000000000001,2.4,"[1.0, 1.0, 1.0, 1.0, 1.0, 1.0, 1.0]",pure_ml,"{""accelerate"": true}",114.2,hybrid
red,0.09626211797312088,0.49796169496628073,-6.000000000000001,2.6,"[1.0, 1.0, 1.0, 1.0, 1.0, 1.0, 1.0]",pure_ml,"{""accelerate"": true}",115.8,hybrid
red,0.09841691541308546,0.49762197746066084,-6.000000000000001,2.8000000000000003,"[1.0, 1.0, 1.0, 1.0, 1.0, 1.0, 1.0]",pure_ml,"{""accelerate"": true}",117.4,hybrid
red,0.1007374665022781,0.49725612783922407,-6.000000000000001,2.7500000000000004,"[1.0, 1.0, 1.0, 1.0, 1.0, 1.0, 1.0]",pure_ml,"{""turn_left"": true}",96.5,hybrid
red,0.10297905475395976,0.496541431402038,-12.0,2.9500000000000006,"[1.0, 1.0, 1.0, 1.0, 1.0, 1.0, 0.76]",pure_ml,"{""accelerate"": true}",115.60000000000001,hybrid
red,0.10538366760576369,0.49577475704214746,-12.0,2.900000000000001,"[1.0, 1.0, 1.0, 1.0, 1.0, 1.0, 0.7666666666666667]",pure_ml,"{""turn_left"": true}",79.7,hybrid
red,0.1076820541868103,0.4946545704375383,-18.0,3.100000000000001,"[1.0, 1.0, 1.0, 1.0, 1.0, 1.0, 0.7933333333333333]",pure_ml,"{""accelerate"": true}",101.80000000000001,hybrid
red,0.11013895018723946,0.49595712958433535,-6.760320067815199,2.800000000000001,"[1.0, 1.0, 1.0, 1.0, 1.0, 1.0, 0.8]",pure_ml,"{""brake"": true}",94.4,hybrid
red,0.11245606048415915,0.49554512265260414,-6.760320067815199,3.0000000000000013,"[1.0, 1.0, 1.0, 1.0, 1.0, 1.0, 0.7666666666666667]",pure_ml,"{""accelerate"": true}",116.00000000000001,hybrid
red,0.11493867865943026,0.4951036866543207,-6.760320067815199,3.2000000000000015,"[1.0, 1.0, 1.0, 1.0, 1.0, 1.0, 0.7666666666666667]",pure_ml,"{""accelerate"": true}",117.60000000000001,hybrid
red,0.11758680471305279,0.494632821589485,-6.760320067815199,3.4000000000000017,"[1.0, 1.0, 1.0, 1.0, 1.0, 1.0, 0.7666666666666667]",pure_ml,"{""accelerate"": true}",119.20000000000002,hybrid
red,0.12040043864502671,0.49413252745809716,-6.760320067815199,3.600000000000002,"[1.0, 1.0, 1.0, 1.0, 1.0, 1.0, 0.7733333333333333]",pure_ml,"{""accelerate"": true}",120.80000000000001,hybrid
red,0.12337958045535205,0.49610280426015696,2.405649480401422,3.800000000000002,"[1.0, 1.0, 1.0, 1.0, 1.0, 1.0, 0.7733333333333333]",pure_ml,"{""accelerate"": true}",122.40000000000002,hybrid
red,0.12654345632670688,0.49630218156323364,2.405649480401422,4.000000000000002,"[1.0, 1.0, 1.0, 1.0, 1.0, 1.0, 0.7666666666666667]",pure_ml,"{""accelerate"": true}",94.00000000000001,hybrid
red,0.1298738519807646,0.4965120524085775,2.405649480401422,4.200000000000002,"[1.0, 1.0, 1.0, 1.0, 1.0, 1.0, 0.7666666666666667]",pure_ml,"{""accelerate"": true}",95.60000000000002,hybrid
red,0.1333707674175252,0.49673241679618857,2.405649480401422,4.400000000000002,"[1.0, 1.0, 1.0, 1.0, 1.0, 1.0, 0.76]",pure_ml,"{""accelerate"": true}",97.20000000000002,hybrid
red,0.13703420263698868,0.4969632747260668,2.405649480401422,4.600000000000002,"[1.0, 1.0, 1.0, 1.0, 1.0, 1.0, 0.76]",pure_ml,"{""accelerate"": true}",93.80000000000001,hybrid
red,0.14086415763915505,0.4972046261982122,2.405649480401422,4.8000000000000025,"[1.0, 1.0, 1.0, 1.0, 1.0, 1.0, 1.0]",pure_ml,"{""accelerate"": true}",98.40000000000002,hybrid
red,0.14486063242402433,0.4974564712126248,2.405649480401422,5.0,"[1.0, 1.0, 1.0, 1.0, 1.0, 1.0, 1.0]",pure_ml,"{""accelerate"": true}",100.0,hybrid
red,0.14902362699159646,0.4977188097693046,2.405649480401422,4.95,"[1.0, 1.0, 1.0, 1.0, 1.0, 1.0, 1.0]",pure_ml,"{""turn_left"": true}",79.1,hybrid
red,0.15314051276535112,0.4973309023277971,-3.594350519598578,5.0,"[1.0, 1.0, 1.0, 1.0, 1.0, 1.0, 1.0]",pure_ml,"{""accelerate"": true}",100.0,hybrid
red,0.15729898324389122,0.49693907662930464,-3.594350519598578,5.0,"[1.0, 1.0, 1.0, 1.0, 1.0, 1.0, 1.0]",pure_ml,"{""accelerate"": true}",100.0,hybrid
red,0.16145745372243128,0.4965472509308122,-3.594350519598578,5.0,"[1.0, 1.0, 1.0, 1.0, 1.0, 1.0, 1.0]",pure_ml,"{""accelerate"": true}",100.0,hybrid
red,0.16561592420097138,0.4961554252323197,-3.594350519598578,5.0,"[1.0, 1.0, 1.0, 1.0, 1.0, 1.0, 1.0]",pure_ml,"{""accelerate"": true}",100.0,hybrid
red,0.16977439467951144,0.49576359953382726,-3.594350519598578,5.0,"[1.0, 1.0, 1.0, 1.0, 1.0, 1.0, 1.0]",pure_ml,"{""accelerate"": true}",100.0,hybrid
red,0.17393286515805154,0.4953717738353348,-3.594350519598578,5.0,"[1.0, 1.0, 1.0, 1.0, 1.0, 1.0, 1.0]",pure_ml,"{""accelerate"": true}",100.0,hybrid
red,0.17809133563659163,0.4949799481368424,-3.594350519598578,5.0,"[1.0, 1.0, 1.0, 1.0, 1.0, 1.0, 1.0]",pure_ml,"{""accelerate"": true}",100.0,hybrid
red,0.1822498061151317,0.49458812243834993,-3.594350519598578,5.0,"[1.0, 1.0, 1.0, 1.0, 1.0, 1.0, 1.0]",pure_ml,"{""accelerate"": true}",100.0,hybrid
red,0.1864082765936718,0.49419629673985743,-3.594350519598578,5.0,"[1.0, 1.0, 1.0, 1.0, 1.0, 1.0, 1.0]",pure_ml,"{""accelerate"": true}",100.0,hybrid
red,0.19056674707221186,0.493804471041365,-3.594350519598578,5.0,"[1.0, 1.0, 1.0, 1.0, 1.0, 1.0, 1.0]",pure_ml,"{""accelerate"": true}",100.0,hybrid
red,0.19472521755075195,0.49591264534287255,3.086109615014463,4.95,"[1.0, 1.0, 1.0, 1.0, 1.0, 1.0, 1.0]",pure_ml,"{""turn_left"": true}",79.1,hybrid
red,0.1988448841833138,0.4955981034025024,-2.9138903849855367,5.0,"[1.0, 1.0, 1.0, 1.0, 1.0, 1.0, 1.0]",pure_ml,"{""accelerate"": true}",100.0,hybrid
red,0.20300616361014398,0.49528038427081533,-2.9138903849855367,5.0,"[1.0, 1.0, 1.0, 1.0, 1.0, 1.0, 1.0]",pure_ml,"{""accelerate"": true}",100.0,hybrid
red,0.20716744303697415,0.4949626651391283,-2.9138903849855367,5.0,"[1.0, 1.0, 1.0, 1.0, 1.0, 1.0, 1.0]",pure_ml,"{""accelerate"": true}",100.0,hybrid
red,0.21132872246380432,0.49464494600744124,-2.9138903849855367,5.0,"[1.0, 1.0, 1.0, 1.0, 1.0, 1.0, 1.0]",pure_ml,"{""accelerate"": true}",100.0,hybrid
red,0.2154900018906345,0.4943272268757542,-2.9138903849855367,5.0,"[1.0, 1.0, 1.0, 1.0, 1.0, 1.0, 1.0]",pure_ml,"{""accelerate"": true}",100.0,hybrid
red,0.21965128131746467,0.49400950774406716,-2.9138903849855367,5.0,"[1.0, 1.0, 1.0, 1.0, 1.0, 1.0, 1.0]",pure_ml,"{""accelerate"": true}",100.0,hybrid
red,0.22381256074429487,0.4961917886123801,3.741424622856137,5.0,"[1.0, 1.0, 1.0, 1.0, 1.0, 1.0, 1.0]",pure_ml,"{""accelerate"": true}",100.0,hybrid
red,0.22797034699785637,0.496599624739782,3.741424622856137,5.0,"[1.0, 1.0, 1.0, 1.0, 1.0, 1.0, 1.0]",pure_ml,"{""accelerate"": true}",100.0,hybrid
red,0.23212813325141785,0.49700746086718384,3.741424622856137,5.0,"[1.0, 1.0, 1.0, 1.0, 1.0, 1.0, 1.0]",pure_ml,"{""accelerate"": true}",100.0,hybrid
red,0.23628591950497935,0.4974152969945857,3.741424622856137,5.0,"[1.0, 1.0, 1.0, 1.0, 1.0, 1.0, 1.0]",pure_ml,"{""accelerate"": true}",100.0,hybrid
red,0.24044370575854085,0.4978231331219875,3.741424622856137,5.0,"[1.0, 1.0, 1.0, 1.0, 1.0, 1.0, 1.0]",pure_ml,"{""accelerate"": true}",100.0,hybrid
red,0.24460149201210232,0.49823096924938937,3.741424622856137,5.0,"[1.0, 1.0, 1.0, 1.0, 1.0, 1.0, 1.0]",pure_ml,"{""accelerate"": true}",100.0,hybrid
red,0.24875927826566382,0.4986388053767912,3.741424622856137,5.0,"[1.0, 1.0, 1.0, 1.0, 1.0, 1.0, 1.0]",pure_ml,"{""accelerate"": true}",100.0,hybrid
red,0.2529170645192253,0.4990466415041931,3.741424622856137,5.0,"[1.0, 1.0, 1.0, 1.0, 1.0, 1.0, 1.0]",pure_ml,"{""accelerate"": true}",100.0,hybrid
red,0.2570748507727868,0.49945447763159495,3.741424622856137,5.0,"[1.0, 1.0, 1.0, 1.0, 1.0, 1.0, 1.0]",pure_ml,"{""accelerate"": true}",100.0,hybrid
red,0.2612326370263483,0.49986231375899676,3.741424622856137,5.0,"[1.0, 1.0, 1.0, 1.0, 1.0, 1.0, 1.0]",pure_ml,"{""accelerate"": true}",100.0,hybrid
red,0.2653904232799098,0.5002701498863986,3.741424622856137,5.0,"[1.0, 1.0, 1.0, 1.0, 1.0, 1.0, 1.0]",pure_ml,"{""accelerate"": true}",100.0,hybrid
red,0.2695482095334713,0.5006779860138004,3.741424622856137,5.0,"[1.0, 1.0, 1.0, 1.0, 1.0, 1.0, 1.0]",pure_ml,"{""accelerate"": true}",100.0,hybrid
red,0.27370599578703275,0.5010858221412023,3.741424622856137,5.0,"[1.0, 1.0, 1.0, 1.0, 1.0, 1.0, 1.0]",pure_ml,"{""accelerate"": true}",100.0,hybrid
red,0.27786378204059425,0.5014936582686041,3.741424622856137,5.0,"[1.0, 1.0, 1.0, 1.0, 1.0, 1.0, 1.0]",pure_ml,"{""accelerate"": true}",100.0,hybrid
red,0.28202156829415576,0.5019014943960061,3.741424622856137,5.0,"[1.0, 1.0, 1.0, 1.0, 1.0, 1.0, 1.0]",pure_ml,"{""accelerate"": true}",100.0,hybrid
red,0.28617935454771726,0.5023093305234079,3.741424622856137,5.0,"[1.0, 1.0, 1.0, 1.0, 1.0, 1.0, 1.0]",pure_ml,"{""accelerate"": true}",100.0,hybrid
red,0.29033714080127876,0.5027171666508097,3.741424622856137,5.0,"[1.0, 1.0, 1.0, 1.0, 1.0, 1.0, 1.0]",pure_ml,"{""accelerate"": true}",100.0,hybrid
red,0.29449492705484026,0.5031250027782116,3.741424622856137,5.0,"[1.0, 1.0, 1.0, 1.0, 1.0, 1.0, 1.0]",pure_ml,"{""accelerate"": true}",100.0,hybrid
red,0.2986527133084017,0.5035328389056134,3.741424622856137,5.0,"[1.0, 1.0, 1.0, 1.0, 1.0, 1.0, 1.0]",pure_ml,"{""accelerate"": true}",100.0,hybrid
red,0.3028104995619632,0.5039406750330153,3.741424622856137,5.0,"[1.0, 1.0, 1.0, 1.0, 1.0, 1.0, 1.0]",pure_ml,"{""accelerate"": true}",100.0,hybrid
red,0.3069682858155247,0.5043485111604171,3.741424622856137,5.0,"[1.0, 1.0, 1.0, 1.0, 1.0, 1.0, 1.0]",pure_ml,"{""accelerate"": true}",100.0,hybrid
red,0.3111260720690862,0.5047563472878189,3.741424622856137,5.0,"[0.9933333333333333, 1.0, 1.0, 1.0, 1.0, 1.0, 1.0]",pure_ml,"{""accelerate"": true}",100.0,hybrid
red,0.3152838583226477,0.5051641834152208,3.741424622856137,5.0,"[0.9866666666666667, 1.0, 1.0, 1.0, 1.0, 1.0, 1.0]",pure_ml,"{""accelerate"": true}",100.0,hybrid
red,0.3194416445762092,0.5055720195426227,3.741424622856137,5.0,"[0.98, 1.0, 1.0, 1.0, 1.0, 1.0, 1.0]",pure_ml,"{""accelerate"": true}",100.0,hybrid
red,0.32359943082977066,0.5059798556700246,3.741424622856137,5.0,"[1.0, 1.0, 1.0, 1.0, 1.0, 1.0, 1.0]",pure_ml,"{""accelerate"": true}",100.0,hybrid
red,0.32775721708333216,0.5038876917974264,-2.9443839820064035,5.0,"[1.0, 1.0, 1.0, 1.0, 1.0, 1.0, 1.0]",pure_ml,"{""accelerate"": true}",100.0,hybrid
red,0.33191838319118044,0.5035666506762074,-2.9443839820064035,5.0,"[0.9466666666666667, 1.0, 1.0, 1.0, 1.0, 1.0, 1.0]",pure_ml,"{""accelerate"": true}",100.0,hybrid
red,0.33607954929902867,0.5032456095549885,-2.9443839820064035,5.0,"[0.9333333333333333, 1.0, 1.0, 1.0, 1.0, 1.0, 1.0]",pure_ml,"{""accelerate"": true}",100.0,hybrid
red,0.34024071540687695,0.5029245684337696,-2.9443839820064035,5.0,"[1.0, 1.0, 1.0, 1.0, 1.0, 1.0, 1.0]",pure_ml,"{""accelerate"": true}",100.0,hybrid
red,0.3444018815147252,0.5026035273125506,-2.9443839820064035,5.0,"[1.0, 1.0, 1.0, 1.0, 1.0, 1.0, 1.0]",pure_ml,"{""accelerate"": true}",100.0,hybrid
red,0.34856304762257345,0.5022824861913318,-2.9443839820064035,5.0,"[1.0, 1.0, 1.0, 1.0, 1.0, 1.0, 1.0]",pure_ml,"{""accelerate"": true}",100.0,hybrid
red,0.35272421373042173,0.5019614450701129,-2.9443839820064035,5.0,"[1.0, 1.0, 1.0, 1.0, 1.0, 1.0, 1.0]",pure_ml,"{""accelerate"": true}",100.0,hybrid
red,0.35688537983827,0.5016404039488939,-2.9443839820064035,5.0,"[1.0, 1.0, 1.0, 1.0, 1.0, 1.0, 1.0]",pure_ml,"{""accelerate"": true}",100.0,hybrid
red,0.36104654594611824,0.501319362827675,-2.9443839820064035,5.0,"[1.0, 1.0, 1.0, 1.0, 1.0, 1.0, 1.0]",pure_ml,"{""accelerate"": true}",100.0,hybrid
red,0.3652077120539665,0.5009983217064561,-2.9443839820064035,5.0,"[1.0, 1.0, 1.0, 1.0, 1.0, 1.0, 1.0]",pure_ml,"{""accelerate"": true}",100.0,hybrid
red,0.3693688781618148,0.5006772805852371,-2.9443839820064035,4.95,"[1.0, 1.0, 1.0, 1.0, 1.0, 1.0, 1.0]",pure_ml,"{""turn_right"": true}",79.1,hybrid
red,0.37348801349541993,0.5010071070286174,3.0556160179935965,5.0,"[1.0, 1.0, 1.0, 1.0, 1.0, 1.0, 1.0]",pure_ml,"{""accelerate"": true}",100.0,hybrid
red,0.3776487562566372,0.5013402650522338,3.0556160179935965,5.0,"[1.0, 1.0, 1.0, 1.0, 1.0, 1.0, 1.0]",pure_ml,"{""accelerate"": true}",100.0,hybrid
red,0.3818094990178545,0.5016734230758503,3.0556160179935965,5.0,"[1.0, 1.0, 1.0, 1.0, 1.0, 1.0, 1.0]",pure_ml,"{""accelerate"": true}",100.0,hybrid
red,0.3859702417790718,0.5020065810994666,3.0556160179935965,5.0,"[1.0, 1.0, 1.0, 1.0, 1.0, 1.0, 1.0]",pure_ml,"{""accelerate"": true}",100.0,hybrid
red,0.39013098454028905,0.502339739123083,3.0556160179935965,5.0,"[1.0, 1.0, 1.0, 1.0, 1.0, 1.0, 1.0]",pure_ml,"{""accelerate"": true}",100.0,hybrid
red,0.39429172730150636,0.5026728971466995,3.0556160179935965,5.0,"[1.0, 1.0, 1.0, 1.0, 1.0, 1.0, 1.0]",pure_ml,"{""accelerate"": true}",100.0,hybrid
red,0.39845247006272366,0.5030060551703159,3.0556160179935965,5.0,"[1.0, 1.0, 1.0, 1.0, 1.0, 1.0, 1.0]",pure_ml,"{""accelerate"": true}",100.0,hybrid
red,0.4026132128239409,0.5033392131939324,3.0556160179935965,5.0,"[1.0, 1.0, 1.0, 1.0, 1.0, 1.0, 1.0]",pure_ml,"{""accelerate"": true}",100.0,hybrid
red,0.4067739555851582,0.5036723712175487,3.0556160179935965,5.0,"[1.0, 1.0, 1.0, 1.0, 1.0, 1.0, 1.0]",pure_ml,"{""accelerate"": true}",100.0,hybrid
red,0.4109346983463755,0.5040055292411652,3.0556160179935965,5.0,"[1.0, 1.0, 1.0, 1.0, 1.0, 1.0, 1.0]",pure_ml,"{""accelerate"": true}",100.0,hybrid
red,0.4150954411075928,0.5043386872647816,3.0556160179935965,5.0,"[1.0, 1.0, 1.0, 1.0, 1.0, 1.0, 1.0]",pure_ml,"{""accelerate"": true}",100.0,hybrid
red,0.4192561838688101,0.504671845288398,3.0556160179935965,5.0,"[1.0, 1.0, 1.0, 1.0, 1.0, 1.0, 1.0]",pure_ml,"{""accelerate"": true}",100.0,hybrid
red,0.4234169266300274,0.5050050033120145,3.0556160179935965,5.0,"[1.0, 1.0, 1.0, 1.0, 1.0, 1.0, 1.0]",pure_ml,"{""accelerate"": true}",100.0,hybrid
red,0.4275776693912447,0.5053381613356308,3.0556160179935965,5.0,"[0.7866666666666666, 1.0, 1.0, 1.0, 1.0, 1.0, 1.0]",pure_ml,"{""accelerate"": true}",97.0,hybrid
red,0.431738412152462,0.5056713193592473,3.0556160179935965,5.0,"[0.78, 1.0, 1.0, 1.0, 1.0, 1.0, 1.0]",pure_ml,"{""accelerate"": true}",97.0,hybrid
red,0.43589915491367925,0.5060044773828637,3.0556160179935965,5.0,"[0.78, 1.0, 1.0, 1.0, 1.0, 1.0, 1.0]",pure_ml,"{""accelerate"": true}",97.0,hybrid
red,0.44005989767489656,0.5038376354064801,-3.6049900852095416,5.0,"[0.7733333333333333, 1.0, 1.0, 1.0, 1.0, 1.0, 1.0]",pure_ml,"{""accelerate"": true}",97.0,hybrid
red,0.44421831957490593,0.5034446514011741,-3.6049900852095416,5.0,"[0.76, 1.0, 1.0, 1.0, 1.0, 1.0, 1.0]",pure_ml,"{""accelerate"": true}",97.0,hybrid
red,0.44837674147491524,0.5030516673958682,-3.6049900852095416,5.0,"[0.7533333333333333, 1.0, 1.0, 1.0, 1.0, 1.0, 1.0]",pure_ml,"{""accelerate"": true}",97.0,hybrid
red,0.4525351633749246,0.5026586833905622,-3.6049900852095416,5.0,"[0.7466666666666667, 1.0, 1.0, 1.0, 1.0, 1.0, 1.0]",pure_ml,"{""accelerate"": true}",97.0,hybrid
red,0.456693585274934,0.5022656993852562,-3.6049900852095416,5.0,"[0.74, 1.0, 1.0, 1.0, 1.0, 1.0, 1.0]",pure_ml,"{""accelerate"": true}",97.0,hybrid
red,0.4608520071749433,0.5018727153799503,-3.6049900852095416,5.0,"[0.7333333333333333, 1.0, 1.0, 1.0, 1.0, 1.0, 1.0]",pure_ml,"{""accelerate"": true}",97.0,hybrid
red,0.46501042907495266,0.5014797313746443,-3.6049900852095416,5.0,"[1.0, 1.0, 1.0, 1.0, 1.0, 1.0, 1.0]",pure_ml,"{""accelerate"": true}",100.0,hybrid
red,0.469168850974962,0.5010867473693383,-3.6049900852095416,5.0,"[1.0, 1.0, 1.0, 1.0, 1.0, 1.0, 1.0]",pure_ml,"{""accelerate"": true}",100.0,hybrid
red,0.47332727287497134,0.5006937633640323,-3.6049900852095416,5.0,"[1.0, 1.0, 1.0, 1.0, 1.0, 1.0, 1.0]",pure_ml,"{""accelerate"": true}",100.0,hybrid
red,0.4774856947749807,0.5003007793587263,-3.6049900852095416,5.0,"[1.0, 1.0, 1.0, 1.0, 1.0, 1.0, 1.0]",pure_ml,"{""accelerate"": true}",100.0,hybrid
red,0.4816441166749901,0.49990779535342034,-3.6049900852095416,5.0,"[1.0, 1.0, 1.0, 1.0, 1.0, 1.0, 1.0]",pure_ml,"{""accelerate"": true}",100.0,hybrid
red,0.4858025385749994,0.4995148113481144,-3.6049900852095416,5.0,"[1.0, 1.0, 1.0, 1.0, 1.0, 1.0, 1.0]",pure_ml,"{""accelerate"": true}",100.0,hybrid
red,0.48996096047500876,0.4991218273428084,-3.6049900852095416,5.0,"[1.0, 1.0, 1.0, 1.0, 1.0, 1.0, 1.0]",pure_ml,"{""accelerate"": true}",100.0,hybrid
red,0.4941193823750181,0.49872884333750245,-3.6049900852095416,5.0,"[1.0, 1.0, 1.0, 1.0, 1.0, 1.0, 1.0]",pure_ml,"{""accelerate"": true}",100.0,hybrid
red,0.49827780427502744,0.49833585933219643,-3.6049900852095416,5.0,"[1.0, 1.0, 1.0, 1.0, 1.0, 1.0, 1.0]",pure_ml,"{""accelerate"": true}",100.0,hybrid
red,0.5024362261750368,0.49794287532689047,-3.6049900852095416,5.0,"[1.0, 1.0, 1.0, 1.0, 1.0, 1.0, 1.0]",pure_ml,"{""accelerate"": true}",100.0,hybrid
red,0.5065946480750462,0.4975498913215845,-3.6049900852095416,5.0,"[1.0, 1.0, 1.0, 1.0, 1.0, 1.0, 1.0]",pure_ml,"{""accelerate"": true}",100.0,hybrid
red,0.5107530699750555,0.49715690731627854,-3.6049900852095416,5.0,"[1.0, 1.0, 1.0, 1.0, 1.0, 1.0, 1.0]",pure_ml,"{""accelerate"": true}",100.0,hybrid
red,0.5149114918750648,0.4967639233109725,-3.6049900852095416,5.0,"[1.0, 1.0, 1.0, 1.0, 1.0, 1.0, 1.0]",pure_ml,"{""accelerate"": true}",100.0,hybrid
red,0.5190699137750742,0.49637093930566656,-3.6049900852095416,5.0,"[1.0, 1.0, 1.0, 1.0, 1.0, 1.0, 1.0]",pure_ml,"{""accelerate"": true}",100.0,hybrid
red,0.5232283356750835,0.4959779553003606,-3.6049900852095416,5.0,"[1.0, 1.0, 1.0, 1.0, 1.0, 1.0, 1.0]",pure_ml,"{""accelerate"": true}",100.0,hybrid
red,0.5273867575750929,0.49558497129505463,-3.6049900852095416,5.0,"[1.0, 1.0, 1.0, 1.0, 1.0, 1.0, 1.0]",pure_ml,"{""accelerate"": true}",100.0,hybrid
red,0.5315451794751023,0.4951919872897486,-3.6049900852095416,5.0,"[1.0, 1.0, 1.0, 1.0, 1.0, 1.0, 1.0]",pure_ml,"{""accelerate"": true}",100.0,hybrid
red,0.5357036013751116,0.49479900328444265,-3.6049900852095416,5.0,"[1.0, 1.0, 1.0, 1.0, 1.0, 1.0, 1.0]",pure_ml,"{""accelerate"": true}",100.0,hybrid
red,0.5398620232751209,0.4944060192791367,-3.6049900852095416,5.0,"[1.0, 1.0, 1.0, 1.0, 1.0, 1.0, 1.0]",pure_ml,"{""accelerate"": true}",100.0,hybrid
red,0.5440204451751303,0.4940130352738307,-3.6049900852095416,5.0,"[1.0, 1.0, 1.0, 1.0, 1.0, 1.0, 1.0]",pure_ml,"{""accelerate"": true}",100.0,hybrid
red,0.5481788670751396,0.4961200512685247,3.0758580018370685,5.0,"[1.0, 1.0, 1.0, 1.0, 1.0, 1.0, 1.0]",pure_ml,"{""accelerate"": true}",100.0,hybrid
red,0.5523395311092649,0.4964554141899333,3.0758580018370685,5.0,"[1.0, 1.0, 1.0, 1.0, 1.0, 1.0, 1.0]",pure_ml,"{""accelerate"": true}",100.0,hybrid
red,0.5565001951433903,0.4967907771113418,3.0758580018370685,5.0,"[1.0, 1.0, 1.0, 1.0, 1.0, 1.0, 1.0]",pure_ml,"{""accelerate"": true}",100.0,hybrid
red,0.5606608591775156,0.4971261400327503,3.0758580018370685,5.0,"[1.0, 1.0, 1.0, 1.0, 1.0, 1.0, 1.0]",pure_ml,"{""accelerate"": true}",100.0,hybrid
red,0.564821523211641,0.4974615029541588,3.0758580018370685,5.0,"[1.0, 1.0, 1.0, 1.0, 1.0, 1.0, 1.0]",pure_ml,"{""accelerate"": true}",100.0,hybrid
red,0.5689821872457663,0.4977968658755673,3.0758580018370685,5.0,"[1.0, 1.0, 1.0, 1.0, 1.0, 1.0, 1.0]",pure_ml,"{""accelerate"": true}",100.0,hybrid
red,0.5731428512798916,0.49813222879697583,3.0758580018370685,5.0,"[1.0, 1.0, 1.0, 1.0, 1.0, 1.0, 1.0]",pure_ml,"{""accelerate"": true}",100.0,hybrid
red,0.577303515314017,0.49846759171838434,3.0758580018370685,5.0,"[1.0, 1.0, 1.0, 1.0, 1.0, 0.9733333333333334, 1.0]",pure_ml,"{""accelerate"": true}",100.0,hybrid
red,0.5814641793481423,0.49880295463979285,3.0758580018370685,5.0,"[1.0, 1.0, 1.0, 1.0, 1.0, 0.9533333333333334, 1.0]",pure_ml,"{""accelerate"": true}",100.0,hybrid
red,0.5856248433822677,0.4991383175612014,3.0758580018370685,5.0,"[1.0, 1.0, 1.0, 1.0, 1.0, 0.9533333333333334, 1.0]",pure_ml,"{""accelerate"": true}",100.0,hybrid
red,0.589785507416393,0.4994736804826099,3.0758580018370685,5.0,"[1.0, 1.0, 1.0, 1.0, 1.0, 0.9533333333333334, 1.0]",pure_ml,"{""accelerate"": true}",100.0,hybrid
red,0.5939461714505183,0.49980904340401844,3.0758580018370685,5.0,"[1.0, 1.0, 1.0, 1.0, 1.0, 0.9466666666666667, 1.0]",pure_ml,"{""accelerate"": true}",100.0,hybrid
red,0.5981068354846437,0.5001444063254269,3.0758580018370685,5.0,"[1.0, 1.0, 1.0, 1.0, 1.0, 0.9466666666666667, 1.0]",pure_ml,"{""accelerate"": true}",100.0,hybrid
red,0.602267499518769,0.5004797692468355,3.0758580018370685,5.0,"[1.0, 1.0, 1.0, 1.0, 1.0, 0.94, 1.0]",pure_ml,"{""accelerate"": true}",100.0,hybrid
red,0.6064281635528943,0.500815132168244,3.0758580018370685,5.0,"[1.0, 1.0, 1.0, 1.0, 1.0, 1.0, 1.0]",pure_ml,"{""accelerate"": true}",100.0,hybrid
red,0.6105888275870197,0.5011504950896525,3.0758580018370685,5.0,"[1.0, 1.0, 1.0, 1.0, 1.0, 1.0, 1.0]",pure_ml,"{""accelerate"": true}",100.0,hybrid
red,0.614749491621145,0.501485858011061,3.0758580018370685,5.0,"[1.0, 1.0, 1.0, 1.0, 1.0, 1.0, 1.0]",pure_ml,"{""accelerate"": true}",100.0,hybrid
red,0.6189101556552704,0.5018212209324695,3.0758580018370685,5.0,"[1.0, 1.0, 1.0, 1.0, 1.0, 1.0, 1.0]",pure_ml,"{""accelerate"": true}",100.0,hybrid
red,0.6230708196893957,0.5021565838538781,3.0758580018370685,5.0,"[1.0, 1.0, 1.0, 1.0, 1.0, 1.0, 1.0]",pure_ml,"{""accelerate"": true}",100.0,hybrid
red,0.627231483723521,0.5024919467752865,3.0758580018370685,5.0,"[1.0, 1.0, 1.0, 1.0, 1.0, 1.0, 1.0]",pure_ml,"{""accelerate"": true}",100.0,hybrid
red,0.6313921477576464,0.5028273096966951,3.0758580018370685,5.0,"[1.0, 1.0, 1.0, 1.0, 1.0, 1.0, 1.0]",pure_ml,"{""accelerate"": true}",100.0,hybrid
red,0.6355528117917717,0.5031626726181035,3.0758580018370685,5.0,"[1.0, 1.0, 1.0, 1.0, 1.0, 1.0, 1.0]",pure_ml,"{""accelerate"": true}",100.0,hybrid
red,0.6397134758258971,0.5034980355395121,3.0758580018370685,5.0,"[1.0, 1.0, 1.0, 1.0, 1.0, 1.0, 1.0]",pure_ml,"{""accelerate"": true}",100.0,hybrid
red,0.6438741398600224,0.5038333984609207,3.0758580018370685,5.0,"[1.0, 1.0, 1.0, 1.0, 1.0, 1.0, 1.0]",pure_ml,"{""accelerate"": true}",100.0,hybrid
red,0.6480348038941477,0.5041687613823291,3.0758580018370685,5.0,"[1.0, 1.0, 1.0, 1.0, 1.0, 1.0, 1.0]",pure_ml,"{""accelerate"": true}",100.0,hybrid
red,0.6521954679282731,0.5045041243037377,3.0758580018370685,5.0,"[1.0, 1.0, 1.0, 1.0, 1.0, 1.0, 1.0]",pure_ml,"{""accelerate"": true}",100.0,hybrid
red,0.6563561319623984,0.5048394872251462,3.0758580018370685,5.0,"[1.0, 1.0, 1.0, 1.0, 1.0, 1.0, 1.0]",pure_ml,"{""accelerate"": true}",100.0,hybrid
red,0.6605167959965237,0.5051748501465547,3.0758580018370685,5.0,"[1.0, 1.0, 1.0, 1.0, 1.0, 1.0, 1.0]",pure_ml,"{""accelerate"": true}",100.0,hybrid
red,0.6646774600306491,0.5055102130679632,3.0758580018370685,5.0,"[1.0, 1.0, 1.0, 1.0, 1.0, 1.0, 0.68]",pure_ml,"{""accelerate"": true}",97.0,hybrid
red,0.6688381240647744,0.5058455759893717,3.0758580018370685,5.0,"[1.0, 1.0, 1.0, 1.0, 1.0, 1.0, 0.6733333333333333]",pure_ml,"{""accelerate"": true}",97.0,hybrid
red,0.6729987880988998,0.5061809389107803,3.0758580018370685,5.0,"[1.0, 1.0, 1.0, 1.0, 1.0, 1.0, 0.6733333333333333]",pure_ml,"{""accelerate"": true}",97.0,hybrid
red,0.6771594521330251,0.5040163018321888,-3.585501498376253,5.0,"[1.0, 1.0, 1.0, 1.0, 1.0, 1.0, 0.6733333333333333]",pure_ml,"{""accelerate"": true}",97.0,hybrid
red,0.6813179629055328,0.503625439518055,-3.585501498376253,5.0,"[1.0, 1.0, 1.0, 1.0, 1.0, 1.0, 1.0]",pure_ml,"{""accelerate"": true}",100.0,hybrid
red,0.6854764736780404,0.5032345772039214,-3.585501498376253,5.0,"[1.0, 1.0, 1.0, 1.0, 1.0, 1.0, 1.0]",pure_ml,"{""accelerate"": true}",100.0,hybrid
red,0.6896349844505482,0.5028437148897876,-3.585501498376253,5.0,"[1.0, 1.0, 1.0, 1.0, 1.0, 1.0, 1.0]",pure_ml,"{""accelerate"": true}",100.0,hybrid
red,0.6937934952230559,0.502452852575654,-3.585501498376253,5.0,"[1.0, 1.0, 1.0, 1.0, 1.0, 1.0, 1.0]",pure_ml,"{""accelerate"": true}",100.0,hybrid
red,0.6979520059955635,0.5020619902615202,-3.585501498376253,5.0,"[1.0, 1.0, 1.0, 1.0, 1.0, 1.0, 1.0]",pure_ml,"{""accelerate"": true}",100.0,hybrid
red,0.7021105167680712,0.5016711279473864,-3.585501498376253,5.0,"[1.0, 1.0, 1.0, 1.0, 1.0, 1.0, 1.0]",pure_ml,"{""accelerate"": true}",100.0,hybrid
red,0.7062690275405789,0.5012802656332528,-3.585501498376253,5.0,"[1.0, 1.0, 1.0, 1.0, 1.0, 1.0, 1.0]",pure_ml,"{""accelerate"": true}",100.0,hybrid
red,0.7104275383130866,0.500889403319119,-3.585501498376253,5.0,"[1.0, 1.0, 1.0, 1.0, 1.0, 1.0, 1.0]",pure_ml,"{""accelerate"": true}",100.0,hybrid
red,0.7145860490855943,0.5004985410049854,-3.585501498376253,5.0,"[1.0, 1.0, 1.0, 1.0, 1.0, 1.0, 1.0]",pure_ml,"{""accelerate"": true}",100.0,hybrid
red,0.7187445598581019,0.5001076786908516,-3.585501498376253,5.0,"[1.0, 1.0, 1.0, 1.0, 1.0, 1.0, 1.0]",pure_ml,"{""accelerate"": true}",100.0,hybrid
red,0.7229030706306097,0.49971681637671794,-3.585501498376253,5.0,"[1.0, 1.0, 1.0, 1.0, 1.0, 1.0, 1.0]",pure_ml,"{""accelerate"": true}",100.0,hybrid
red,0.7270615814031174,0.49932595406258423,-3.585501498376253,5.0,"[1.0, 1.0, 1.0, 1.0, 1.0, 1.0, 1.0]",pure_ml,"{""accelerate"": true}",100.0,hybrid
red,0.731220092175625,0.4989350917484505,-3.585501498376253,5.0,"[1.0, 1.0, 1.0, 1.0, 1.0, 1.0, 1.0]",pure_ml,"{""accelerate"": true}",100.0,hybrid
red,0.7353786029481327,0.4985442294343168,-3.585501498376253,5.0,"[1.0, 1.0, 1.0, 1.0, 1.0, 1.0, 1.0]",pure_ml,"{""accelerate"": true}",100.0,hybrid
red,0.7395371137206403,0.4981533671201831,-3.585501498376253,5.0,"[1.0, 1.0, 1.0, 1.0, 1.0, 1.0, 1.0]",pure_ml,"{""accelerate"": true}",100.0,hybrid
red,0.7436956244931481,0.4977625048060494,-3.585501498376253,5.0,"[1.0, 1.0, 1.0, 1.0, 1.0, 1.0, 1.0]",pure_ml,"{""accelerate"": true}",100.0,hybrid
red,0.7478541352656558,0.4973716424919157,-3.585501498376253,5.0,"[1.0, 1.0, 1.0, 1.0, 1.0, 1.0, 1.0]",pure_ml,"{""accelerate"": true}",100.0,hybrid
red,0.7520126460381634,0.4969807801777819,-3.585501498376253,5.0,"[1.0, 1.0, 1.0, 1.0, 1.0, 1.0, 1.0]",pure_ml,"{""accelerate"": true}",100.0,hybrid
red,0.7561711568106712,0.4965899178636482,-3.585501498376253,5.0,"[1.0, 1.0, 1.0, 1.0, 1.0, 1.0, 1.0]",pure_ml,"{""accelerate"": true}",100.0,hybrid
red,0.7603296675831789,0.4961990555495145,-3.585501498376253,5.0,"[1.0, 1.0, 1.0, 1.0, 1.0, 1.0, 1.0]",pure_ml,"{""accelerate"": true}",100.0,hybrid
red,0.7644881783556865,0.4958081932353808,-3.585501498376253,5.0,"[1.0, 1.0, 1.0, 1.0, 1.0, 1.0, 1.0]",pure_ml,"{""accelerate"": true}",100.0,hybrid
red,0.7686466891281942,0.49541733092124707,-3.585501498376253,5.0,"[1.0, 1.0, 1.0, 1.0, 1.0, 1.0, 1.0]",pure_ml,"{""accelerate"": true}",100.0,hybrid
red,0.7728051999007018,0.49502646860711336,-3.585501498376253,5.0,"[1.0, 1.0, 1.0, 1.0, 1.0, 1.0, 1.0]",pure_ml,"{""accelerate"": true}",100.0,hybrid
red,0.7769637106732096,0.49463560629297965,-3.585501498376253,5.0,"[1.0, 1.0, 1.0, 1.0, 1.0, 1.0, 1.0]",pure_ml,"{""accelerate"": true}",100.0,hybrid
red,0.7811222214457173,0.49424474397884594,-3.585501498376253,5.0,"[1.0, 1.0, 1.0, 1.0, 1.0, 1.0, 1.0]",pure_ml,"{""accelerate"": true}",100.0,hybrid
red,0.7852807322182249,0.4938538816647122,-3.585501498376253,5.0,"[1.0, 1.0, 1.0, 1.0, 1.0, 1.0, 1.0]",pure_ml,"{""accelerate"": true}",100.0,hybrid
red,0.7894392429907326,0.4959630193505785,3.094635849835634,5.0,"[1.0, 1.0, 1.0, 1.0, 1.0, 1.0, 1.0]",pure_ml,"{""accelerate"": true}",100.0,hybrid
red,0.793599833527904,0.49630042764849064,3.094635849835634,5.0,"[1.0, 1.0, 1.0, 1.0, 1.0, 1.0, 1.0]",pure_ml,"{""accelerate"": true}",100.0,hybrid
red,0.7977604240650753,0.49663783594640276,3.094635849835634,5.0,"[1.0, 1.0, 1.0, 1.0, 1.0, 1.0, 1.0]",pure_ml,"{""accelerate"": true}",100.0,hybrid
red,0.8019210146022466,0.49697524424431494,3.094635849835634,5.0,"[1.0, 1.0, 1.0, 1.0, 1.0, 1.0, 1.0]",pure_ml,"{""accelerate"": true}",100.0,hybrid
red,0.8060816051394181,0.49731265254222706,3.094635849835634,5.0,"[1.0, 1.0, 1.0, 1.0, 1.0, 1.0, 1.0]",pure_ml,"{""accelerate"": true}",100.0,hybrid
red,0.8102421956765894,0.4976500608401392,3.094635849835634,5.0,"[1.0, 1.0, 1.0, 1.0, 1.0, 1.0, 1.0]",pure_ml,"{""accelerate"": true}",100.0,hybrid
red,0.8144027862137607,0.4979874691380513,3.094635849835634,5.0,"[1.0, 1.0, 1.0, 1.0, 1.0, 1.0, 1.0]",pure_ml,"{""accelerate"": true}",100.0,hybrid
red,0.818563376750932,0.49832487743596343,3.094635849835634,5.0,"[1.0, 1.0, 1.0, 1.0, 1.0, 1.0, 1.0]",pure_ml,"{""accelerate"": true}",100.0,hybrid
red,0.8227239672881034,0.4986622857338756,3.094635849835634,5.0,"[1.0, 1.0, 1.0, 1.0, 1.0, 1.0, 1.0]",pure_ml,"{""accelerate"": true}",100.0,hybrid
red,0.8268845578252747,0.49899969403178773,3.094635849835634,5.0,"[1.0, 1.0, 1.0, 1.0, 1.0, 1.0, 1.0]",pure_ml,"{""accelerate"": true}",100.0,hybrid
red,0.8310451483624461,0.49933710232969986,3.094635849835634,5.0,"[1.0, 1.0, 1.0, 1.0, 1.0, 1.0, 1.0]",pure_ml,"{""accelerate"": true}",100.0,hybrid
red,0.8352057388996175,0.499674510627612,3.094635849835634,5.0,"[1.0, 1.0, 1.0, 1.0, 1.0, 1.0, 1.0]",pure_ml,"{""accelerate"": true}",100.0,hybrid
red,0.8393663294367888,0.5000119189255241,3.094635849835634,5.0,"[1.0, 1.0, 1.0, 1.0, 1.0, 1.0, 1.0]",pure_ml,"{""accelerate"": true}",100.0,hybrid
red,0.8435269199739601,0.5003493272234363,3.094635849835634,5.0,"[1.0, 1.0, 1.0, 1.0, 1.0, 1.0, 1.0]",pure_ml,"{""accelerate"": true}",100.0,hybrid
red,0.8476875105111314,0.5006867355213483,3.094635849835634,5.0,"[1.0, 1.0, 1.0, 1.0, 1.0, 1.0, 1.0]",pure_ml,"{""accelerate"": true}",100.0,hybrid
red,0.8518481010483028,0.5010241438192605,3.094635849835634,5.0,"[1.0, 1.0, 1.0, 1.0, 1.0, 1.0, 1.0]",pure_ml,"{""accelerate"": true}",100.0,hybrid
red,0.8560086915854742,0.5013615521171727,3.094635849835634,5.0,"[1.0, 1.0, 1.0, 1.0, 1.0, 1.0, 1.0]",pure_ml,"{""accelerate"": true}",100.0,hybrid
red,0.8601692821226457,0.5016989604150848,3.094635849835634,5.0,"[1.0, 1.0, 1.0, 1.0, 1.0, 1.0, 1.0]",pure_ml,"{""accelerate"": true}",100.0,hybrid
red,0.8643298726598171,0.502036368712997,3.094635849835634,5.0,"[1.0, 1.0, 1.0, 1.0, 1.0, 1.0, 1.0]",pure_ml,"{""accelerate"": true}",100.0,hybrid
red,0.8684904631969885,0.502373777010909,3.094635849835634,5.0,"[1.0, 1.0, 1.0, 1.0, 1.0, 1.0, 1.0]",pure_ml,"{""accelerate"": true}",100.0,hybrid
red,0.87265105373416,0.5027111853088212,3.094635849835634,5.0,"[1.0, 1.0, 1.0, 1.0, 1.0, 1.0, 1.0]",pure_ml,"{""accelerate"": true}",100.0,hybrid
red,0.8768116442713314,0.5030485936067334,3.094635849835634,5.0,"[1.0, 1.0, 1.0, 1.0, 1.0, 1.0, 1.0]",pure_ml,"{""accelerate"": true}",100.0,hybrid
red,0.8809722348085028,0.5033860019046454,3.094635849835634,5.0,"[1.0, 1.0, 1.0, 1.0, 1.0, 1.0, 1.0]",pure_ml,"{""accelerate"": true}",100.0,hybrid
red,0.8851328253456743,0.5037234102025576,3.094635849835634,5.0,"[1.0, 1.0, 1.0, 1.0, 1.0, 1.0, 1.0]",pure_ml,"{""accelerate"": true}",100.0,hybrid
red,0.8892934158828457,0.5040608185004697,3.094635849835634,5.0,"[1.0, 1.0, 1.0, 1.0, 1.0, 1.0, 1.0]",pure_ml,"{""accelerate"": true}",100.0,hybrid
red,0.8934540064200172,0.5043982267983819,3.094635849835634,5.0,"[1.0, 1.0, 1.0, 1.0, 1.0, 1.0, 1.0]",pure_ml,"{""accelerate"": true}",100.0,hybrid
red,0.8976145969571886,0.504735635096294,3.094635849835634,5.0,"[1.0, 1.0, 1.0, 1.0, 1.0, 1.0, 1.0]",pure_ml,"{""accelerate"": true}",100.0,hybrid
red,0.9017751874943601,0.5050730433942061,3.094635849835634,5.0,"[1.0, 1.0, 1.0, 1.0, 1.0, 1.0, 1.0]",pure_ml,"{""accelerate"": true}",100.0,hybrid
red,0.9059357780315316,0.5054104516921183,3.094635849835634,5.0,"[1.0, 1.0, 1.0, 1.0, 1.0, 1.0, 1.0]",pure_ml,"{""accelerate"": true}",100.0,hybrid
red,0.910096368568703,0.5057478599900304,3.094635849835634,5.0,"[1.0, 1.0, 1.0, 1.0, 1.0, 1.0, 1.0]",pure_ml,"{""accelerate"": true}",100.0,hybrid
red,0.9142569591058745,0.5060852682879425,3.094635849835634,5.0,"[1.0, 1.0, 1.0, 1.0, 1.0, 1.0, 1.0]",pure_ml,"{""accelerate"": true}",100.0,hybrid
red,0.9184175496430459,0.5039226765858547,-3.5674220371920047,5.0,"[1.0, 1.0, 1.0, 1.0, 1.0, 1.0, 1.0]",pure_ml,"{""accelerate"": true}",100.0,hybrid
red,0.9225761424319142,0.5035337825940851,-3.5674220371920047,5.0,"[1.0, 1.0, 1.0, 1.0, 1.0, 1.0, 1.0]",pure_ml,"{""accelerate"": true}",100.0,hybrid
red,0.9267347352207826,0.5031448886023157,-3.5674220371920047,5.0,"[1.0, 1.0, 1.0, 1.0, 1.0, 1.0, 1.0]",pure_ml,"{""accelerate"": true}",100.0,hybrid
red,0.9308933280096511,0.5027559946105461,-3.5674220371920047,5.0,"[1.0, 1.0, 1.0, 1.0, 1.0, 1.0, 1.0]",pure_ml,"{""accelerate"": true}",100.0,hybrid
red,0.9350519207985195,0.5023671006187765,-3.5674220371920047,5.0,"[1.0, 1.0, 1.0, 1.0, 1.0, 1.0, 1.0]",pure_ml,"{""accelerate"": true}",100.0,hybrid
red,0.9392105135873879,0.5019782066270071,-3.5674220371920047,5.0,"[1.0, 1.0, 1.0, 1.0, 1.0, 1.0, 1.0]",pure_ml,"{""accelerate"": true}",100.0,hybrid
red,0.9433691063762564,0.5015893126352375,-3.5674220371920047,5.0,"[1.0, 1.0, 1.0, 1.0, 1.0, 1.0, 1.0]",pure_ml,"{""accelerate"": true}",100.0,hybrid
red,0.9475276991651248,0.501200418643468,-3.5674220371920047,5.0,"[1.0, 1.0, 1.0, 1.0, 1.0, 1.0, 1.0]",pure_ml,"{""accelerate"": true}",100.0,hybrid
red,0.9516862919539932,0.5008115246516985,-3.5674220371920047,5.0,"[1.0, 1.0, 1.0, 1.0, 1.0, 1.0, 1.0]",pure_ml,"{""accelerate"": true}",100.0,hybrid
red,0.9558448847428616,0.500422630659929,-3.5674220371920047,5.0,"[1.0, 1.0, 1.0, 1.0, 1.0, 1.0, 1.0]",pure_ml,"{""accelerate"": true}",100.0,hybrid
red,0.96000347753173,0.5000337366681594,-3.5674220371920047,5.0,"[1.0, 1.0, 1.0, 1.0, 1.0, 1.0, 1.0]",pure_ml,"{""accelerate"": true}",100.0,hybrid
red,0.9641620703205984,0.4996448426763899,-3.5674220371920047,5.0,"[1.0, 1.0, 1.0, 1.0, 1.0, 1.0, 1.0]",pure_ml,"{""accelerate"": true}",100.0,hybrid
red,0.9683206631094669,0.4992559486846204,-3.5674220371920047,5.0,"[1.0, 1.0, 1.0, 1.0, 1.0, 1.0, 1.0]",pure_ml,"{""accelerate"": true}",100.0,hybrid
red,0.9724792558983353,0.4988670546928509,-3.5674220371920047,5.0,"[1.0, 1.0, 1.0, 1.0, 1.0, 1.0, 1.0]",pure_ml,"{""accelerate"": true}",100.0,hybrid
red,0.9766378486872037,0.49847816070108136,-3.5674220371920047,5.0,"[1.0, 1.0, 1.0, 1.0, 1.0, 1.0, 1.0]",pure_ml,"{""accelerate"": true}",100.0,hybrid
red,0.9807964414760721,0.49808926670931186,-3.5674220371920047,5.0,"[1.0, 1.0, 1.0, 1.0, 1.0, 1.0, 1.0]",pure_ml,"{""accelerate"": true}",100.0,hybrid
red,0.9849550342649406,0.49770037271754236,-3.5674220371920047,5.0,"[1.0, 1.0, 1.0, 1.0, 1.0, 1.0, 1.0]",pure_ml,"{""accelerate"": true}",100.0,hybrid
red,0.989113627053809,0.4973114787257728,-3.5674220371920047,5.0,"[1.0, 1.0, 1.0, 1.0, 1.0, 1.0, 1.0]",pure_ml,"{""accelerate"": true}",85.0,hybrid
red,0.9932722198426773,0.4969225847340033,-3.5674220371920047,5.0,"[1.0, 1.0, 1.0, 1.0, 1.0, 1.0, 1.0]",pure_ml,"{""accelerate"": true}",85.0,hybrid
red,0.9974308126315458,0.49653369074223375,-3.5674220371920047,5.0,"[1.0, 1.0, 1.0, 1.0, 1.0, 1.0, 1.0]",pure_ml,"{""accelerate"": true}",85.0,hybrid
red,1.0015894054204142,0.49614479675046425,-3.5674220371920047,5.0,"[1.0, 1.0, 1.0, 1.0, 1.0, 1.0, 1.0]",pure_ml,"{""accelerate"": true}",85.0,hybrid
red,1.0057479982092827,0.49575590275869474,-3.5674220371920047,5.0,"[1.0, 1.0, 1.0, 1.0, 1.0, 1.0, 1.0]",pure_ml,"{""accelerate"": true}",85.0,hybrid
red,1.009906590998151,0.4953670087669252,-3.5674220371920047,5.0,"[1.0, 1.0, 1.0, 1.0, 1.0, 1.0, 1.0]",pure_ml,"{""accelerate"": true}",85.0,hybrid
red,-0.0125,0.4949781147751557,-56.29831653286947,5.0,"[1.0, 1.0, 1.0, 1.0, 1.0, 1.0, 1.0]",pure_ml,"{""accelerate"": true}",-30.0,hybrid
red,-0.010188046367827714,0.4922785034044817,-50.77851657684519,5.0,"[1.0, 1.0, 1.0, 1.0, 1.0, 1.0, 1.0]",pure_ml,"{""accelerate"": true}",-30.0,hybrid
red,-0.0075533804150040304,0.4899365818372399,-44.740150002913005,5.0,"[1.0, 1.0, 1.0, 1.0, 1.0, 1.0, 1.0]",pure_ml,"{""accelerate"": true}",70.0,hybrid
green,-0.004593770432773893,0.48803725294587047,-38.26695836376292,5.0,"[1.0, 1.0, 1.0, 1.0, 1.0, 1.0, 1.0]",pure_ml,"{""accelerate"": true}",70.0,hybrid
green,-0.0013223801931839373,0.486666463197549,-31.469167850278644,5.0,"[1.0, 1.0, 1.0, 1.0, 1.0, 1.0, 1.0]",pure_ml,"{""accelerate"": true}",58.0,hybrid
green,0.0022314581782206435,0.48590371529626275,-24.471275125760883,5.0,"[1.0, 1.0, 1.0, 1.0, 1.0, 1.0, 1.0]",pure_ml,"{""accelerate"": true}",58.0,hybrid
green,0.006023829262917544,0.4858147341258217,-17.39873915725399,5.0,"[1.0, 1.0, 1.0, 1.0, 1.0, 1.0, 1.0]",pure_ml,"{""accelerate"": true}",58.0,hybrid
green,0.009999858050143456,0.4864458604176516,-10.366917611420043,5.0,"[1.0, 1.0, 1.0, 1.0, 1.0, 1.0, 1.0]",pure_ml,"{""accelerate"": true}",73.0,hybrid
green,0.014098506125119864,0.48782116539038534,-3.4739922070723077,5.0,"[1.0, 1.0, 1.0, 1.0, 1.0, 1.0, 1.0]",pure_ml,"{""accelerate"": true}",100.0,hybrid
green,0.018257516153630218,0.4899424437760191,3.2020680527233436,5.0,"[1.0, 1.0, 1.0, 1.0, 1.0, 1.0, 1.0]",pure_ml,"{""accelerate"": true}",100.0,hybrid
green,0.022417677606512816,0.49279155341980874,9.603457819794873,5.0,"[1.0, 1.0, 1.0, 1.0, 1.0, 1.0, 1.0]",pure_ml,"{""accelerate"": true}",100.0,hybrid
green,0.026525952484530754,0.4938342299923637,9.603457819794873,5.0,"[1.0, 1.0, 1.0, 1.0, 1.0, 1.0, 1.0]",pure_ml,"{""accelerate"": true}",100.0,hybrid
green,0.030634227362548696,0.49487690656491873,9.603457819794873,5.0,"[1.0, 1.0, 1.0, 1.0, 1.0, 1.0, 1.0]",pure_ml,"{""accelerate"": true}",100.0,hybrid
green,0.03474250224056664,0.4959195831374737,9.603457819794873,5.0,"[1.0, 1.0, 1.0, 1.0, 1.0, 1.0, 1.0]",pure_ml,"{""accelerate"": true}",100.0,hybrid
green,0.03885077711858458,0.49696225971002866,9.603457819794873,5.0,"[1.0, 1.0, 1.0, 1.0, 1.0, 1.0, 1.0]",pure_ml,"{""accelerate"": true}",100.0,hybrid
green,0.04295905199660252,0.49800493628258363,9.603457819794873,5.0,"[1.0, 1.0, 1.0, 1.0, 1.0, 1.0, 1.0]",pure_ml,"{""accelerate"": true}",100.0,hybrid
green,0.047067326874620466,0.49904761285513866,9.603457819794873,5.0,"[1.0, 1.0, 1.0, 1.0, 1.0, 1.0, 1.0]",pure_ml,"{""accelerate"": true}",100.0,hybrid
green,0.051175601752638404,0.5000902894276936,9.603457819794873,5.0,"[1.0, 1.0, 1.0, 1.0, 1.0, 1.0, 1.0]",pure_ml,"{""accelerate"": true}",100.0,hybrid
green,0.05528387663065634,0.5011329660002486,9.603457819794873,5.0,"[1.0, 1.0, 1.0, 1.0, 1.0, 1.0, 1.0]",pure_ml,"{""accelerate"": true}",100.0,hybrid
green,0.05939215150867428,0.5021756425728036,9.603457819794873,5.0,"[1.0, 1.0, 1.0, 1.0, 1.0, 1.0, 1.0]",pure_ml,"{""accelerate"": true}",100.0,hybrid
green,0.06350042638669223,0.5032183191453585,9.603457819794873,5.0,"[1.0, 1.0, 1.0, 1.0, 1.0, 1.0, 1.0]",pure_ml,"{""accelerate"": true}",100.0,hybrid
green,0.06760870126471016,0.5042609957179135,9.603457819794873,5.0,"[1.0, 1.0, 1.0, 1.0, 1.0, 1.0, 1.0]",pure_ml,"{""accelerate"": true}",100.0,hybrid
green,0.07171697614272811,0.5053036722904686,9.603457819794873,5.0,"[1.0, 1.0, 1.0, 1.0, 1.0, 1.0, 1.0]",pure_ml,"{""accelerate"": true}",100.0,hybrid
green,0.07582525102074605,0.5038463488630235,2.7308595855366065,5.0,"[1.0, 1.0, 1.0, 1.0, 1.0, 1.0, 1.0]",pure_ml,"{""accelerate"": true}",100.0,hybrid
green,0.07998718584774377,0.5041441266587084,2.7308595855366065,5.0,"[1.0, 1.0, 1.0, 1.0, 1.0, 1.0, 1.0]",pure_ml,"{""accelerate"": true}",100.0,hybrid
green,0.08414912067474148,0.5044419044543933,2.7308595855366065,5.0,"[1.0, 1.0, 1.0, 1.0, 1.0, 1.0, 1.0]",pure_ml,"{""accelerate"": true}",100.0,hybrid
green,0.08831105550173919,0.5047396822500783,2.7308595855366065,5.0,"[1.0, 1.0, 1.0, 1.0, 1.0, 1.0, 1.0]",pure_ml,"{""accelerate"": true}",100.0,hybrid
green,0.09247299032873692,0.5050374600457631,2.7308595855366065,5.0,"[1.0, 1.0, 1.0, 1.0, 1.0, 1.0, 1.0]",pure_ml,"{""accelerate"": true}",100.0,hybrid
green,0.09663492515573463,0.5053352378414481,2.7308595855366065,5.0,"[1.0, 1.0, 1.0, 1.0, 1.0, 1.0, 1.0]",pure_ml,"{""accelerate"": true}",100.0,hybrid
green,0.10079685998273234,0.5056330156371329,2.7308595855366065,5.0,"[1.0, 1.0, 1.0, 1.0, 1.0, 1.0, 1.0]",pure_ml,"{""accelerate"": true}",100.0,hybrid
green,0.10495879480973005,0.5059307934328179,2.7308595855366065,5.0,"[1.0, 1.0, 1.0, 1.0, 1.0, 1.0, 1.0]",pure_ml,"{""accelerate"": true}",100.0,hybrid
green,0.10912072963672777,0.5062285712285027,2.7308595855366065,5.0,"[1.0, 1.0, 1.0, 1.0, 1.0, 1.0, 1.0]",pure_ml,"{""accelerate"": true}",100.0,hybrid
green,0.11328266446372548,0.5040263490241876,-3.9175806013397585,5.0,"[1.0, 1.0, 1.0, 1.0, 1.0, 1.0, 1.0]",pure_ml,"{""accelerate"": true}",100.0,hybrid
green,0.11743959513914326,0.503599340172425,-3.9175806013397585,5.0,"[1.0, 1.0, 1.0, 1.0, 1.0, 1.0, 1.0]",pure_ml,"{""accelerate"": true}",100.0,hybrid
green,0.12159652581456105,0.5031723313206623,-3.9175806013397585,5.0,"[1.0, 1.0, 1.0, 1.0, 1.0, 1.0, 1.0]",pure_ml,"{""accelerate"": true}",100.0,hybrid
green,0.12575345648997885,0.5027453224688997,-3.9175806013397585,5.0,"[1.0, 1.0, 1.0, 1.0, 1.0, 1.0, 1.0]",pure_ml,"{""accelerate"": true}",100.0,hybrid
green,0.12991038716539663,0.502318313617137,-3.9175806013397585,5.0,"[1.0, 1.0, 1.0, 1.0, 1.0, 1.0, 1.0]",pure_ml,"{""accelerate"": true}",100.0,hybrid
green,0.1340673178408144,0.5018913047653744,-3.9175806013397585,5.0,"[1.0, 1.0, 1.0, 1.0, 1.0, 1.0, 1.0]",pure_ml,"{""accelerate"": true}",100.0,hybrid
green,0.1382242485162322,0.5014642959136117,-3.9175806013397585,5.0,"[1.0, 1.0, 1.0, 1.0, 1.0, 1.0, 1.0]",pure_ml,"{""accelerate"": true}",100.0,hybrid
green,0.14238117919165,0.501037287061849,-3.9175806013397585,5.0,"[1.0, 1.0, 1.0, 1.0, 1.0, 1.0, 1.0]",pure_ml,"{""accelerate"": true}",100.0,hybrid
green,0.14653810986706778,0.5006102782100864,-3.9175806013397585,5.0,"[1.0, 1.0, 1.0, 1.0, 1.0, 1.0, 1.0]",pure_ml,"{""accelerate"": true}",100.0,hybrid
green,0.15069504054248556,0.5001832693583237,-3.9175806013397585,5.0,"[1.0, 1.0, 1.0, 1.0, 1.0, 1.0, 1.0]",pure_ml,"{""accelerate"": true}",100.0,hybrid
green,0.15485197121790337,0.499756260506561,-3.9175806013397585,5.0,"[1.0, 1.0, 1.0, 1.0, 1.0, 1.0, 1.0]",pure_ml,"{""accelerate"": true}",100.0,hybrid
green,0.15900890189332115,0.49932925165479836,-3.9175806013397585,5.0,"[1.0, 1.0, 1.0, 1.0, 1.0, 1.0, 1.0]",pure_ml,"{""accelerate"": true}",100.0,hybrid
green,0.16316583256873893,0.4989022428030357,-3.9175806013397585,5.0,"[1.0, 1.0, 1.0, 1.0, 1.0, 1.0, 1.0]",pure_ml,"{""accelerate"": true}",100.0,hybrid
green,0.1673227632441567,0.498475233951273,-3.9175806013397585,5.0,"[1.0, 1.0, 1.0, 1.0, 1.0, 1.0, 1.0]",pure_ml,"{""accelerate"": true}",100.0,hybrid
green,0.17147969391957452,0.49804822509951036,-3.9175806013397585,5.0,"[1.0, 1.0, 1.0, 1.0, 1.0, 1.0, 1.0]",pure_ml,"{""accelerate"": true}",100.0,hybrid
green,0.1756366245949923,0.4976212162477477,-3.9175806013397585,5.0,"[1.0, 1.0, 1.0, 1.0, 1.0, 1.0, 1.0]",pure_ml,"{""accelerate"": true}",100.0,hybrid
green,0.17979355527041008,0.497194207395985,-3.9175806013397585,5.0,"[1.0, 1.0, 1.0, 1.0, 1.0, 1.0, 1.0]",pure_ml,"{""accelerate"": true}",100.0,hybrid
green,0.18395048594582786,0.49676719854422235,-3.9175806013397585,5.0,"[1.0, 1.0, 1.0, 1.0, 1.0, 1.0, 1.0]",pure_ml,"{""accelerate"": true}",100.0,hybrid
green,0.18810741662124567,0.49634018969245974,-3.9175806013397585,5.0,"[1.0, 1.0, 1.0, 1.0, 1.0, 1.0, 1.0]",pure_ml,"{""accelerate"": true}",100.0,hybrid
green,0.19226434729666345,0.4959131808406971,-3.9175806013397585,5.0,"[1.0, 1.0, 1.0, 1.0, 1.0, 1.0, 1.0]",pure_ml,"{""accelerate"": true}",100.0,hybrid
green,0.19642127797208123,0.4954861719889344,-3.9175806013397585,5.0,"[1.0, 1.0, 1.0, 1.0, 1.0, 1.0, 1.0]",pure_ml,"{""accelerate"": true}",100.0,hybrid
green,0.200578208647499,0.49505916313717174,-3.9175806013397585,5.0,"[1.0, 1.0, 1.0, 1.0, 1.0, 1.0, 1.0]",pure_ml,"{""accelerate"": true}",100.0,hybrid
green,0.20473513932291681,0.4946321542854091,-3.9175806013397585,5.0,"[1.0, 1.0, 1.0, 1.0, 1.0, 1.0, 1.0]",pure_ml,"{""accelerate"": true}",100.0,hybrid
green,0.2088920699983346,0.4942051454336464,-3.9175806013397585,5.0,"[1.0, 1.0, 1.0, 1.0, 1.0, 1.0, 1.0]",pure_ml,"{""accelerate"": true}",100.0,hybrid
green,0.21304900067375238,0.49377813658188374,-3.9175806013397585,5.0,"[1.0, 1.0, 1.0, 1.0, 1.0, 1.0, 1.0]",pure_ml,"{""accelerate"": true}",100.0,hybrid
green,0.21720593134917018,0.4958511277301211,2.774593324612542,5.0,"[1.0, 1.0, 1.0, 1.0, 1.0, 1.0, 1.0]",pure_ml,"{""accelerate"": true}",100.0,hybrid
green,0.2213677134350164,0.49615367063177507,2.774593324612542,5.0,"[1.0, 1.0, 0.6, 1.0, 1.0, 1.0, 1.0]",pure_ml,"{""accelerate"": true}",92.0,hybrid
green,0.2255294955208626,0.4964562135334291,2.774593324612542,5.0,"[1.0, 1.0, 0.5666666666666667, 1.0, 1.0, 1.0, 1.0]",pure_ml,"{""accelerate"": true}",92.0,hybrid
green,0.22969127760670882,0.4967587564350831,2.774593324612542,5.0,"[1.0, 1.0, 0.52, 1.0, 1.0, 1.0, 1.0]",pure_ml,"{""accelerate"": true}",42.0,hybrid
green,0.23385305969255502,0.49706129933673715,2.774593324612542,5.0,"[1.0, 1.0, 0.48, 1.0, 1.0, 1.0, 1.0]",pure_ml,"{""accelerate"": true}",42.0,hybrid
green,0.23801484177840124,0.4973638422383912,2.774593324612542,5.0,"[1.0, 1.0, 0.44, 1.0, 1.0, 1.0, 1.0]",pure_ml,"{""accelerate"": true}",42.0,hybrid
green,0.24217662386424743,0.4976663851400452,2.774593324612542,5.0,"[1.0, 1.0, 0.3933333333333333, 1.0, 1.0, 1.0, 1.0]",pure_ml,"{""accelerate"": true}",-58.0,hybrid
green,0.24633840595009365,0.49796892804169923,2.774593324612542,5.0,"[1.0, 0.44666666666666666, 0.35333333333333333, 1.0, 1.0, 1.0, 1.0]",pure_ml,"{""accelerate"": true}",-58.0,hybrid
green,0.2505001880359399,0.4982714709433532,2.774593324612542,5.0,"[1.0, 0.3933333333333333, 0.31333333333333335, 1.0, 1.0, 1.0, 1.0]",pure_ml,"{""accelerate"": true}",-58.0,hybrid
green,0.25466197012178604,0.49857401384500727,2.774593324612542,5.0,"[1.0, 0.34, 0.26666666666666666, 1.0, 1.0, 1.0, 1.0]",pure_ml,"{""accelerate"": true}",-58.0,hybrid
green,0.25882375220763226,0.49887655674666126,2.774593324612542,5.0,"[1.0, 0.2866666666666667, 0.22666666666666666, 1.0, 1.0, 1.0, 1.0]",pure_ml,"{""accelerate"": true}",-208.0,hybrid
green,0.2629855342934785,0.4991790996483153,2.774593324612542,5.0,"[1.0, 0.23333333333333334, 0.2, 1.0, 1.0, 1.0, 1.0]",pure_ml,"{""accelerate"": true}",-208.0,hybrid
green,0.2671473163793247,0.4994816425499693,2.774593324612542,4.95,"[1.0, 0.18, 0.20666666666666667, 1.0, 1.0, 1.0, 1.0]",pure_ml,"{""turn_left"": true}",-183.4,hybrid
green,0.2712657820207933,0.49913350757600844,-3.2254066753874584,5.0,"[1.0, 0.14, 0.16666666666666666, 1.0, 1.0, 1.0, 1.0]",pure_ml,"{""accelerate"": true}",-208.0,hybrid
green,0.27542584832530714,0.4987818560871591,-3.2254066753874584,5.0,"[1.0, 0.09333333333333334, 0.16, 1.0, 1.0, 1.0, 1.0]",pure_ml,"{""accelerate"": true}",-408.0,hybrid
green,0.27958591462982096,0.4984302045983097,-3.2254066753874584,5.0,"[1.0, 0.09333333333333334, 0.16, 1.0, 1.0, 1.0, 1.0]",pure_ml,"{""accelerate"": true}",-408.0,hybrid
green,0.28374598093433484,0.49807855310946036,-3.2254066753874584,4.95,"[0.06, 0.08, 0.14, 1.0, 1.0, 1.0, 1.0]",pure_ml,"{""turn_left"": true}",-383.4,hybrid
green,0.2878176251808721,0.4970865799285278,-9.225406675387458,5.0,"[0.06, 0.07333333333333333, 0.11333333333333333, 1.0, 1.0, 1.0, 1.0]",pure_ml,"{""accelerate"": true}",-408.0,hybrid
green,0.2919303971470714,0.4960845868164747,-9.225406675387458,5.0,"[0.05333333333333334, 0.06666666666666667, 0.1, 1.0, 1.0, 1.0, 1.0]",pure_ml,"{""accelerate"": true}",-1408.0,hybrid
green,0.2960431691132707,0.4950825937044216,-9.225406675387458,5.0,"[0.04666666666666667, 0.06, 0.09333333333333334, 1.0, 1.0, 1.0, 1.0]",pure_ml,"{""accelerate"": true}",-1408.0,hybrid
green,0.30015594107947,0.4940806005923685,-9.225406675387458,5.0,"[0.04, 0.04666666666666667, 1.0, 1.0, 1.0, 1.0, 1.0]",pure_ml,"{""accelerate"": true}",-1408.0,hybrid
green,0.3042687130456693,0.49557860748031546,-2.363230364464445,5.0,"[0.03333333333333333, 1.0, 1.0, 1.0, 1.0, 1.0, 1.0]",pure_ml,"{""accelerate"": true}",-1408.0,hybrid
green,0.30843183595444673,0.49532089212487757,-2.363230364464445,5.0,"[1.0, 1.0, 1.0, 1.0, 1.0, 1.0, 1.0]",pure_ml,"{""accelerate"": true}",-900.0,hybrid
green,0.31259495886322414,0.4950631767694397,-2.363230364464445,5.0,"[1.0, 1.0, 1.0, 1.0, 1.0, 1.0, 1.0]",pure_ml,"{""accelerate"": true}",100.0,hybrid
green,0.31675808177200154,0.4948054614140018,-2.363230364464445,5.0,"[1.0, 1.0, 1.0, 1.0, 1.0, 1.0, 1.0]",pure_ml,"{""accelerate"": true}",100.0,hybrid
green,0.32092120468077895,0.4945477460585639,-2.363230364464445,5.0,"[1.0, 1.0, 1.0, 1.0, 1.0, 1.0, 1.0]",pure_ml,"{""accelerate"": true}",100.0,hybrid
green,0.32508432758955635,0.49429003070312594,-2.363230364464445,5.0,"[1.0, 1.0, 1.0, 1.0, 1.0, 1.0, 1.0]",pure_ml,"{""accelerate"": true}",100.0,hybrid
green,0.32924745049833376,0.49403231534768804,-2.363230364464445,5.0,"[1.0, 1.0, 1.0, 1.0, 1.0, 1.0, 1.0]",pure_ml,"{""accelerate"": true}",100.0,hybrid
green,0.33341057340711117,0.49377459999225015,-2.363230364464445,5.0,"[1.0, 1.0, 1.0, 1.0, 1.0, 1.0, 1.0]",pure_ml,"{""accelerate"": true}",100.0,hybrid
green,0.33757369631588857,0.49601688463681226,4.271260184676973,5.0,"[1.0, 1.0, 1.0, 1.0, 1.0, 1.0, 1.0]",pure_ml,"{""accelerate"": true}",100.0,hybrid
green,0.34172879055644584,0.4964823754178144,4.271260184676973,5.0,"[1.0, 1.0, 1.0, 1.0, 1.0, 1.0, 1.0]",pure_ml,"{""accelerate"": true}",100.0,hybrid
green,0.34588388479700305,0.49694786619881653,4.271260184676973,5.0,"[1.0, 1.0, 1.0, 1.0, 1.0, 1.0, 1.0]",pure_ml,"{""accelerate"": true}",100.0,hybrid
green,0.35003897903756026,0.4974133569798187,4.271260184676973,5.0,"[1.0, 1.0, 1.0, 1.0, 1.0, 1.0, 1.0]",pure_ml,"{""accelerate"": true}",100.0,hybrid
green,0.35419407327811747,0.4978788477608208,4.271260184676973,5.0,"[1.0, 1.0, 1.0, 1.0, 1.0, 1.0, 1.0]",pure_ml,"{""accelerate"": true}",100.0,hybrid
green,0.35834916751867474,0.4983443385418229,4.271260184676973,5.0,"[1.0, 1.0, 1.0, 1.0, 1.0, 1.0, 1.0]",pure_ml,"{""accelerate"": true}",100.0,hybrid
green,0.36250426175923195,0.4988098293228251,4.271260184676973,5.0,"[1.0, 1.0, 1.0, 1.0, 1.0, 1.0, 1.0]",pure_ml,"{""accelerate"": true}",100.0,hybrid
green,0.36665935599978916,0.4992753201038272,4.271260184676973,5.0,"[1.0, 1.0, 1.0, 1.0, 1.0, 1.0, 1.0]",pure_ml,"{""accelerate"": true}",100.0,hybrid
green,0.3708144502403464,0.49974081088482936,4.271260184676973,5.0,"[1.0, 1.0, 1.0, 1.0, 1.0, 1.0, 1.0]",pure_ml,"{""accelerate"": true}",100.0,hybrid
green,0.37496954448090364,0.5002063016658315,4.271260184676973,5.0,"[1.0, 1.0, 1.0, 1.0, 1.0, 1.0, 1.0]",pure_ml,"{""accelerate"": true}",100.0,hybrid
green,0.37912463872146085,0.5006717924468336,4.271260184676973,5.0,"[1.0, 1.0, 1.0, 1.0, 1.0, 1.0, 1.0]",pure_ml,"{""accelerate"": true}",100.0,hybrid
green,0.3832797329620181,0.5011372832278357,4.271260184676973,5.0,"[1.0, 1.0, 1.0, 1.0, 1.0, 1.0, 1.0]",pure_ml,"{""accelerate"": true}",100.0,hybrid
green,0.3874348272025753,0.5016027740088379,4.271260184676973,5.0,"[1.0, 1.0, 1.0, 1.0, 1.0, 1.0, 1.0]",pure_ml,"{""accelerate"": true}",100.0,hybrid
green,0.39158992144313254,0.50206826478984,4.271260184676973,5.0,"[1.0, 1.0, 1.0, 1.0, 1.0, 1.0, 1.0]",pure_ml,"{""accelerate"": true}",100.0,hybrid
green,0.39574501568368975,0.5025337555708421,4.271260184676973,5.0,"[1.0, 1.0, 1.0, 1.0, 1.0, 1.0, 1.0]",pure_ml,"{""accelerate"": true}",100.0,hybrid
green,0.399900109924247,0.5029992463518442,4.271260184676973,5.0,"[1.0, 1.0, 1.0, 1.0, 1.0, 1.0, 1.0]",pure_ml,"{""accelerate"": true}",100.0,hybrid
green,0.4040552041648042,0.5034647371328463,4.271260184676973,5.0,"[1.0, 1.0, 1.0, 1.0, 1.0, 1.0, 1.0]",pure_ml,"{""accelerate"": true}",100.0,hybrid
green,0.40821029840536144,0.5039302279138486,4.271260184676973,5.0,"[1.0, 1.0, 1.0, 1.0, 1.0, 1.0, 1.0]",pure_ml,"{""accelerate"": true}",100.0,hybrid
green,0.4123653926459187,0.5043957186948507,4.271260184676973,5.0,"[1.0, 1.0, 1.0, 1.0, 1.0, 1.0, 1.0]",pure_ml,"{""accelerate"": true}",100.0,hybrid
green,0.4165204868864759,0.5048612094758528,4.271260184676973,5.0,"[1.0, 1.0, 1.0, 1.0, 1.0, 1.0, 1.0]",pure_ml,"{""accelerate"": true}",100.0,hybrid
green,0.4206755811270331,0.5053267002568549,4.271260184676973,5.0,"[1.0, 1.0, 1.0, 1.0, 1.0, 1.0, 1.0]",pure_ml,"{""accelerate"": true}",100.0,hybrid
green,0.4248306753675904,0.505792191037857,4.271260184676973,5.0,"[1.0, 1.0, 1.0, 1.0, 1.0, 1.0, 1.0]",pure_ml,"{""accelerate"": true}",100.0,hybrid
green,0.4289857696081476,0.5037576818188592,-2.4335590090059616,5.0,"[1.0, 1.0, 1.0, 1.0, 1.0, 1.0, 1.0]",pure_ml,"{""accelerate"": true}",100.0,hybrid
green,0.43314867848945027,0.5034923015192224,-2.4335590090059616,5.0,"[1.0, 1.0, 1.0, 1.0, 1.0, 1.0, 1.0]",pure_ml,"{""accelerate"": true}",100.0,hybrid
green,0.43731158737075293,0.5032269212195857,-2.4335590090059616,5.0,"[1.0, 1.0, 1.0, 1.0, 1.0, 1.0, 1.0]",pure_ml,"{""accelerate"": true}",100.0,hybrid
green,0.44147449625205565,0.5029615409199489,-2.4335590090059616,5.0,"[1.0, 1.0, 1.0, 1.0, 1.0, 1.0, 1.0]",pure_ml,"{""accelerate"": true}",100.0,hybrid
green,0.4456374051333583,0.5026961606203122,-2.4335590090059616,5.0,"[1.0, 1.0, 1.0, 1.0, 1.0, 1.0, 1.0]",pure_ml,"{""accelerate"": true}",100.0,hybrid
green,0.449800314014661,0.5024307803206755,-2.4335590090059616,5.0,"[0.7066666666666667, 1.0, 1.0, 1.0, 1.0, 1.0, 1.0]",pure_ml,"{""accelerate"": true}",97.0,hybrid
green,0.45396322289596364,0.5021654000210387,-2.4335590090059616,5.0,"[0.7066666666666667, 1.0, 1.0, 1.0, 1.0, 1.0, 1.0]",pure_ml,"{""accelerate"": true}",97.0,hybrid
green,0.4581261317772663,0.501900019721402,-2.4335590090059616,5.0,"[0.6933333333333334, 1.0, 1.0, 1.0, 1.0, 1.0, 1.0]",pure_ml,"{""accelerate"": true}",97.0,hybrid
green,0.462289040658569,0.5016346394217652,-2.4335590090059616,5.0,"[0.6933333333333334, 1.0, 1.0, 1.0, 1.0, 1.0, 1.0]",pure_ml,"{""accelerate"": true}",97.0,hybrid
green,0.4664519495398717,0.5013692591221285,-2.4335590090059616,5.0,"[0.6933333333333334, 1.0, 1.0, 1.0, 1.0, 1.0, 1.0]",pure_ml,"{""accelerate"": true}",97.0,hybrid
green,0.47061485842117434,0.5011038788224917,-2.4335590090059616,5.0,"[0.6866666666666666, 1.0, 1.0, 1.0, 1.0, 1.0, 1.0]",pure_ml,"{""accelerate"": true}",97.0,hybrid
green,0.474777767302477,0.500838498522855,-2.4335590090059616,5.0,"[0.68, 1.0, 1.0, 1.0, 1.0, 1.0, 1.0]",pure_ml,"{""accelerate"": true}",97.0,hybrid
green,0.4789406761837797,0.5005731182232183,-2.4335590090059616,5.0,"[0.6733333333333333, 1.0, 1.0, 1.0, 1.0, 1.0, 1.0]",pure_ml,"{""accelerate"": true}",97.0,hybrid
green,0.4831035850650824,0.5003077379235815,-2.4335590090059616,5.0,"[0.6733333333333333, 1.0, 1.0, 1.0, 1.0, 1.0, 1.0]",pure_ml,"{""accelerate"": true}",97.0,hybrid
green,0.48726649394638505,0.5000423576239448,-2.4335590090059616,5.0,"[1.0, 1.0, 1.0, 1.0, 1.0, 1.0, 1.0]",pure_ml,"{""accelerate"": true}",100.0,hybrid
green,0.4914294028276877,0.499776977324308,-2.4335590090059616,5.0,"[1.0, 1.0, 1.0, 1.0, 1.0, 1.0, 1.0]",pure_ml,"{""accelerate"": true}",100.0,hybrid
green,0.4955923117089904,0.49951159702467124,-2.4335590090059616,5.0,"[1.0, 1.0, 1.0, 1.0, 1.0, 1.0, 1.0]",pure_ml,"{""accelerate"": true}",100.0,hybrid
green,0.4997552205902931,0.4992462167250345,-2.4335590090059616,5.0,"[1.0, 1.0, 1.0, 1.0, 1.0, 1.0, 1.0]",pure_ml,"{""accelerate"": true}",100.0,hybrid
green,0.5039181294715958,0.49898083642539776,-2.4335590090059616,5.0,"[1.0, 1.0, 1.0, 1.0, 1.0, 1.0, 1.0]",pure_ml,"{""accelerate"": true}",100.0,hybrid
green,0.5080810383528984,0.498715456125761,-2.4335590090059616,5.0,"[1.0, 1.0, 1.0, 1.0, 1.0, 1.0, 1.0]",pure_ml,"{""accelerate"": true}",100.0,hybrid
green,0.5122439472342011,0.4984500758261243,-2.4335590090059616,5.0,"[1.0, 1.0, 1.0, 1.0, 1.0, 1.0, 1.0]",pure_ml,"{""accelerate"": true}",100.0,hybrid
green,0.5164068561155037,0.4981846955264875,-2.4335590090059616,5.0,"[1.0, 1.0, 1.0, 1.0, 1.0, 1.0, 1.0]",pure_ml,"{""accelerate"": true}",100.0,hybrid
green,0.5205697649968064,0.49791931522685073,-2.4335590090059616,5.0,"[1.0, 1.0, 1.0, 1.0, 1.0, 1.0, 1.0]",pure_ml,"{""accelerate"": true}",100.0,hybrid
green,0.5247326738781091,0.497653934927214,-2.4335590090059616,5.0,"[1.0, 1.0, 1.0, 1.0, 1.0, 1.0, 1.0]",pure_ml,"{""accelerate"": true}",100.0,hybrid
green,0.5288955827594118,0.49738855462757725,-2.4335590090059616,5.0,"[1.0, 1.0, 1.0, 1.0, 1.0, 1.0, 1.0]",pure_ml,"{""accelerate"": true}",100.0,hybrid
green,0.5330584916407145,0.4971231743279405,-2.4335590090059616,5.0,"[1.0, 1.0, 1.0, 1.0, 1.0, 1.0, 1.0]",pure_ml,"{""accelerate"": true}",100.0,hybrid
green,0.5372214005220172,0.49685779402830377,-2.4335590090059616,5.0,"[1.0, 1.0, 1.0, 1.0, 1.0, 1.0, 1.0]",pure_ml,"{""accelerate"": true}",100.0,hybrid
green,0.5413843094033198,0.496592413728667,-2.4335590090059616,5.0,"[1.0, 1.0, 1.0, 1.0, 1.0, 1.0, 1.0]",pure_ml,"{""accelerate"": true}",100.0,hybrid
green,0.5455472182846225,0.4963270334290303,-2.4335590090059616,5.0,"[1.0, 1.0, 1.0, 1.0, 1.0, 1.0, 1.0]",pure_ml,"{""accelerate"": true}",100.0,hybrid
green,0.5497101271659252,0.49606165312939354,-2.4335590090059616,5.0,"[1.0, 1.0, 1.0, 1.0, 1.0, 1.0, 1.0]",pure_ml,"{""accelerate"": true}",100.0,hybrid
green,0.5538730360472278,0.4957962728297568,-2.4335590090059616,5.0,"[1.0, 1.0, 1.0, 1.0, 1.0, 1.0, 1.0]",pure_ml,"{""accelerate"": true}",100.0,hybrid
green,0.5580359449285305,0.49553089253012006,-2.4335590090059616,5.0,"[1.0, 1.0, 1.0, 1.0, 1.0, 1.0, 1.0]",pure_ml,"{""accelerate"": true}",100.0,hybrid
green,0.5621988538098331,0.4952655122304833,-2.4335590090059616,5.0,"[1.0, 1.0, 1.0, 1.0, 1.0, 1.0, 1.0]",pure_ml,"{""accelerate"": true}",100.0,hybrid
green,0.5663617626911358,0.4950001319308466,-2.4335590090059616,5.0,"[1.0, 1.0, 1.0, 1.0, 1.0, 1.0, 1.0]",pure_ml,"{""accelerate"": true}",100.0,hybrid
green,0.5705246715724386,0.4947347516312098,-2.4335590090059616,5.0,"[1.0, 1.0, 1.0, 1.0, 1.0, 1.0, 1.0]",pure_ml,"{""accelerate"": true}",100.0,hybrid
green,0.5746875804537412,0.49446937133157304,-2.4335590090059616,5.0,"[1.0, 1.0, 1.0, 1.0, 1.0, 1.0, 1.0]",pure_ml,"{""accelerate"": true}",100.0,hybrid
green,0.5788504893350439,0.4942039910319363,-2.4335590090059616,5.0,"[1.0, 1.0, 1.0, 1.0, 1.0, 1.0, 1.0]",pure_ml,"{""accelerate"": true}",100.0,hybrid
green,0.5830133982163466,0.49393861073229955,-2.4335590090059616,5.0,"[1.0, 1.0, 1.0, 1.0, 1.0, 1.0, 1.0]",pure_ml,"{""accelerate"": true}",100.0,hybrid
green,0.5871763070976492,0.4961732304326628,4.20361466929877,5.0,"[1.0, 1.0, 1.0, 1.0, 1.0, 1.0, 1.0]",pure_ml,"{""accelerate"": true}",100.0,hybrid
green,0.5913317648259706,0.4966313624041537,4.20361466929877,5.0,"[1.0, 1.0, 1.0, 1.0, 1.0, 1.0, 1.0]",pure_ml,"{""accelerate"": true}",100.0,hybrid
green,0.5954872225542919,0.49708949437564454,4.20361466929877,5.0,"[1.0, 1.0, 1.0, 1.0, 1.0, 1.0, 1.0]",pure_ml,"{""accelerate"": true}",100.0,hybrid
green,0.5996426802826132,0.49754762634713545,4.20361466929877,5.0,"[1.0, 1.0, 1.0, 1.0, 1.0, 1.0, 1.0]",pure_ml,"{""accelerate"": true}",100.0,hybrid
green,0.6037981380109345,0.4980057583186263,4.20361466929877,5.0,"[1.0, 1.0, 1.0, 1.0, 1.0, 1.0, 1.0]",pure_ml,"{""accelerate"": true}",100.0,hybrid
green,0.6079535957392559,0.4984638902901172,4.20361466929877,5.0,"[1.0, 1.0, 1.0, 1.0, 1.0, 1.0, 1.0]",pure_ml,"{""accelerate"": true}",100.0,hybrid
green,0.6121090534675772,0.49892202226160803,4.20361466929877,5.0,"[1.0, 1.0, 1.0, 1.0, 1.0, 1.0, 1.0]",pure_ml,"{""accelerate"": true}",100.0,hybrid
green,0.6162645111958985,0.4993801542330989,4.20361466929877,5.0,"[1.0, 1.0, 1.0, 1.0, 1.0, 1.0, 1.0]",pure_ml,"{""accelerate"": true}",100.0,hybrid
green,0.6204199689242198,0.4998382862045898,4.20361466929877,5.0,"[1.0, 1.0, 1.0, 1.0, 1.0, 1.0, 1.0]",pure_ml,"{""accelerate"": true}",100.0,hybrid
green,0.6245754266525412,0.5002964181760806,4.20361466929877,5.0,"[1.0, 1.0, 1.0, 1.0, 1.0, 1.0, 1.0]",pure_ml,"{""accelerate"": true}",100.0,hybrid
green,0.6287308843808624,0.5007545501475715,4.20361466929877,5.0,"[1.0, 1.0, 1.0, 1.0, 1.0, 1.0, 1.0]",pure_ml,"{""accelerate"": true}",100.0,hybrid
green,0.6328863421091838,0.5012126821190624,4.20361466929877,5.0,"[1.0, 1.0, 1.0, 1.0, 1.0, 1.0, 1.0]",pure_ml,"{""accelerate"": true}",100.0,hybrid
green,0.6370417998375051,0.5016708140905533,4.20361466929877,5.0,"[1.0, 1.0, 1.0, 1.0, 1.0, 1.0, 1.0]",pure_ml,"{""accelerate"": true}",100.0,hybrid
green,0.6411972575658265,0.5021289460620442,4.20361466929877,5.0,"[1.0, 1.0, 1.0, 1.0, 1.0, 1.0, 1.0]",pure_ml,"{""accelerate"": true}",100.0,hybrid
green,0.6453527152941477,0.502587078033535,4.20361466929877,5.0,"[1.0, 1.0, 1.0, 1.0, 1.0, 1.0, 1.0]",pure_ml,"{""accelerate"": true}",100.0,hybrid
green,0.6495081730224691,0.5030452100050259,4.20361466929877,5.0,"[1.0, 1.0, 1.0, 1.0, 1.0, 1.0, 1.0]",pure_ml,"{""accelerate"": true}",100.0,hybrid
green,0.6536636307507904,0.5035033419765168,4.20361466929877,5.0,"[1.0, 1.0, 1.0, 1.0, 1.0, 1.0, 1.0]",pure_ml,"{""accelerate"": true}",100.0,hybrid
green,0.6578190884791117,0.5039614739480076,4.20361466929877,5.0,"[1.0, 1.0, 1.0, 1.0, 1.0, 1.0, 1.0]",pure_ml,"{""accelerate"": true}",100.0,hybrid
green,0.661974546207433,0.5044196059194985,4.20361466929877,4.95,"[1.0, 1.0, 1.0, 1.0, 1.0, 1.0, 1.0]",pure_ml,"{""turn_left"": true}",79.1,hybrid
green,0.6660975189349945,0.5042256420117333,-1.7963853307012299,5.0,"[1.0, 1.0, 1.0, 1.0, 1.0, 1.0, 0.9933333333333333]",pure_ml,"{""accelerate"": true}",100.0,hybrid
green,0.6702621378517232,0.5040297188725765,-1.7963853307012299,5.0,"[1.0, 1.0, 1.0, 1.0, 1.0, 1.0, 0.9933333333333333]",pure_ml,"{""accelerate"": true}",100.0,hybrid
green,0.6744267567684518,0.5038337957334197,-1.7963853307012299,5.0,"[1.0, 1.0, 1.0, 1.0, 1.0, 1.0, 0.9866666666666667]",pure_ml,"{""accelerate"": true}",100.0,hybrid
green,0.6785913756851805,0.5036378725942628,-1.7963853307012299,5.0,"[1.0, 1.0, 1.0, 1.0, 1.0, 1.0, 0.9933333333333333]",pure_ml,"{""accelerate"": true}",100.0,hybrid
green,0.6827559946019092,0.5034419494551061,-1.7963853307012299,5.0,"[1.0, 1.0, 1.0, 1.0, 1.0, 1.0, 0.9866666666666667]",pure_ml,"{""accelerate"": true}",100.0,hybrid
green,0.6869206135186378,0.5032460263159493,-1.7963853307012299,5.0,"[1.0, 1.0, 1.0, 1.0, 1.0, 1.0, 0.9866666666666667]",pure_ml,"{""accelerate"": true}",100.0,hybrid
green,0.6910852324353665,0.5030501031767924,-1.7963853307012299,5.0,"[1.0, 1.0, 1.0, 1.0, 1.0, 1.0, 0.98]",pure_ml,"{""accelerate"": true}",100.0,hybrid
green,0.6952498513520952,0.5028541800376357,-1.7963853307012299,5.0,"[1.0, 1.0, 1.0, 1.0, 1.0, 1.0, 0.98]",pure_ml,"{""accelerate"": true}",100.0,hybrid
green,0.6994144702688239,0.5026582568984789,-1.7963853307012299,4.7,"[1.0, 1.0, 1.0, 1.0, 1.0, 1.0, 1.0]",pure_ml,"{""brake"": true}",77.6,hybrid
green,0.7033292120505489,0.5024740891476714,-1.7963853307012299,4.9,"[1.0, 1.0, 1.0, 1.0, 1.0, 1.0, 1.0]",pure_ml,"{""accelerate"": true}",99.2,hybrid
green,0.707410538588943,0.5022820844712979,-1.7963853307012299,5.0,"[1.0, 1.0, 1.0, 1.0, 1.0, 1.0, 1.0]",pure_ml,"{""accelerate"": true}",100.0,hybrid
green,0.7115751575056716,0.502086161332141,-1.7963853307012299,5.0,"[1.0, 1.0, 1.0, 1.0, 1.0, 1.0, 1.0]",pure_ml,"{""accelerate"": true}",100.0,hybrid
green,0.7157397764224003,0.5018902381929842,-1.7963853307012299,5.0,"[1.0, 1.0, 1.0, 1.0, 1.0, 1.0, 1.0]",pure_ml,"{""accelerate"": true}",100.0,hybrid
green,0.719904395339129,0.5016943150538274,-1.7963853307012299,5.0,"[1.0, 1.0, 1.0, 1.0, 1.0, 1.0, 1.0]",pure_ml,"{""accelerate"": true}",100.0,hybrid
green,0.7240690142558577,0.5014983919146706,-1.7963853307012299,5.0,"[1.0, 1.0, 1.0, 1.0, 1.0, 1.0, 1.0]",pure_ml,"{""accelerate"": true}",100.0,hybrid
green,0.7282336331725863,0.5013024687755138,-1.7963853307012299,5.0,"[1.0, 1.0, 1.0, 1.0, 1.0, 1.0, 1.0]",pure_ml,"{""accelerate"": true}",100.0,hybrid
green,0.732398252089315,0.501106545636357,-1.7963853307012299,5.0,"[1.0, 1.0, 1.0, 1.0, 1.0, 1.0, 1.0]",pure_ml,"{""accelerate"": true}",100.0,hybrid
green,0.7365628710060437,0.5009106224972002,-1.7963853307012299,5.0,"[1.0, 1.0, 1.0, 1.0, 1.0, 1.0, 1.0]",pure_ml,"{""accelerate"": true}",100.0,hybrid
green,0.7407274899227723,0.5007146993580434,-1.7963853307012299,5.0,"[1.0, 1.0, 1.0, 1.0, 1.0, 1.0, 1.0]",pure_ml,"{""accelerate"": true}",100.0,hybrid
green,0.744892108839501,0.5005187762188865,-1.7963853307012299,5.0,"[1.0, 1.0, 1.0, 1.0, 1.0, 1.0, 1.0]",pure_ml,"{""accelerate"": true}",100.0,hybrid
green,0.7490567277562297,0.5003228530797298,-1.7963853307012299,5.0,"[1.0, 1.0, 1.0, 1.0, 1.0, 1.0, 1.0]",pure_ml,"{""accelerate"": true}",100.0,hybrid
green,0.7532213466729584,0.500126929940573,-1.7963853307012299,5.0,"[1.0, 1.0, 1.0, 1.0, 1.0, 1.0, 1.0]",pure_ml,"{""accelerate"": true}",100.0,hybrid
green,0.757385965589687,0.49993100680141617,-1.7963853307012299,5.0,"[1.0, 1.0, 1.0, 1.0, 1.0, 1.0, 1.0]",pure_ml,"{""accelerate"": true}",100.0,hybrid
green,0.7615505845064157,0.4997350836622594,-1.7963853307012299,5.0,"[1.0, 1.0, 1.0, 1.0, 1.0, 1.0, 1.0]",pure_ml,"{""accelerate"": true}",100.0,hybrid
green,0.7657152034231444,0.49953916052310254,-1.7963853307012299,5.0,"[1.0, 1.0, 1.0, 1.0, 1.0, 1.0, 1.0]",pure_ml,"{""accelerate"": true}",100.0,hybrid
green,0.769879822339873,0.49934323738394576,-1.7963853307012299,5.0,"[1.0, 1.0, 1.0, 1.0, 1.0, 1.0, 1.0]",pure_ml,"{""accelerate"": true}",100.0,hybrid
green,0.7740444412566017,0.4991473142447889,-1.7963853307012299,5.0,"[1.0, 1.0, 1.0, 1.0, 1.0, 1.0, 1.0]",pure_ml,"{""accelerate"": true}",100.0,hybrid
green,0.7782090601733304,0.49895139110563214,-1.7963853307012299,5.0,"[1.0, 1.0, 1.0, 1.0, 1.0, 1.0, 1.0]",pure_ml,"{""accelerate"": true}",100.0,hybrid
green,0.7823736790900591,0.49875546796647535,-1.7963853307012299,5.0,"[1.0, 1.0, 1.0, 1.0, 1.0, 1.0, 1.0]",pure_ml,"{""accelerate"": true}",100.0,hybrid
green,0.7865382980067877,0.4985595448273185,-1.7963853307012299,5.0,"[1.0, 1.0, 1.0, 1.0, 1.0, 1.0, 1.0]",pure_ml,"{""accelerate"": true}",100.0,hybrid
green,0.7907029169235164,0.49836362168816173,-1.7963853307012299,5.0,"[1.0, 1.0, 1.0, 1.0, 1.0, 1.0, 1.0]",pure_ml,"{""accelerate"": true}",100.0,hybrid
green,0.794867535840245,0.49816769854900494,-1.7963853307012299,5.0,"[1.0, 1.0, 1.0, 1.0, 1.0, 1.0, 1.0]",pure_ml,"{""accelerate"": true}",100.0,hybrid
green,0.7990321547569738,0.4979717754098481,-1.7963853307012299,5.0,"[1.0, 1.0, 1.0, 1.0, 1.0, 1.0, 1.0]",pure_ml,"{""accelerate"": true}",100.0,hybrid
green,0.8031967736737023,0.4977758522706913,-1.7963853307012299,5.0,"[1.0, 1.0, 1.0, 1.0, 1.0, 1.0, 1.0]",pure_ml,"{""accelerate"": true}",100.0,hybrid
green,0.807361392590431,0.49757992913153454,-1.7963853307012299,5.0,"[1.0, 1.0, 1.0, 1.0, 1.0, 1.0, 1.0]",pure_ml,"{""accelerate"": true}",100.0,hybrid
green,0.8115260115071598,0.4973840059923777,-1.7963853307012299,5.0,"[1.0, 1.0, 1.0, 1.0, 1.0, 1.0, 1.0]",pure_ml,"{""accelerate"": true}",100.0,hybrid
green,0.8156906304238883,0.4971880828532209,-1.7963853307012299,5.0,"[1.0, 1.0, 1.0, 1.0, 1.0, 1.0, 1.0]",pure_ml,"{""accelerate"": true}",100.0,hybrid
green,0.819855249340617,0.4969921597140641,-1.7963853307012299,5.0,"[1.0, 1.0, 1.0, 1.0, 1.0, 1.0, 1.0]",pure_ml,"{""accelerate"": true}",100.0,hybrid
green,0.8240198682573457,0.4967962365749073,-1.7963853307012299,5.0,"[1.0, 1.0, 1.0, 1.0, 1.0, 1.0, 1.0]",pure_ml,"{""accelerate"": true}",100.0,hybrid
green,0.8281844871740744,0.4966003134357505,-1.7963853307012299,5.0,"[1.0, 1.0, 1.0, 1.0, 1.0, 1.0, 1.0]",pure_ml,"{""accelerate"": true}",100.0,hybrid
green,0.832349106090803,0.49640439029659367,-1.7963853307012299,5.0,"[1.0, 1.0, 1.0, 1.0, 1.0, 1.0, 1.0]",pure_ml,"{""accelerate"": true}",100.0,hybrid
green,0.8365137250075317,0.4962084671574369,-1.7963853307012299,5.0,"[1.0, 1.0, 1.0, 1.0, 1.0, 1.0, 1.0]",pure_ml,"{""accelerate"": true}",100.0,hybrid
green,0.8406783439242604,0.4960125440182801,-1.7963853307012299,5.0,"[1.0, 1.0, 1.0, 1.0, 1.0, 1.0, 1.0]",pure_ml,"{""accelerate"": true}",100.0,hybrid
green,0.844842962840989,0.49581662087912326,-1.7963853307012299,5.0,"[1.0, 1.0, 1.0, 1.0, 1.0, 1.0, 1.0]",pure_ml,"{""accelerate"": true}",100.0,hybrid
green,0.8490075817577177,0.4956206977399665,-1.7963853307012299,5.0,"[1.0, 1.0, 1.0, 1.0, 1.0, 1.0, 1.0]",pure_ml,"{""accelerate"": true}",100.0,hybrid
green,0.8531722006744464,0.4954247746008097,-1.7963853307012299,5.0,"[1.0, 1.0, 1.0, 1.0, 1.0, 1.0, 1.0]",pure_ml,"{""accelerate"": true}",100.0,hybrid
green,0.8573368195911751,0.49522885146165285,-1.7963853307012299,5.0,"[1.0, 1.0, 1.0, 1.0, 1.0, 1.0, 1.0]",pure_ml,"{""accelerate"": true}",100.0,hybrid
green,0.861501438507904,0.49503292832249607,-1.7963853307012299,5.0,"[1.0, 1.0, 1.0, 1.0, 1.0, 1.0, 0.9266666666666666]",pure_ml,"{""accelerate"": true}",100.0,hybrid
green,0.8656660574246328,0.4948370051833393,-1.7963853307012299,5.0,"[1.0, 1.0, 1.0, 1.0, 1.0, 1.0, 0.9333333333333333]",pure_ml,"{""accelerate"": true}",100.0,hybrid
green,0.8698306763413615,0.49464108204418245,-1.7963853307012299,5.0,"[1.0, 1.0, 1.0, 1.0, 1.0, 1.0, 0.9333333333333333]",pure_ml,"{""accelerate"": true}",100.0,hybrid
green,0.8739952952580903,0.49444515890502566,-1.7963853307012299,5.0,"[1.0, 1.0, 1.0, 1.0, 1.0, 1.0, 0.9333333333333333]",pure_ml,"{""accelerate"": true}",100.0,hybrid
green,0.878159914174819,0.4942492357658688,-1.7963853307012299,5.0,"[1.0, 1.0, 1.0, 1.0, 1.0, 1.0, 0.9333333333333333]",pure_ml,"{""accelerate"": true}",100.0,hybrid
green,0.8823245330915478,0.49405331262671204,-1.7963853307012299,5.0,"[1.0, 1.0, 1.0, 1.0, 1.0, 1.0, 0.9333333333333333]",pure_ml,"{""accelerate"": true}",100.0,hybrid
green,0.8864891520082765,0.49385738948755525,-1.7963853307012299,5.0,"[1.0, 1.0, 1.0, 1.0, 1.0, 1.0, 0.9266666666666666]",pure_ml,"{""accelerate"": true}",100.0,hybrid
green,0.8906537709250053,0.4961614663483984,4.816230413610146,4.95,"[1.0, 1.0, 1.0, 1.0, 1.0, 1.0, 0.9266666666666666]",pure_ml,"{""turn_right"": true}",79.1,hybrid
green,0.894705486715521,0.4973226098985213,10.816230413610146,5.0,"[1.0, 1.0, 1.0, 1.0, 1.0, 1.0, 0.9333333333333333]",pure_ml,"{""accelerate"": true}",100.0,hybrid
green,0.8987981289281631,0.49849548217137263,10.816230413610146,5.0,"[1.0, 1.0, 1.0, 1.0, 1.0, 1.0, 0.9266666666666666]",pure_ml,"{""accelerate"": true}",100.0,hybrid
green,0.9028907711408052,0.4996683544442239,10.816230413610146,5.0,"[1.0, 1.0, 1.0, 1.0, 1.0, 1.0, 0.92]",pure_ml,"{""accelerate"": true}",100.0,hybrid
green,0.9069834133534472,0.5008412267170752,10.816230413610146,5.0,"[1.0, 1.0, 1.0, 1.0, 1.0, 1.0, 0.9066666666666666]",pure_ml,"{""accelerate"": true}",100.0,hybrid
green,0.9110760555660894,0.5020140989899265,10.816230413610146,5.0,"[1.0, 1.0, 1.0, 1.0, 1.0, 1.0, 0.9]",pure_ml,"{""accelerate"": true}",100.0,hybrid
green,0.9151686977787314,0.5031869712627779,10.816230413610146,5.0,"[1.0, 1.0, 1.0, 1.0, 1.0, 1.0, 0.8933333333333333]",pure_ml,"{""accelerate"": true}",100.0,hybrid
green,0.9192613399913735,0.5043598435356292,10.816230413610146,5.0,"[1.0, 1.0, 1.0, 1.0, 1.0, 1.0, 0.8866666666666667]",pure_ml,"{""accelerate"": true}",100.0,hybrid
green,0.9233539822040157,0.5055327158084806,10.816230413610146,5.0,"[1.0, 1.0, 1.0, 1.0, 1.0, 1.0, 0.88]",pure_ml,"{""accelerate"": true}",100.0,hybrid
green,0.9274466244166577,0.5042055880813319,3.9117976312354,5.0,"[1.0, 1.0, 1.0, 1.0, 1.0, 1.0, 0.8733333333333333]",pure_ml,"{""accelerate"": true}",100.0,hybrid
green,0.9316035838034359,0.5046319675807479,3.9117976312354,5.0,"[1.0, 1.0, 1.0, 1.0, 1.0, 1.0, 1.0]",pure_ml,"{""accelerate"": true}",100.0,hybrid
green,0.9357605431902141,0.5050583470801638,3.9117976312354,5.0,"[1.0, 1.0, 1.0, 1.0, 1.0, 1.0, 1.0]",pure_ml,"{""accelerate"": true}",100.0,hybrid
green,0.9399175025769922,0.5054847265795799,3.9117976312354,5.0,"[1.0, 1.0, 1.0, 1.0, 1.0, 1.0, 1.0]",pure_ml,"{""accelerate"": true}",100.0,hybrid
green,0.9440744619637704,0.5059111060789959,3.9117976312354,5.0,"[1.0, 1.0, 1.0, 1.0, 1.0, 1.0, 1.0]",pure_ml,"{""accelerate"": true}",100.0,hybrid
green,0.9482314213505486,0.5038374855784119,-2.780168036231979,5.0,"[1.0, 1.0, 1.0, 1.0, 1.0, 1.0, 1.0]",pure_ml,"{""accelerate"": true}",100.0,hybrid
green,0.9523931837923366,0.5035343352843702,-2.780168036231979,5.0,"[1.0, 1.0, 1.0, 1.0, 1.0, 1.0, 1.0]",pure_ml,"{""accelerate"": true}",100.0,hybrid
green,0.9565549462341245,0.5032311849903285,-2.780168036231979,5.0,"[1.0, 1.0, 1.0, 1.0, 1.0, 1.0, 1.0]",pure_ml,"{""accelerate"": true}",100.0,hybrid
green,0.9607167086759125,0.5029280346962868,-2.780168036231979,5.0,"[1.0, 1.0, 1.0, 1.0, 1.0, 1.0, 1.0]",pure_ml,"{""accelerate"": true}",100.0,hybrid
green,0.9648784711177004,0.5026248844022451,-2.780168036231979,5.0,"[1.0, 1.0, 1.0, 1.0, 1.0, 1.0, 1.0]",pure_ml,"{""accelerate"": true}",100.0,hybrid
green,0.9690402335594884,0.5023217341082034,-2.780168036231979,5.0,"[1.0, 1.0, 1.0, 1.0, 1.0, 1.0, 1.0]",pure_ml,"{""accelerate"": true}",100.0,hybrid
green,0.9732019960012763,0.5020185838141615,-2.780168036231979,5.0,"[1.0, 1.0, 1.0, 1.0, 1.0, 1.0, 1.0]",pure_ml,"{""accelerate"": true}",100.0,hybrid
green,0.9773637584430643,0.5017154335201198,-2.780168036231979,5.0,"[1.0, 1.0, 1.0, 1.0, 1.0, 1.0, 1.0]",pure_ml,"{""accelerate"": true}",100.0,hybrid
green,0.9815255208848522,0.5014122832260781,-2.780168036231979,5.0,"[1.0, 1.0, 1.0, 1.0, 1.0, 1.0, 1.0]",pure_ml,"{""accelerate"": true}",100.0,hybrid
green,0.9856872833266402,0.5011091329320364,-2.780168036231979,5.0,"[1.0, 1.0, 1.0, 1.0, 1.0, 1.0, 1.0]",pure_ml,"{""accelerate"": true}",100.0,hybrid
green,0.9898490457684281,0.5008059826379947,-2.780168036231979,5.0,"[1.0, 1.0, 1.0, 1.0, 1.0, 1.0, 1.0]",pure_ml,"{""accelerate"": true}",85.0,hybrid
green,0.9940108082102161,0.500502832343953,-2.780168036231979,5.0,"[1.0, 1.0, 1.0, 1.0, 1.0, 1.0, 1.0]",pure_ml,"{""accelerate"": true}",85.0,hybrid
green,0.998172570652004,0.5001996820499113,-2.780168036231979,5.0,"[1.0, 1.0, 1.0, 1.0, 1.0, 1.0, 1.0]",pure_ml,"{""accelerate"": true}",85.0,hybrid
green,1.002334333093792,0.49989653175586957,-2.780168036231979,5.0,"[1.0, 1.0, 1.0, 1.0, 1.0, 1.0, 1.0]",pure_ml,"{""accelerate"": true}",85.0,hybrid
green,1.00649609553558,0.49959338146182786,-2.780168036231979,5.0,"[1.0, 1.0, 1.0, 1.0, 1.0, 1.0, 1.0]",pure_ml,"{""accelerate"": true}",85.0,hybrid
green,1.010657857977368,0.49929023116778615,-2.780168036231979,5.0,"[1.0, 1.0, 1.0, 1.0, 1.0, 1.0, 1.0]",pure_ml,"{""accelerate"": true}",85.0,hybrid
green,-0.0125,0.49898708087374444,-55.79611418819614,5.0,"[1.0, 1.0, 1.0, 1.0, 1.0, 1.0, 1.0]",pure_ml,"{""accelerate"": true}",-30.0,hybrid
green,-0.010157752211092823,0.4938180655502463,-55.79611418819614,5.0,"[1.0, 1.0, 1.0, 1.0, 1.0, 1.0, 1.0]",pure_ml,"{""accelerate"": true}",-30.0,hybrid
green,-0.007815504422185645,0.4911490502267482,-50.22417206323193,5.0,"[1.0, 1.0, 1.0, 1.0, 1.0, 1.0, 1.0]",pure_ml,"{""accelerate"": true}",-30.0,hybrid
green,-0.005149731432723904,0.4888455908140461,-44.14025056674686,5.0,"[1.0, 1.0, 1.0, 1.0, 1.0, 1.0, 1.0]",pure_ml,"{""accelerate"": true}",70.0,hybrid
green,-0.0021595762725545873,0.48699298386352163,-37.63103682418475,5.0,"[1.0, 1.0, 1.0, 1.0, 1.0, 1.0, 1.0]",pure_ml,"{""accelerate"": true}",58.0,hybrid
green,0.0011402529552963824,0.48567689477902737,-30.808690402558078,5.0,"[1.0, 1.0, 1.0, 1.0, 1.0, 1.0, 1.0]",pure_ml,"{""accelerate"": true}",58.0,hybrid
green,0.0047189288818225575,0.4849758126371526,-23.79835946531927,5.0,"[1.0, 1.0, 1.0, 1.0, 1.0, 1.0, 1.0]",pure_ml,"{""accelerate"": true}",58.0,hybrid
green,0.008531308973818198,0.48495381827220063,-16.72496140704719,5.0,"[1.0, 1.0, 1.0, 1.0, 1.0, 1.0, 1.0]",pure_ml,"{""accelerate"": true}",58.0,hybrid
green,0.012521714027280422,0.4856552071702856,-9.702453947318025,5.0,"[1.0, 1.0, 1.0, 1.0, 1.0, 1.0, 1.0]",pure_ml,"{""accelerate"": true}",88.0,hybrid
green,0.016628781743428682,0.4871018846917973,-2.82716542110842,5.0,"[1.0, 1.0, 1.0, 1.0, 1.0, 1.0, 1.0]",pure_ml,"{""accelerate"": true}",88.0,hybrid
green,0.020790377010640272,0.4892936139150041,3.8248979535254355,5.0,"[1.0, 1.0, 1.0, 1.0, 1.0, 1.0, 1.0]",pure_ml,"{""accelerate"": true}",100.0,hybrid
green,0.024947762738456156,0.4922105357276305,10.197772403999913,5.0,"[1.0, 1.0, 1.0, 1.0, 1.0, 1.0, 1.0]",pure_ml,"{""accelerate"": true}",100.0,hybrid
green,0.02904860645546693,0.49581707620111987,16.25348066418927,5.0,"[1.0, 1.0, 1.0, 1.0, 1.0, 1.0, 1.0]",pure_ml,"{""accelerate"": true}",85.0,hybrid
green,0.033048743344081914,0.4975663720488165,16.25348066418927,5.0,"[1.0, 1.0, 1.0, 0.8733333333333333, 1.0, 1.0, 1.0]",pure_ml,"{""accelerate"": true}",85.0,hybrid
green,0.03704888023269689,0.49931566789651316,16.25348066418927,5.0,"[1.0, 1.0, 1.0, 0.8333333333333334, 1.0, 1.0, 1.0]",pure_ml,"{""accelerate"": true}",85.0,hybrid
green,0.041049017121311863,0.5010649637442097,16.25348066418927,5.0,"[1.0, 1.0, 1.0, 0.7933333333333333, 1.0, 1.0, 1.0]",pure_ml,"{""accelerate"": true}",82.0,hybrid
green,0.045049154009926845,0.5028142595919064,16.25348066418927,5.0,"[1.0, 1.0, 1.0, 0.7533333333333333, 1.0, 1.0, 1.0]",pure_ml,"{""accelerate"": true}",82.0,hybrid
green,0.04904929089854182,0.5045635554396031,16.25348066418927,5.0,"[1.0, 1.0, 1.0, 0.72, 1.0, 1.0, 1.0]",pure_ml,"{""accelerate"": true}",82.0,hybrid
green,0.053049427787156794,0.5038128512872997,9.238017837435606,5.0,"[1.0, 1.0, 1.0, 0.7, 1.0, 1.0, 1.0]",pure_ml,"{""accelerate"": true}",97.0,hybrid
green,0.05716205262373414,0.504816202245602,9.238017837435606,5.0,"[1.0, 1.0, 1.0, 1.0, 0.72, 1.0, 1.0]",pure_ml,"{""accelerate"": true}",97.0,hybrid
green,0.06127467746031148,0.5058195532039044,9.238017837435606,5.0,"[1.0, 1.0, 1.0, 1.0, 0.68, 1.0, 1.0]",pure_ml,"{""accelerate"": true}",97.0,hybrid
green,0.06538730229688883,0.5043229041622067,2.3754900975718476,5.0,"[1.0, 1.0, 1.0, 1.0, 0.6333333333333333, 1.0, 1.0]",pure_ml,"{""accelerate"": true}",92.0,hybrid
green,0.06955038834766196,0.5045819557037594,2.3754900975718476,5.0,"[1.0, 1.0, 1.0, 1.0, 0.5533333333333333, 1.0, 1.0]",pure_ml,"{""accelerate"": true}",92.0,hybrid
green,0.07371347439843509,0.5048410072453122,2.3754900975718476,5.0,"[1.0, 1.0, 1.0, 1.0, 0.5333333333333333, 1.0, 1.0]",pure_ml,"{""accelerate"": true}",92.0,hybrid
green,0.07787656044920821,0.5051000587868649,2.3754900975718476,5.0,"[1.0, 1.0, 1.0, 1.0, 0.5266666666666666, 1.0, 1.0]",pure_ml,"{""accelerate"": true}",42.0,hybrid
green,0.08203964649998134,0.5053591103284176,2.3754900975718476,5.0,"[1.0, 1.0, 1.0, 1.0, 0.54, 0.5666666666666667, 1.0]",pure_ml,"{""accelerate"": true}",92.0,hybrid
green,0.08620273255075447,0.5056181618699704,2.3754900975718476,5.0,"[1.0, 1.0, 1.0, 1.0, 0.5533333333333333, 0.5133333333333333, 1.0]",pure_ml,"{""accelerate"": true}",42.0,hybrid
green,0.0903658186015276,0.5058772134115231,2.3754900975718476,5.0,"[1.0, 1.0, 1.0, 1.0, 0.5533333333333333, 0.46, 1.0]",pure_ml,"{""accelerate"": true}",42.0,hybrid
green,0.09452890465230074,0.506136264953076,2.3754900975718476,5.0,"[1.0, 1.0, 1.0, 1.0, 1.0, 0.4, 1.0]",pure_ml,"{""accelerate"": true}",42.0,hybrid
green,0.09869199070307386,0.5038953164946287,-4.25946866925478,5.0,"[1.0, 1.0, 1.0, 1.0, 1.0, 0.3466666666666667, 1.0]",pure_ml,"{""accelerate"": true}",-58.0,hybrid
green,0.10284714872121178,0.5034311084058534,-4.25946866925478,5.0,"[1.0, 1.0, 1.0, 1.0, 1.0, 0.4, 1.0]",pure_ml,"{""accelerate"": true}",42.0,hybrid
green,0.1070023067393497,0.5029669003170781,-4.25946866925478,5.0,"[1.0, 1.0, 1.0, 1.0, 1.0, 0.4066666666666667, 1.0]",pure_ml,"{""accelerate"": true}",42.0,hybrid
green,0.11115746475748763,0.5025026922283028,-4.25946866925478,5.0,"[1.0, 1.0, 1.0, 1.0, 1.0, 0.42, 1.0]",pure_ml,"{""accelerate"": true}",42.0,hybrid
green,0.11531262277562554,0.5020384841395276,-4.25946866925478,5.0,"[1.0, 1.0, 1.0, 1.0, 1.0, 1.0, 1.0]",pure_ml,"{""accelerate"": true}",100.0,hybrid
green,0.11946778079376347,0.5015742760507522,-4.25946866925478,5.0,"[1.0, 1.0, 1.0, 1.0, 1.0, 1.0, 1.0]",pure_ml,"{""accelerate"": true}",100.0,hybrid
green,0.12362293881190138,0.501110067961977,-4.25946866925478,5.0,"[1.0, 1.0, 1.0, 1.0, 1.0, 1.0, 0.29333333333333333]",pure_ml,"{""accelerate"": true}",-58.0,hybrid
green,0.1277780968300393,0.5006458598732018,-4.25946866925478,5.0,"[1.0, 1.0, 1.0, 1.0, 1.0, 1.0, 0.30666666666666664]",pure_ml,"{""accelerate"": true}",-58.0,hybrid
green,0.13193325484817722,0.5001816517844264,-4.25946866925478,5.0,"[1.0, 1.0, 1.0, 1.0, 1.0, 1.0, 0.30666666666666664]",pure_ml,"{""accelerate"": true}",-58.0,hybrid
green,0.13608841286631515,0.49971744369565113,-4.25946866925478,5.0,"[1.0, 1.0, 1.0, 1.0, 1.0, 1.0, 0.31333333333333335]",pure_ml,"{""accelerate"": true}",-58.0,hybrid
green,0.14024357088445305,0.4992532356068759,-4.25946866925478,5.0,"[1.0, 1.0, 1.0, 1.0, 1.0, 1.0, 0.32666666666666666]",pure_ml,"{""accelerate"": true}",-58.0,hybrid
green,0.14439872890259098,0.4987890275181006,-4.25946866925478,4.95,"[1.0, 1.0, 1.0, 1.0, 1.0, 1.0, 0.3333333333333333]",pure_ml,"{""turn_left"": true}",-78.9,hybrid
green,0.14845777542168365,0.4976869956217182,-10.25946866925478,5.0,"[1.0, 1.0, 1.0, 1.0, 1.0, 1.0, 1.0]",pure_ml,"{""accelerate"": true}",100.0,hybrid
green,0.15255782241066612,0.49657383209001876,-10.25946866925478,5.0,"[1.0, 1.0, 1.0, 1.0, 1.0, 1.0, 1.0]",pure_ml,"{""accelerate"": true}",100.0,hybrid
green,0.1566578693996486,0.4954606685583194,-10.25946866925478,5.0,"[1.0, 1.0, 1.0, 1.0, 1.0, 1.0, 1.0]",pure_ml,"{""accelerate"": true}",100.0,hybrid
green,0.1607579163886311,0.49434750502662,-10.25946866925478,5.0,"[1.0, 1.0, 1.0, 1.0, 1.0, 1.0, 1.0]",pure_ml,"{""accelerate"": true}",100.0,hybrid
green,0.16485796337761358,0.49573434149492057,-3.3693454260557605,5.0,"[1.0, 1.0, 1.0, 1.0, 1.0, 1.0, 1.0]",pure_ml,"{""accelerate"": true}",100.0,hybrid
green,0.16901742760818753,0.49536701472242006,-3.3693454260557605,5.0,"[1.0, 1.0, 0.9533333333333334, 1.0, 1.0, 1.0, 1.0]",pure_ml,"{""accelerate"": true}",100.0,hybrid
green,0.1731768918387615,0.49499968794991955,-3.3693454260557605,5.0,"[1.0, 1.0, 0.9133333333333333, 1.0, 1.0, 1.0, 1.0]",pure_ml,"{""accelerate"": true}",100.0,hybrid
green,0.17733635606933545,0.49463236117741904,-3.3693454260557605,5.0,"[1.0, 1.0, 0.8866666666666667, 1.0, 1.0, 1.0, 1.0]",pure_ml,"{""accelerate"": true}",100.0,hybrid
green,0.18149582029990943,0.4942650344049186,-3.3693454260557605,5.0,"[1.0, 1.0, 0.8466666666666667, 1.0, 1.0, 1.0, 1.0]",pure_ml,"{""accelerate"": true}",100.0,hybrid
green,0.18565528453048338,0.4938977076324181,-3.3693454260557605,5.0,"[1.0, 1.0, 0.82, 1.0, 1.0, 1.0, 1.0]",pure_ml,"{""accelerate"": true}",100.0,hybrid
green,0.18981474876105736,0.4960303808599176,3.3028725812873985,4.95,"[1.0, 1.0, 0.78, 1.0, 1.0, 1.0, 1.0]",pure_ml,"{""turn_left"": true}",96.1,hybrid
green,0.19393517923222936,0.495739219568648,-2.6971274187126015,5.0,"[1.0, 1.0, 0.74, 1.0, 1.0, 1.0, 1.0]",pure_ml,"{""accelerate"": true}",97.0,hybrid
green,0.19809723021321118,0.49544511725423435,-2.6971274187126015,5.0,"[1.0, 1.0, 0.7133333333333334, 1.0, 1.0, 1.0, 1.0]",pure_ml,"{""accelerate"": true}",97.0,hybrid
yellow,0.202259281194193,0.49515101493982067,-2.6971274187126015,5.0,"[1.0, 1.0, 0.7, 1.0, 1.0, 1.0, 1.0]",pure_ml,"{""accelerate"": true}",97.0,hybrid
yellow,0.20642133217517483,0.494856912625407,-2.6971274187126015,5.0,"[1.0, 1.0, 0.7066666666666667, 1.0, 1.0, 1.0, 1.0]",pure_ml,"{""accelerate"": true}",97.0,hybrid
yellow,0.21058338315615666,0.4945628103109933,-2.6971274187126015,5.0,"[1.0, 0.82, 0.72, 1.0, 1.0, 1.0, 1.0]",pure_ml,"{""accelerate"": true}",97.0,hybrid
yellow,0.21474543413713845,0.4942687079965796,-2.6971274187126015,5.0,"[1.0, 0.7666666666666667, 0.7333333333333333, 1.0, 1.0, 1.0, 1.0]",pure_ml,"{""accelerate"": true}",97.0,hybrid
yellow,0.2189074851181203,0.49397460568216595,-2.6971274187126015,5.0,"[1.0, 0.7266666666666667, 0.76, 1.0, 1.0, 1.0, 1.0]",pure_ml,"{""accelerate"": true}",97.0,hybrid
yellow,0.22306953609910216,0.49618050336775227,3.9500406434975437,5.0,"[1.0, 0.68, 1.0, 1.0, 1.0, 1.0, 1.0]",pure_ml,"{""accelerate"": true}",97.0,hybrid
yellow,0.2272263048305588,0.49661104471845396,3.9500406434975437,5.0,"[1.0, 0.5733333333333334, 1.0, 1.0, 1.0, 1.0, 1.0]",pure_ml,"{""accelerate"": true}",92.0,hybrid
yellow,0.23138307356201546,0.4970415860691557,3.9500406434975437,5.0,"[1.0, 0.5466666666666666, 1.0, 1.0, 1.0, 1.0, 1.0]",pure_ml,"{""accelerate"": true}",92.0,hybrid
yellow,0.23553984229347213,0.4974721274198574,3.9500406434975437,5.0,"[1.0, 0.56, 1.0, 1.0, 1.0, 1.0, 1.0]",pure_ml,"{""accelerate"": true}",92.0,hybrid
yellow,0.23969661102492879,0.4979026687705591,3.9500406434975437,5.0,"[1.0, 0.5733333333333334, 1.0, 1.0, 1.0, 1.0, 1.0]",pure_ml,"{""accelerate"": true}",92.0,hybrid
yellow,0.24385337975638544,0.49833321012126086,3.9500406434975437,5.0,"[1.0, 0.5866666666666667, 1.0, 1.0, 1.0, 1.0, 1.0]",pure_ml,"{""accelerate"": true}",92.0,hybrid
yellow,0.2480101484878421,0.49876375147196256,3.9500406434975437,5.0,"[1.0, 0.6, 1.0, 1.0, 1.0, 1.0, 1.0]",pure_ml,"{""accelerate"": true}",92.0,hybrid
yellow,0.2521669172192988,0.49919429282266425,3.9500406434975437,5.0,"[1.0, 1.0, 1.0, 1.0, 1.0, 1.0, 1.0]",pure_ml,"{""accelerate"": true}",100.0,hybrid
